org_id,organisation,reliefweb_type,home_country,home_income_level,posts,posts_with_country,share_of_posts_in_home_country,class,basis,reason
1979,UN Children's Fund,International Organization,United States of America,High income,20154,18013,0.095,International Organization,ReliefWeb type,
2865,Save the Children,Non-governmental Organization,United States of America,High income,18475,18161,0.004,International NGO,rule,home country is high-income (or not a country in the World Bank list)
2012,International Rescue Committee,Non-governmental Organization,United States of America,High income,15783,17101,0.419,International NGO,rule,home country is high-income (or not a country in the World Bank list)
1255,International Organization for Migration,International Organization,Switzerland,High income,15655,14984,0.086,International Organization,ReliefWeb type,
823,Agency for Technical Cooperation and Development,Non-governmental Organization,France,High income,13838,14547,0.085,International NGO,rule,home country is high-income (or not a country in the World Bank list)
522,Danish Refugee Council,Non-governmental Organization,Denmark,High income,10697,10529,0.015,International NGO,rule,home country is high-income (or not a country in the World Bank list)
1950,Humanity & Inclusion,Non-governmental Organization,Belgium; France,High income,8106,8239,0.156,International NGO,rule,home country is high-income (or not a country in the World Bank list)
1331,Norwegian Refugee Council,Non-governmental Organization,Norway,High income,7523,7477,0.06,International NGO,rule,home country is high-income (or not a country in the World Bank list)
2868,UN High Commissioner for Refugees,International Organization,Switzerland,High income,6816,6375,0.13,International Organization,ReliefWeb type,
2002,Solidarités International,Non-governmental Organization,France,High income,6659,6761,0.279,International NGO,rule,home country is high-income (or not a country in the World Bank list)
2926,World Vision,Non-governmental Organization,United States of America,High income,6217,6684,0.041,International NGO,rule,home country is high-income (or not a country in the World Bank list)
8593,Première Urgence Internationale,Non-governmental Organization,France,High income,5789,5713,0.293,International NGO,rule,home country is high-income (or not a country in the World Bank list)
1356,UNOPS,International Organization,Denmark,High income,5742,5075,0.087,International Organization,ReliefWeb type,
749,Chemonics,Other,United States of America,High income,5702,5685,0.204,Other,ReliefWeb type,
1955,Action contre la Faim France,Non-governmental Organization,France,High income,5622,5519,0.395,International NGO,rule,home country is high-income (or not a country in the World Bank list)
2904,Médecins Sans Frontières,Non-governmental Organization,Switzerland,High income,5485,5212,0.024,International NGO,rule,home country is high-income (or not a country in the World Bank list)
1929,Mercy Corps,Non-governmental Organization,United States of America,High income,5460,5312,0.115,International NGO,rule,home country is high-income (or not a country in the World Bank list)
671,COOPI - Cooperazione Internazionale,Non-governmental Organization,Italy,High income,5321,5955,0.012,International NGO,rule,home country is high-income (or not a country in the World Bank list)
2019,International Medical Corps,Non-governmental Organization,United States of America,High income,5287,5076,0.067,International NGO,rule,home country is high-income (or not a country in the World Bank list)
436,Catholic Relief Services,Non-governmental Organization,United States of America,High income,4860,4829,0.197,International NGO,rule,home country is high-income (or not a country in the World Bank list)
1339,INTERSOS,Non-governmental Organization,Italy,High income,4800,4691,0.044,International NGO,rule,home country is high-income (or not a country in the World Bank list)
3311,CTG (Committed To Good),Other,United Arab Emirates,High income,4679,4626,0.012,Other,ReliefWeb type,
1623,Management Systems International,Other,United States of America,High income,4538,4578,0.154,Other,ReliefWeb type,
1972,Oxfam GB,Non-governmental Organization,United Kingdom of Great Britain and Northern Ireland,High income,4395,4234,0.312,International NGO,rule,home country is high-income (or not a country in the World Bank list)
2866,Plan International,Non-governmental Organization,United Kingdom of Great Britain and Northern Ireland,High income,4238,3957,0.069,International NGO,rule,home country is high-income (or not a country in the World Bank list)
411,Croix-Rouge Française,Red Cross/Red Crescent Movement,France,High income,4009,4068,0.713,Red Cross/Red Crescent Movement,ReliefWeb type,
1503,UN Office for the Coordination of Humanitarian Affairs,International Organization,Switzerland; United States of America,High income,3947,3869,0.377,International Organization,ReliefWeb type,
1741,World Food Programme,International Organization,Italy,High income,3830,3773,0.129,International Organization,ReliefWeb type,
359,Concern Worldwide,Non-governmental Organization,Ireland,High income,3409,3321,0.106,International NGO,rule,home country is high-income (or not a country in the World Bank list)
8725,FHI 360,Other,United States of America,High income,3109,3067,0.24,Other,ReliefWeb type,
1457,CARE,Non-governmental Organization,Belgium; Switzerland; United Kingdom of Great Britain and Northern Ireland; United States of America,High income,3070,3064,0.084,International NGO,rule,home country is high-income (or not a country in the World Bank list)
9743,Tetra Tech,Other,United States of America,High income,2856,2831,0.172,Other,ReliefWeb type,
1048,International Committee of the Red Cross,Red Cross/Red Crescent Movement,Switzerland,High income,2840,2615,0.108,Red Cross/Red Crescent Movement,ReliefWeb type,
633,GOAL,Non-governmental Organization,Ireland,High income,2834,2900,0.111,International NGO,rule,home country is high-income (or not a country in the World Bank list)
997,Creative Associates International,Other,United States of America,High income,2612,2560,0.192,Other,ReliefWeb type,
2024,Relief International,Non-governmental Organization,United States of America,High income,2602,2574,0.138,International NGO,rule,home country is high-income (or not a country in the World Bank list)
2325,Acción contra el Hambre España,Non-governmental Organization,Spain,High income,2599,2595,0.131,International NGO,rule,home country is high-income (or not a country in the World Bank list)
1484,UN Relief and Works Agency for Palestine Refugees in the Near East,International Organization,occupied Palestinian territory,Lower middle income,2516,2404,0.195,International Organization,ReliefWeb type,
2862,Save the Children UK,Non-governmental Organization,United Kingdom of Great Britain and Northern Ireland,High income,2475,2190,0.732,International NGO,rule,home country is high-income (or not a country in the World Bank list)
664,CARE USA,Non-governmental Organization,United States of America,High income,2459,2467,0.388,International NGO,rule,home country is high-income (or not a country in the World Bank list)
1663,Pact,Non-governmental Organization,United States of America,High income,2373,2385,0.284,International NGO,rule,home country is high-income (or not a country in the World Bank list)
1751,US Agency for International Development,Government,United States of America,High income,2372,2261,0.511,Government,ReliefWeb type,
1400,Population Services International,Non-governmental Organization,United States of America,High income,2367,2350,0.475,International NGO,rule,home country is high-income (or not a country in the World Bank list)
14643,IMPACT Initiatives,Academic and Research Institution,Switzerland,High income,2318,2447,0.183,Academic and Research Institution,ReliefWeb type,
2007,Oxfam,Non-governmental Organization,Kenya,Lower middle income,2313,1732,0.075,International NGO,manual override,Global confederation; ReliefWeb lists Kenya because the Oxfam International secretariat is in Nairobi
2114,DAI Global,Other,United States of America,High income,2296,2352,0.047,Other,ReliefWeb type,
25696,Palladium International,Non-governmental Organization,United Kingdom of Great Britain and Northern Ireland,High income,2249,2221,0.113,International NGO,rule,home country is high-income (or not a country in the World Bank list)
1242,International Federation of Red Cross and Red Crescent Societies,Red Cross/Red Crescent Movement,Switzerland,High income,2231,2087,0.142,Red Cross/Red Crescent Movement,ReliefWeb type,
1992,Médecins du Monde,Non-governmental Organization,France,High income,2123,2112,0.276,International NGO,rule,home country is high-income (or not a country in the World Bank list)
2728,Social Impact,Other,United States of America,High income,2107,1974,0.163,Other,ReliefWeb type,
1970,Action Against Hunger,Non-governmental Organization,United States of America,High income,2040,2022,0.09,International NGO,rule,home country is high-income (or not a country in the World Bank list)
3792,Secours Islamique France,Non-governmental Organization,France,High income,1848,1842,0.404,International NGO,rule,home country is high-income (or not a country in the World Bank list)
1142,Islamic Relief,Non-governmental Organization,United Kingdom of Great Britain and Northern Ireland,High income,1847,1772,0.413,International NGO,rule,home country is high-income (or not a country in the World Bank list)
2113,American Bar Association,Non-governmental Organization,United States of America,High income,1835,1730,0.377,International NGO,rule,home country is high-income (or not a country in the World Bank list)
4329,ALIMA,Non-governmental Organization,France,High income,1669,1713,0.037,International NGO,rule,home country is high-income (or not a country in the World Bank list)
3836,ICAP,Academic and Research Institution,United States of America,High income,1594,1620,0.488,Academic and Research Institution,ReliefWeb type,
815,ACDI/VOCA,Non-governmental Organization,United States of America,High income,1583,1558,0.134,International NGO,rule,home country is high-income (or not a country in the World Bank list)
1168,Pacific Community,International Organization,New Caledonia (France),High income,1579,1589,0.298,International Organization,ReliefWeb type,
648,Welthungerhilfe,Non-governmental Organization,Germany,High income,1563,1489,0.129,International NGO,rule,home country is high-income (or not a country in the World Bank list)
1615,Management Sciences for Health,Non-governmental Organization,United States of America,High income,1553,1570,0.445,International NGO,rule,home country is high-income (or not a country in the World Bank list)
1070,United Nations Population Fund,International Organization,United States of America,High income,1525,1382,0.116,International Organization,ReliefWeb type,
1990,People in Need,Non-governmental Organization,Czechia,High income,1522,1486,0.124,International NGO,rule,home country is high-income (or not a country in the World Bank list)
2877,"International Business & Technical Consultants, Inc.",Other,United States of America,High income,1473,1541,0.249,Other,ReliefWeb type,
1587,Internews,Non-governmental Organization,France; United Kingdom of Great Britain and Northern Ireland; United States of America,High income,1472,1260,0.267,International NGO,rule,home country is high-income (or not a country in the World Bank list)
1293,UN Development Programme,International Organization,United States of America,High income,1409,1368,0.025,International Organization,ReliefWeb type,
1107,Medair,Non-governmental Organization,Switzerland,High income,1387,1467,0.199,International NGO,rule,home country is high-income (or not a country in the World Bank list)
2000,Mines Advisory Group,Non-governmental Organization,United Kingdom of Great Britain and Northern Ireland,High income,1347,1209,0.158,International NGO,rule,home country is high-income (or not a country in the World Bank list)
569,Amnesty International,Non-governmental Organization,United Kingdom of Great Britain and Northern Ireland,High income,1332,1278,0.494,International NGO,rule,home country is high-income (or not a country in the World Bank list)
299,British Red Cross,Red Cross/Red Crescent Movement,United Kingdom of Great Britain and Northern Ireland,High income,1326,1274,0.746,Red Cross/Red Crescent Movement,ReliefWeb type,
4322,Clinton Health Access Initiative,Non-governmental Organization,United States of America,High income,1302,1325,0.211,International NGO,rule,home country is high-income (or not a country in the World Bank list)
460,ActionAid,Non-governmental Organization,South Africa,Upper middle income,1274,1248,0.092,International NGO,manual override,Global federation; ReliefWeb lists South Africa because the international secretariat is in Johannesburg
1246,Sightsavers,Non-governmental Organization,United Kingdom of Great Britain and Northern Ireland,High income,1257,1528,0.271,International NGO,rule,home country is high-income (or not a country in the World Bank list)
2915,SOS Children's Villages International,Non-governmental Organization,Austria,High income,1250,1258,0.052,International NGO,rule,home country is high-income (or not a country in the World Bank list)
1692,Search for Common Ground,Non-governmental Organization,United States of America,High income,1248,1153,0.291,International NGO,rule,home country is high-income (or not a country in the World Bank list)
1287,Voluntary Service Overseas,Non-governmental Organization,United Kingdom of Great Britain and Northern Ireland,High income,1207,1142,0.317,International NGO,rule,home country is high-income (or not a country in the World Bank list)
757,Habitat for Humanity,Non-governmental Organization,United States of America,High income,1178,1329,0.052,International NGO,rule,home country is high-income (or not a country in the World Bank list)
1373,Tearfund,Non-governmental Organization,United Kingdom of Great Britain and Northern Ireland,High income,1132,1240,0.135,International NGO,rule,home country is high-income (or not a country in the World Bank list)
2914,Save the Children - US,Non-governmental Organization,United States of America,High income,1112,944,0.515,International NGO,rule,home country is high-income (or not a country in the World Bank list)
1204,MSI Reproductive Choices,Non-governmental Organization,United Kingdom of Great Britain and Northern Ireland,High income,1073,1522,0.33,International NGO,rule,home country is high-income (or not a country in the World Bank list)
1508,Terre des hommes,Non-governmental Organization,Switzerland,High income,1061,965,0.068,International NGO,rule,home country is high-income (or not a country in the World Bank list)
3120,Winrock International,Non-governmental Organization,United States of America,High income,1030,963,0.137,International NGO,rule,home country is high-income (or not a country in the World Bank list)
3777,Oxfam Novib,Non-governmental Organization,Netherlands,High income,1010,964,0.374,International NGO,rule,home country is high-income (or not a country in the World Bank list)
2855,HelpAge International,Non-governmental Organization,United Kingdom of Great Britain and Northern Ireland,High income,1009,889,0.24,International NGO,rule,home country is high-income (or not a country in the World Bank list)
3227,Jhpiego,Non-governmental Organization,United States of America,High income,1002,991,0.081,International NGO,rule,home country is high-income (or not a country in the World Bank list)
1099,International Labour Organization,International Organization,Switzerland,High income,996,1051,0.003,International Organization,ReliefWeb type,
759,DanChurchAid,Non-governmental Organization,Denmark,High income,966,934,0.052,International NGO,rule,home country is high-income (or not a country in the World Bank list)
644,CESVI,Non-governmental Organization,Italy,High income,954,998,0.039,International NGO,rule,home country is high-income (or not a country in the World Bank list)
9447,International NGO Safety Organisation,Non-governmental Organization,Netherlands,High income,946,984,0.129,International NGO,rule,home country is high-income (or not a country in the World Bank list)
3279,Terre des hommes foundation,Non-governmental Organization,Switzerland,High income,946,945,0.139,International NGO,rule,home country is high-income (or not a country in the World Bank list)
2836,Food and Agriculture Organization of the United Nations,International Organization,Italy,High income,898,864,0.206,International Organization,ReliefWeb type,
1190,Oxfam Intermón,Non-governmental Organization,Spain,High income,893,799,0.121,International NGO,rule,home country is high-income (or not a country in the World Bank list)
27346,Expertise France,Government,France,High income,885,910,0.154,Government,ReliefWeb type,
1776,UN Human Settlements Program,International Organization,Kenya,Lower middle income,850,822,0.518,International Organization,ReliefWeb type,
3870,Aga Khan Foundation,Non-governmental Organization,United States of America,High income,846,830,0.029,International NGO,rule,home country is high-income (or not a country in the World Bank list)
2337,HIAS,Non-governmental Organization,United States of America,High income,838,942,0.34,International NGO,rule,home country is high-income (or not a country in the World Bank list)
2341,Malaria Consortium,Academic and Research Institution,United Kingdom of Great Britain and Northern Ireland,High income,823,844,0.399,Academic and Research Institution,ReliefWeb type,
46489,Médecins Sans Frontières en Suisse,Non-governmental Organization,Switzerland,High income,819,692,0.831,International NGO,rule,home country is high-income (or not a country in the World Bank list)
4093,Options Consultancy Services,Other,United Kingdom of Great Britain and Northern Ireland,High income,808,943,0.16,Other,ReliefWeb type,
1879,Christian Aid,Non-governmental Organization,United Kingdom of Great Britain and Northern Ireland,High income,804,1001,0.203,International NGO,rule,home country is high-income (or not a country in the World Bank list)
1646,One Acre Fund,Non-governmental Organization,United States of America,High income,802,1001,0.03,International NGO,rule,home country is high-income (or not a country in the World Bank list)
1820,"UN Educational, Scientific and Cultural Organization",International Organization,France,High income,798,747,0.032,International Organization,ReliefWeb type,
1150,Médicos del Mundo,Non-governmental Organization,Spain,High income,793,791,0.124,International NGO,rule,home country is high-income (or not a country in the World Bank list)
1052,Trócaire,Non-governmental Organization,Ireland,High income,775,785,0.164,International NGO,rule,home country is high-income (or not a country in the World Bank list)
1896,Coffey,Other,Australia,High income,774,767,0.031,Other,ReliefWeb type,
942,Global Alliance for Improved Nutrition,Non-governmental Organization,Switzerland,High income,772,916,0.029,International NGO,rule,home country is high-income (or not a country in the World Bank list)
2418,Christian Blind Mission,Non-governmental Organization,Germany; United States of America,High income,768,908,0.095,International NGO,rule,home country is high-income (or not a country in the World Bank list)
329,Asian Disaster Preparedness Center,International Organization,Thailand,Upper middle income,767,628,0.478,International Organization,ReliefWeb type,
767,Freedom House,Non-governmental Organization,United States of America,High income,764,678,0.739,International NGO,rule,home country is high-income (or not a country in the World Bank list)
1637,National Democratic Institute,Non-governmental Organization,United States of America,High income,763,778,0.707,International NGO,rule,home country is high-income (or not a country in the World Bank list)
48814,DT Global,Non-governmental Organization,United States of America,High income,759,784,0.171,International NGO,rule,home country is high-income (or not a country in the World Bank list)
679,Counterpart International,Non-governmental Organization,United States of America,High income,757,743,0.314,International NGO,rule,home country is high-income (or not a country in the World Bank list)
1046,Jesuit Refugee Service,Non-governmental Organization,Italy,High income,754,779,0.089,International NGO,rule,home country is high-income (or not a country in the World Bank list)
3286,iMMAP Inc.,Non-governmental Organization,United States of America,High income,751,629,0.048,International NGO,rule,home country is high-income (or not a country in the World Bank list)
2859,Merlin,Non-governmental Organization,United Kingdom of Great Britain and Northern Ireland,High income,748,722,0.147,International NGO,rule,home country is high-income (or not a country in the World Bank list)
2054,Adeso,Non-governmental Organization,Kenya,Lower middle income,730,633,0.468,Regional NGO (global South base),rule,home country is low/middle-income but only 47% of located posts are there
1017,World Wide Fund For Nature,Non-governmental Organization,United Kingdom of Great Britain and Northern Ireland,High income,720,706,0.004,International NGO,rule,home country is high-income (or not a country in the World Bank list)
4370,Finn Church Aid,Non-governmental Organization,Finland,High income,715,692,0.116,International NGO,rule,home country is high-income (or not a country in the World Bank list)
549,Food for the Hungry,Non-governmental Organization,United States of America,High income,713,706,0.293,International NGO,rule,home country is high-income (or not a country in the World Bank list)
1363,Samaritan's Purse,Non-governmental Organization,United States of America,High income,706,662,0.05,International NGO,rule,home country is high-income (or not a country in the World Bank list)
526,AVSI Foundation – ETS,Non-governmental Organization,Italy,High income,705,705,0.023,International NGO,rule,home country is high-income (or not a country in the World Bank list)
515,Church World Service,Non-governmental Organization,United States of America,High income,697,686,0.09,International NGO,rule,home country is high-income (or not a country in the World Bank list)
1584,International Research and Exchanges Board,Non-governmental Organization,United States of America,High income,694,735,0.324,International NGO,rule,home country is high-income (or not a country in the World Bank list)
1335,Lutheran World Federation,Non-governmental Organization,Switzerland,High income,693,671,0.012,International NGO,rule,home country is high-income (or not a country in the World Bank list)
4515,Deutsche Gesellschaft für Internationale Zusammenarbeit (GIZ) GmbH,Government,Germany,High income,676,655,0.012,Government,ReliefWeb type,
2644,International Republican Institute,Non-governmental Organization,United States of America,High income,668,664,0.783,International NGO,rule,home country is high-income (or not a country in the World Bank list)
489,Alight,Non-governmental Organization,United States of America,High income,665,618,0.12,International NGO,rule,home country is high-income (or not a country in the World Bank list)
3351,Spark,Non-governmental Organization,Netherlands,High income,665,698,0.125,International NGO,rule,home country is high-income (or not a country in the World Bank list)
1647,Nonviolent Peaceforce,Non-governmental Organization,Switzerland,High income,662,638,0.028,International NGO,rule,home country is high-income (or not a country in the World Bank list)
3178,BRAC,Non-governmental Organization,Bangladesh,Lower middle income,652,758,0.162,Regional NGO (global South base),rule,home country is low/middle-income but only 16% of located posts are there
2017,United States Institute of Peace,Academic and Research Institution,United States of America,High income,642,643,0.72,Academic and Research Institution,ReliefWeb type,
4379,CAMRIS International,Other,United States of America,High income,634,628,0.406,Other,ReliefWeb type,
2819,International Development Law Organization,International Organization,Italy,High income,630,557,0.26,International Organization,ReliefWeb type,
2863,Norwegian People's Aid,Non-governmental Organization,Norway,High income,628,614,0.065,International NGO,rule,home country is high-income (or not a country in the World Bank list)
32841,SEED Madagascar,Non-governmental Organization,Madagascar,Low income,600,546,0.962,International NGO,manual override,UK-registered charity working in Madagascar
11742,Global Communities,Non-governmental Organization,United States of America,High income,599,570,0.209,International NGO,rule,home country is high-income (or not a country in the World Bank list)
1275,World Health Organization,International Organization,Switzerland,High income,596,495,0.206,International Organization,ReliefWeb type,
1137,ZOA,Non-governmental Organization,Netherlands,High income,596,590,0.034,International NGO,rule,home country is high-income (or not a country in the World Bank list)
4292,Action Against Hunger Canada,Non-governmental Organization,Canada,High income,590,546,0.158,International NGO,rule,home country is high-income (or not a country in the World Bank list)
1084,Organization for Security and Co-operation in Europe,International Organization,Austria,High income,590,566,0.032,International Organization,ReliefWeb type,
615,Macfadden,Other,United States of America,High income,589,581,0.972,Other,ReliefWeb type,
50199,SoCha LLC,Other,United States of America,High income,577,588,0.034,Other,ReliefWeb type,
3289,War Child Holland,Non-governmental Organization,Netherlands,High income,561,485,0.328,International NGO,rule,home country is high-income (or not a country in the World Bank list)
650,GRM International,Non-governmental Organization,United Kingdom of Great Britain and Northern Ireland,High income,553,533,0.092,International NGO,rule,home country is high-income (or not a country in the World Bank list)
1260,International Alert,Non-governmental Organization,United Kingdom of Great Britain and Northern Ireland,High income,548,733,0.386,International NGO,rule,home country is high-income (or not a country in the World Bank list)
1317,UN Volunteers,International Organization,Germany,High income,548,562,0.027,International Organization,ReliefWeb type,
2351,Geneva Call,Non-governmental Organization,Switzerland,High income,547,513,0.209,International NGO,rule,home country is high-income (or not a country in the World Bank list)
13273,La Chaîne de l'Espoir,Non-governmental Organization,France,High income,545,547,0.647,International NGO,rule,home country is high-income (or not a country in the World Bank list)
1474,MENTOR Initiative,Non-governmental Organization,United Kingdom of Great Britain and Northern Ireland,High income,545,504,0.079,International NGO,rule,home country is high-income (or not a country in the World Bank list)
1563,International Foundation for Electoral Systems,Non-governmental Organization,United States of America,High income,543,538,0.532,International NGO,rule,home country is high-income (or not a country in the World Bank list)
1212,United Nations,International Organization,United States of America,High income,543,543,0.221,International Organization,ReliefWeb type,
1079,War Child UK,Non-governmental Organization,United Kingdom of Great Britain and Northern Ireland,High income,543,510,0.588,International NGO,rule,home country is high-income (or not a country in the World Bank list)
4367,Wildlife Conservation Society,Non-governmental Organization,United States of America,High income,541,544,0.015,International NGO,rule,home country is high-income (or not a country in the World Bank list)
2031,Crown Agents,Other,United Kingdom of Great Britain and Northern Ireland,High income,540,621,0.233,Other,ReliefWeb type,
1300,International Planned Parenthood Federation,Non-governmental Organization,United Kingdom of Great Britain and Northern Ireland,High income,539,540,0.057,International NGO,rule,home country is high-income (or not a country in the World Bank list)
45509,MedGlobal,Non-governmental Organization,United States of America,High income,537,462,0.052,International NGO,rule,home country is high-income (or not a country in the World Bank list)
3301,Geneva Centre for Security Sector Governance,International Organization,Switzerland,High income,512,492,0.659,International Organization,ReliefWeb type,
1838,The Asia Foundation,Non-governmental Organization,United States of America,High income,512,496,0.002,International NGO,rule,home country is high-income (or not a country in the World Bank list)
20301,World University Service of Canada,Non-governmental Organization,Canada,High income,512,498,0.048,International NGO,rule,home country is high-income (or not a country in the World Bank list)
2683,Interpeace,Non-governmental Organization,Switzerland,High income,511,437,0.181,International NGO,rule,home country is high-income (or not a country in the World Bank list)
603,American Red Cross,Red Cross/Red Crescent Movement,United States of America,High income,510,470,0.353,Red Cross/Red Crescent Movement,ReliefWeb type,
781,German Red Cross,Red Cross/Red Crescent Movement,Germany,High income,507,497,0.149,Red Cross/Red Crescent Movement,ReliefWeb type,
2256,Danish Red Cross,Red Cross/Red Crescent Movement,Denmark,High income,503,479,0.186,Red Cross/Red Crescent Movement,ReliefWeb type,
592,Adventist Development and Relief Agency International,Non-governmental Organization,United States of America,High income,500,500,0.016,International NGO,rule,home country is high-income (or not a country in the World Bank list)
1029,United Nations University,International Organization,Japan,High income,492,477,0.161,International Organization,ReliefWeb type,
2956,International Potato Center,Non-governmental Organization,Peru,Upper middle income,490,478,0.115,International NGO,manual override,CGIAR international research centre typed as an NGO by ReliefWeb
3774,Médecins du Monde - Belgique,Non-governmental Organization,Belgium,High income,484,472,0.21,International NGO,rule,home country is high-income (or not a country in the World Bank list)
2810,Hivos,Non-governmental Organization,Netherlands,High income,483,527,0.032,International NGO,rule,home country is high-income (or not a country in the World Bank list)
1490,Right To Play,Non-governmental Organization,Canada,High income,481,691,0.123,International NGO,rule,home country is high-income (or not a country in the World Bank list)
20846,Syrian American Medical Society Foundation,Non-governmental Organization,United States of America,High income,480,466,0.103,International NGO,rule,home country is high-income (or not a country in the World Bank list)
30986,UK-Med,Non-governmental Organization,United Kingdom of Great Britain and Northern Ireland,High income,477,344,0.59,International NGO,rule,home country is high-income (or not a country in the World Bank list)
1325,Norwegian Church Aid,Non-governmental Organization,Norway,High income,476,416,0.147,International NGO,rule,home country is high-income (or not a country in the World Bank list)
1966,Human Rights Watch,Non-governmental Organization,United States of America,High income,474,449,0.341,International NGO,rule,home country is high-income (or not a country in the World Bank list)
1032,ODI Global,Academic and Research Institution,United Kingdom of Great Britain and Northern Ireland,High income,472,475,0.931,Academic and Research Institution,ReliefWeb type,
2003,Project HOPE,Non-governmental Organization,United States of America,High income,471,388,0.121,International NGO,rule,home country is high-income (or not a country in the World Bank list)
1453,UN Office on Drugs and Crime,International Organization,Austria,High income,469,427,0.023,International Organization,ReliefWeb type,
8783,EnCompass,Other,United States of America,High income,468,458,0.424,Other,ReliefWeb type,
8080,INTEGRITY,Other,United Kingdom of Great Britain and Northern Ireland,High income,463,453,0.373,Other,ReliefWeb type,
49773,WeWorld,Non-governmental Organization,Italy,High income,459,527,0.021,International NGO,rule,home country is high-income (or not a country in the World Bank list)
1592,Johanniter-Unfall-Hilfe,Non-governmental Organization,Germany,High income,458,447,0.04,International NGO,rule,home country is high-income (or not a country in the World Bank list)
3329,International Bureau for Children's Rights,Non-governmental Organization,Canada,High income,450,453,0.508,International NGO,rule,home country is high-income (or not a country in the World Bank list)
1307,Triangle Génération Humanitaire,Non-governmental Organization,France,High income,447,446,0.078,International NGO,rule,home country is high-income (or not a country in the World Bank list)
3288,African Union - InterAfrican Bureau for Animal Resources,Other,Kenya,Lower middle income,446,333,0.724,Other,ReliefWeb type,
1944,Cordaid,Non-governmental Organization,Netherlands,High income,441,462,0.039,International NGO,rule,home country is high-income (or not a country in the World Bank list)
3923,Bureau for Institutional Reform and Democracy,Other,Germany,High income,436,435,0.005,Other,ReliefWeb type,
2480,Abt Associates,Other,World,Not classified,433,446,0.002,Other,ReliefWeb type,
375,Catholic Agency for Overseas Development,Non-governmental Organization,United Kingdom of Great Britain and Northern Ireland,High income,432,420,0.374,International NGO,rule,home country is high-income (or not a country in the World Bank list)
917,Education Development Center,Non-governmental Organization,Kenya,Lower middle income,420,378,0.278,International NGO,manual override,US organisation; ReliefWeb lists Kenya
3157,CANADEM,Other,Canada,High income,414,252,0.008,Other,ReliefWeb type,
1049,Malteser International,Non-governmental Organization,Germany,High income,412,418,0.072,International NGO,rule,home country is high-income (or not a country in the World Bank list)
921,ECPAT International,Non-governmental Organization,Thailand,Upper middle income,410,247,0.85,International NGO,manual override,Secretariat of an international network based in Bangkok
2408,SNV Netherlands Development Organisation,Non-governmental Organization,Netherlands,High income,409,397,0.348,International NGO,rule,home country is high-income (or not a country in the World Bank list)
2929,Medical Teams International,Non-governmental Organization,United States of America,High income,405,342,0.213,International NGO,rule,home country is high-income (or not a country in the World Bank list)
3793,ChildFund International,Non-governmental Organization,United States of America,High income,404,417,0.125,International NGO,rule,home country is high-income (or not a country in the World Bank list)
906,Cuso International,Non-governmental Organization,United States of America,High income,403,403,0.0,International NGO,rule,home country is high-income (or not a country in the World Bank list)
37716,Orange,Non-governmental Organization,Syrian Arab Republic; Türkiye,Low income; Upper middle income,401,392,1.0,Locally based NGO,rule,based in Türkiye or Syria: treated as locally based (Syria response)
9589,Fairtrade Africa,Other,Kenya,Lower middle income,398,348,0.397,Other,ReliefWeb type,
2655,Adam Smith International,Other,United Kingdom of Great Britain and Northern Ireland,High income,397,387,0.186,Other,ReliefWeb type,
965,Helen Keller International,Non-governmental Organization,United States of America,High income,396,398,0.048,International NGO,rule,home country is high-income (or not a country in the World Bank list)
1590,International Union for Conservation of Nature,Non-governmental Organization,Switzerland,High income,394,421,0.076,International NGO,rule,home country is high-income (or not a country in the World Bank list)
1686,RTI International,Academic and Research Institution,United States of America,High income,392,362,0.177,Academic and Research Institution,ReliefWeb type,
2631,Project Concern International,Non-governmental Organization,United States of America,High income,391,381,0.606,International NGO,rule,home country is high-income (or not a country in the World Bank list)
16271,CLEAR Global,Non-governmental Organization,United States of America,High income,390,159,0.0,International NGO,rule,home country is high-income (or not a country in the World Bank list)
14623,Watan Syria,Non-governmental Organization,United Kingdom of Great Britain and Northern Ireland,High income,382,387,0.047,International NGO,rule,home country is high-income (or not a country in the World Bank list)
3494,HEKS/EPER,Non-governmental Organization,Switzerland,High income,379,385,0.034,International NGO,rule,home country is high-income (or not a country in the World Bank list)
3338,International AIDS Society,Non-governmental Organization,Switzerland,High income,379,364,0.854,International NGO,rule,home country is high-income (or not a country in the World Bank list)
4562,Plan International UK,Non-governmental Organization,United Kingdom of Great Britain and Northern Ireland,High income,378,364,0.824,International NGO,rule,home country is high-income (or not a country in the World Bank list)
3006,Norwegian Red Cross,Red Cross/Red Crescent Movement,Norway,High income,372,376,0.08,Red Cross/Red Crescent Movement,ReliefWeb type,
2366,Pathfinder International,Non-governmental Organization,United States of America,High income,370,376,0.367,International NGO,rule,home country is high-income (or not a country in the World Bank list)
8786,St. Andrew’s Refugee Services,Non-governmental Organization,Egypt,Lower middle income,370,362,1.0,Locally based NGO,rule,home country is low/middle-income and 100% of located posts are there
4050,Global Health Corps,Other,United States of America,High income,366,391,0.261,Other,ReliefWeb type,
46968,Africa Enterprise Challenge Fund,Non-governmental Organization,Kenya,Lower middle income,364,417,0.48,Regional NGO (global South base),rule,home country is low/middle-income but only 48% of located posts are there
2473,Fred Hollows Foundation,Non-governmental Organization,Australia,High income,364,471,0.068,International NGO,rule,home country is high-income (or not a country in the World Bank list)
1727,Transparency International,Non-governmental Organization,Germany,High income,364,288,0.757,International NGO,rule,home country is high-income (or not a country in the World Bank list)
36006,Independent Doctors Association,Non-governmental Organization,Türkiye,Upper middle income,360,361,0.981,Locally based NGO,rule,based in Türkiye or Syria: treated as locally based (Syria response)
961,Heartland Alliance,Non-governmental Organization,United States of America,High income,359,342,0.327,International NGO,rule,home country is high-income (or not a country in the World Bank list)
1993,Lutheran World Relief,Non-governmental Organization,United States of America,High income,359,371,0.364,International NGO,rule,home country is high-income (or not a country in the World Bank list)
1630,Mission East,Non-governmental Organization,Denmark,High income,359,362,0.069,International NGO,rule,home country is high-income (or not a country in the World Bank list)
2121,Partners in Health,Non-governmental Organization,United States of America,High income,354,352,0.29,International NGO,rule,home country is high-income (or not a country in the World Bank list)
3341,Diakonie Katastrophenhilfe,Non-governmental Organization,Germany,High income,350,344,0.02,International NGO,rule,home country is high-income (or not a country in the World Bank list)
505,Human Appeal,Non-governmental Organization,United Kingdom of Great Britain and Northern Ireland,High income,350,344,0.282,International NGO,rule,home country is high-income (or not a country in the World Bank list)
4512,UN Women,International Organization,United States of America,High income,349,313,0.035,International Organization,ReliefWeb type,
2357,CARE Australia,Non-governmental Organization,Australia,High income,345,309,0.149,International NGO,rule,home country is high-income (or not a country in the World Bank list)
10883,Dexis Consulting Group,Other,United States of America,High income,343,331,0.523,Other,ReliefWeb type,
724,Ayuda en Acción,Non-governmental Organization,Spain,High income,341,342,0.137,International NGO,rule,home country is high-income (or not a country in the World Bank list)
1953,Americares,Non-governmental Organization,United States of America,High income,339,315,0.362,International NGO,rule,home country is high-income (or not a country in the World Bank list)
1971,Polish Humanitarian Action - Polska Akcja Humanitarna,Non-governmental Organization,Poland,High income,339,338,0.098,International NGO,rule,home country is high-income (or not a country in the World Bank list)
1060,International Commission of Jurists,Non-governmental Organization,Switzerland,High income,336,306,0.183,International NGO,rule,home country is high-income (or not a country in the World Bank list)
14799,Panagora Group,Non-governmental Organization,United States of America,High income,331,327,0.358,International NGO,rule,home country is high-income (or not a country in the World Bank list)
15539,Bahar Organization,Non-governmental Organization,Türkiye,Upper middle income,329,332,0.889,Locally based NGO,rule,based in Türkiye or Syria: treated as locally based (Syria response)
23936,Results for Development Institute,Non-governmental Organization,United States of America,High income,327,358,0.469,International NGO,rule,home country is high-income (or not a country in the World Bank list)
2805,World Learning,Non-governmental Organization,United States of America,High income,326,307,0.195,International NGO,rule,home country is high-income (or not a country in the World Bank list)
3480,Action Africa Help - International,Non-governmental Organization,Kenya,Lower middle income,323,329,0.562,Regional NGO (global South base),rule,home country is low/middle-income but only 56% of located posts are there
1961,Center for Victims of Torture,Non-governmental Organization,United States of America,High income,322,291,0.034,International NGO,rule,home country is high-income (or not a country in the World Bank list)
1311,MSF - Holland,Non-governmental Organization,Netherlands,High income,322,259,0.544,International NGO,rule,home country is high-income (or not a country in the World Bank list)
1694,Saferworld,Academic and Research Institution,United Kingdom of Great Britain and Northern Ireland,High income,321,354,0.133,Academic and Research Institution,ReliefWeb type,
3473,University Research Co.,Other,United States of America,High income,321,357,0.353,Other,ReliefWeb type,
2788,The Brooke Hospital for Animals,Other,United Kingdom of Great Britain and Northern Ireland,High income,320,316,0.905,Other,ReliefWeb type,
1978,Action Against Hunger UK,Non-governmental Organization,United Kingdom of Great Britain and Northern Ireland,High income,313,281,0.48,International NGO,rule,home country is high-income (or not a country in the World Bank list)
726,Carter Center,Academic and Research Institution,United States of America,High income,313,291,0.203,Academic and Research Institution,ReliefWeb type,
10440,Armed Conflict Location & Event Data,Academic and Research Institution,United States of America,High income,311,0,,Academic and Research Institution,ReliefWeb type,
2269,Internews Europe,Media,France,High income,309,256,0.062,Media,ReliefWeb type,
3348,Last Mile Health,Non-governmental Organization,Liberia,Low income,305,277,0.487,International NGO,manual override,US-registered organisation working in Liberia and other countries
2071,Elizabeth Glaser Pediatric AIDS Foundation,Other,United States of America,High income,302,290,0.379,Other,ReliefWeb type,
42959,Nutrition International,Non-governmental Organization,Canada,High income,300,298,0.262,International NGO,rule,home country is high-income (or not a country in the World Bank list)
3889,Democracy Reporting International,Non-governmental Organization,Germany,High income,297,270,0.152,International NGO,rule,home country is high-income (or not a country in the World Bank list)
51381,Development Aid,Other,Cyprus,High income,296,347,0.0,Other,ReliefWeb type,
3712,Land O'Lakes Venture37,Other,United States of America,High income,291,280,0.271,Other,ReliefWeb type,
509,Oxfam-Québec,Non-governmental Organization,Canada,High income,290,298,0.06,International NGO,rule,home country is high-income (or not a country in the World Bank list)
867,Bioforce,Academic and Research Institution,France,High income,288,296,0.611,Academic and Research Institution,ReliefWeb type,
454,Path,Non-governmental Organization,United States of America,High income,287,360,0.078,International NGO,rule,home country is high-income (or not a country in the World Bank list)
1717,Futures Group,Other,United States of America,High income,286,287,0.118,Other,ReliefWeb type,
1703,Solthis,Non-governmental Organization,France,High income,285,306,0.301,International NGO,rule,home country is high-income (or not a country in the World Bank list)
1504,UNICEF USA,Non-governmental Organization,United States of America,High income,285,284,0.873,International NGO,rule,home country is high-income (or not a country in the World Bank list)
44279,Al Ameen,Non-governmental Organization,Türkiye,Upper middle income,284,287,0.547,Locally based NGO,rule,based in Türkiye or Syria: treated as locally based (Syria response)
43359,Terre des Hommes Netherlands,Non-governmental Organization,Netherlands,High income,283,291,0.192,International NGO,rule,home country is high-income (or not a country in the World Bank list)
1641,Netherlands Red Cross,Red Cross/Red Crescent Movement,Netherlands,High income,281,259,0.112,Red Cross/Red Crescent Movement,ReliefWeb type,
47943,IYD International Humanitarian Relief Association,Non-governmental Organization,Türkiye,Upper middle income,276,276,0.989,Locally based NGO,rule,based in Türkiye or Syria: treated as locally based (Syria response)
14486,Amref Health Africa,Non-governmental Organization,Kenya,Lower middle income,275,241,0.469,Regional NGO (global South base),rule,home country is low/middle-income but only 47% of located posts are there
2285,WaterAid,Non-governmental Organization,United Kingdom of Great Britain and Northern Ireland,High income,275,355,0.282,International NGO,rule,home country is high-income (or not a country in the World Bank list)
14283,BBC Media Action,Non-governmental Organization,United Kingdom of Great Britain and Northern Ireland,High income,274,311,0.122,International NGO,rule,home country is high-income (or not a country in the World Bank list)
430,Canadian Red Cross,Red Cross/Red Crescent Movement,Canada,High income,274,237,0.274,Red Cross/Red Crescent Movement,ReliefWeb type,
1595,JSI,Non-governmental Organization,United States of America,High income,272,285,0.158,International NGO,rule,home country is high-income (or not a country in the World Bank list)
33496,Seefar,Non-governmental Organization,Belgium,High income,269,116,0.0,International NGO,rule,home country is high-income (or not a country in the World Bank list)
1261,University of Maryland,Academic and Research Institution,United States of America,High income,269,314,0.032,Academic and Research Institution,ReliefWeb type,
894,Enabel,Government,Belgium,High income,268,254,0.039,Government,ReliefWeb type,
1577,International Justice Mission,Non-governmental Organization,United States of America,High income,267,290,0.052,International NGO,rule,home country is high-income (or not a country in the World Bank list)
26946,Girl Effect,Non-governmental Organization,United Kingdom of Great Britain and Northern Ireland,High income,265,300,0.09,International NGO,rule,home country is high-income (or not a country in the World Bank list)
3258,Vétérinaires Sans Frontières Germany,Non-governmental Organization,Germany,High income,265,262,0.0,International NGO,rule,home country is high-income (or not a country in the World Bank list)
3611,GAVI Alliance,International Organization,Switzerland,High income,264,240,0.95,International Organization,ReliefWeb type,
14407,Forcier Consulting,Non-governmental Organization,South Sudan,Low income,263,262,0.263,Regional NGO (global South base),rule,home country is low/middle-income but only 26% of located posts are there
715,Avocats Sans Frontières,Non-governmental Organization,Belgium,High income,262,309,0.204,International NGO,rule,home country is high-income (or not a country in the World Bank list)
539,InterAction,Non-governmental Organization,United States of America,High income,262,242,0.979,International NGO,rule,home country is high-income (or not a country in the World Bank list)
12504,African Population and Health Research Center,Non-governmental Organization,Kenya,Lower middle income,260,262,0.836,Locally based NGO,rule,home country is low/middle-income and 84% of located posts are there
14412,Ark Group,Other,United Arab Emirates,High income,260,261,0.034,Other,ReliefWeb type,
15147,IsraAID,Non-governmental Organization,Israel,High income,260,237,0.059,International NGO,rule,home country is high-income (or not a country in the World Bank list)
4390,J/P Haitian Relief Organization,Non-governmental Organization,United States of America,High income,259,255,0.024,International NGO,rule,home country is high-income (or not a country in the World Bank list)
12707,HIAS Refugee Trust of Kenya,Non-governmental Organization,Kenya,Lower middle income,257,254,0.945,International NGO,manual override,Country office of HIAS (United States)
2530,Un Ponte per,Non-governmental Organization,Italy,High income,257,278,0.05,International NGO,rule,home country is high-income (or not a country in the World Bank list)
3767,Global Health Fellows Program,Government,United States of America,High income,254,254,0.866,Government,ReliefWeb type,
15911,Global Rights Compliance,Other,United Kingdom of Great Britain and Northern Ireland,High income,254,173,0.012,Other,ReliefWeb type,
34206,myAgro,Other,Mali,Low income,252,216,0.333,Other,ReliefWeb type,
2469,European Management Solutions,Other,Netherlands,High income,251,270,0.044,Other,ReliefWeb type,
9026,International Maize and Wheat Improvement,Non-governmental Organization,Mexico,Upper middle income,249,232,0.543,International NGO,manual override,CGIAR international research centre typed as an NGO by ReliefWeb
1999,RedR UK,Non-governmental Organization,United Kingdom of Great Britain and Northern Ireland,High income,249,253,0.498,International NGO,rule,home country is high-income (or not a country in the World Bank list)
48948,Solidaridad East & Central Africa,Non-governmental Organization,Netherlands,High income,248,280,0.0,International NGO,rule,home country is high-income (or not a country in the World Bank list)
45394,Magenta FZE,Other,United Arab Emirates,High income,247,229,0.031,Other,ReliefWeb type,
709,Conciliation Resources,Non-governmental Organization,United Kingdom of Great Britain and Northern Ireland,High income,246,237,0.73,International NGO,rule,home country is high-income (or not a country in the World Bank list)
35026,Blue Ventures,Other,United Kingdom of Great Britain and Northern Ireland,High income,243,311,0.17,Other,ReliefWeb type,
3328,Oxfam Solidarité,Non-governmental Organization,Belgium,High income,242,246,0.63,International NGO,rule,home country is high-income (or not a country in the World Bank list)
46354,Coordinadora Latinoamericana y del Caribe de Pequeños Productores y Trabajadores de Comercio Justo,Other,El Salvador,Upper middle income,241,917,0.08,Other,ReliefWeb type,
42914,Miyamoto International,Other,United States of America,High income,241,215,0.233,Other,ReliefWeb type,
4488,Save the Children - España,Non-governmental Organization,Spain,High income,240,236,0.614,International NGO,rule,home country is high-income (or not a country in the World Bank list)
50436,Sened Organization,Non-governmental Organization,Türkiye,Upper middle income,239,239,1.0,Locally based NGO,rule,based in Türkiye or Syria: treated as locally based (Syria response)
2747,Qatar Red Crescent Society,Red Cross/Red Crescent Movement,Qatar,High income,238,236,0.093,Red Cross/Red Crescent Movement,ReliefWeb type,
3521,ShelterBox,Non-governmental Organization,United Kingdom of Great Britain and Northern Ireland,High income,237,218,0.922,International NGO,rule,home country is high-income (or not a country in the World Bank list)
4236,The Mitchell Group,Other,United States of America,High income,237,238,0.206,Other,ReliefWeb type,
48688,AAN Associates,Other,Pakistan,Lower middle income,236,222,0.135,Other,ReliefWeb type,
34996,RET International,Non-governmental Organization,Switzerland,High income,236,224,0.022,International NGO,rule,home country is high-income (or not a country in the World Bank list)
2695,Near East Foundation,Non-governmental Organization,United States of America,High income,234,226,0.115,International NGO,rule,home country is high-income (or not a country in the World Bank list)
4300,Restless Development,Non-governmental Organization,United Kingdom of Great Britain and Northern Ireland,High income,233,230,0.33,International NGO,rule,home country is high-income (or not a country in the World Bank list)
3423,Alianza Por La Solidaridad,Non-governmental Organization,Spain,High income,232,232,0.185,International NGO,rule,home country is high-income (or not a country in the World Bank list)
13861,Educo,Non-governmental Organization,Spain,High income,231,233,0.15,International NGO,rule,home country is high-income (or not a country in the World Bank list)
2749,Practical Action,Non-governmental Organization,United Kingdom of Great Britain and Northern Ireland,High income,230,259,0.035,International NGO,rule,home country is high-income (or not a country in the World Bank list)
3862,Sustainable Research and Development Center,Academic and Research Institution,Jordan,Upper middle income,230,346,0.335,Academic and Research Institution,ReliefWeb type,
2909,Progressio,Non-governmental Organization,United Kingdom of Great Britain and Northern Ireland,High income,228,266,0.252,International NGO,rule,home country is high-income (or not a country in the World Bank list)
2564,Pan American Development Foundation,Non-governmental Organization,United States of America,High income,227,250,0.128,International NGO,rule,home country is high-income (or not a country in the World Bank list)
638,American Friends Service Committee,Non-governmental Organization,United States of America,High income,224,294,0.163,International NGO,rule,home country is high-income (or not a country in the World Bank list)
1844,HALO Trust,Non-governmental Organization,United Kingdom of Great Britain and Northern Ireland,High income,221,190,0.179,International NGO,rule,home country is high-income (or not a country in the World Bank list)
2208,Philippine Red Cross,Red Cross/Red Crescent Movement,Philippines,Upper middle income,221,220,1.0,Red Cross/Red Crescent Movement,ReliefWeb type,
3936,Montrose,Other,Uganda,Low income,220,212,0.17,Other,ReliefWeb type,
337,CARE Canada,Non-governmental Organization,Canada,High income,219,182,0.412,International NGO,rule,home country is high-income (or not a country in the World Bank list)
47259,Kosovo Specialist Chambers and Specialist Prosecutor's Office,Non-governmental Organization,Netherlands,High income,219,219,1.0,International NGO,rule,home country is high-income (or not a country in the World Bank list)
1756,Women for Women International,Non-governmental Organization,United States of America,High income,219,224,0.357,International NGO,rule,home country is high-income (or not a country in the World Bank list)
18491,Caritas Switzerland,Non-governmental Organization,Switzerland,High income,218,181,0.066,International NGO,rule,home country is high-income (or not a country in the World Bank list)
11070,Living Goods,Non-governmental Organization,United States of America,High income,217,231,0.13,International NGO,rule,home country is high-income (or not a country in the World Bank list)
934,Epicentre,Non-governmental Organization,France,High income,216,221,0.335,International NGO,rule,home country is high-income (or not a country in the World Bank list)
4398,Plan Canada,Non-governmental Organization,Canada,High income,212,194,0.902,International NGO,rule,home country is high-income (or not a country in the World Bank list)
596,Cruz Roja Española,Red Cross/Red Crescent Movement,Spain,High income,211,209,0.01,Red Cross/Red Crescent Movement,ReliefWeb type,
2541,Doctors with Africa CUAMM,Non-governmental Organization,Italy,High income,211,211,0.0,International NGO,rule,home country is high-income (or not a country in the World Bank list)
13051,Legal Action Worldwide,Non-governmental Organization,United Kingdom of Great Britain and Northern Ireland,High income,211,208,0.043,International NGO,rule,home country is high-income (or not a country in the World Bank list)
2174,Cruz Roja Venezolana,Red Cross/Red Crescent Movement,Venezuela (Bolivarian Republic of),Lower middle income,210,210,1.0,Red Cross/Red Crescent Movement,ReliefWeb type,
46928,Sign of Hope,Non-governmental Organization,Germany,High income,210,207,0.005,International NGO,rule,home country is high-income (or not a country in the World Bank list)
4117,Cardno Emerging Markets,Other,United States of America,High income,209,202,0.005,Other,ReliefWeb type,
13968,African Parks,Non-governmental Organization,South Africa,Upper middle income,208,199,0.02,Regional NGO (global South base),rule,home country is low/middle-income but only 2% of located posts are there
3814,Asmae,Non-governmental Organization,France,High income,208,219,0.265,International NGO,rule,home country is high-income (or not a country in the World Bank list)
43419,Ghiras Al-Nahda,Non-governmental Organization,Türkiye,Upper middle income,208,210,0.99,Locally based NGO,rule,based in Türkiye or Syria: treated as locally based (Syria response)
738,RefuSHE,Non-governmental Organization,Kenya,Lower middle income,208,206,0.99,Locally based NGO,rule,home country is low/middle-income and 99% of located posts are there
621,Afghanaid,Non-governmental Organization,United Kingdom of Great Britain and Northern Ireland,High income,207,203,0.044,International NGO,rule,home country is high-income (or not a country in the World Bank list)
23056,SEED,Non-governmental Organization,Iraq,Upper middle income,207,206,0.995,Locally based NGO,rule,home country is low/middle-income and 100% of located posts are there
623,Greenpeace,Non-governmental Organization,Netherlands,High income,206,221,0.054,International NGO,rule,home country is high-income (or not a country in the World Bank list)
10023,Bibliothèques Sans Frontières,Non-governmental Organization,France,High income,205,200,0.29,International NGO,rule,home country is high-income (or not a country in the World Bank list)
14025,CARE International UK,Non-governmental Organization,United Kingdom of Great Britain and Northern Ireland,High income,205,182,0.901,International NGO,rule,home country is high-income (or not a country in the World Bank list)
1521,The Swedish Committee for Afghanistan,Non-governmental Organization,Sweden,High income,205,200,0.0,International NGO,rule,home country is high-income (or not a country in the World Bank list)
12837,Syria Relief,Non-governmental Organization,United Kingdom of Great Britain and Northern Ireland,High income,204,204,0.127,International NGO,rule,home country is high-income (or not a country in the World Bank list)
8849,Conservation International,Non-governmental Organization,United States of America,High income,203,268,0.045,International NGO,rule,home country is high-income (or not a country in the World Bank list)
15000,Grupo Tragsa,Other,Spain,High income,203,220,0.641,Other,ReliefWeb type,
2199,Feed the Children,Non-governmental Organization,United States of America,High income,201,186,0.011,International NGO,rule,home country is high-income (or not a country in the World Bank list)
1425,UN Department of Peacekeeping Operations,International Organization,United States of America,High income,201,116,0.06,International Organization,ReliefWeb type,
1989,World Relief,Non-governmental Organization,United States of America,High income,201,204,0.147,International NGO,rule,home country is high-income (or not a country in the World Bank list)
13976,Global Green Growth Institute,International Organization,Republic of Korea,High income,199,191,0.183,International Organization,ReliefWeb type,
46074,Kids in Need of Defense,Non-governmental Organization,United States of America,High income,199,176,0.92,International NGO,rule,home country is high-income (or not a country in the World Bank list)
4480,Swiss Tropical and Public Health Institute,Academic and Research Institution,Switzerland,High income,199,173,0.376,Academic and Research Institution,ReliefWeb type,
1040,War Child International,Non-governmental Organization,Netherlands,High income,198,174,0.184,International NGO,rule,home country is high-income (or not a country in the World Bank list)
9594,Alliance for Financial Inclusion,Other,Thailand,Upper middle income,197,60,0.3,Other,ReliefWeb type,
2554,Fédération internationale pour les droits humains,Non-governmental Organization,France,High income,197,188,0.734,International NGO,rule,home country is high-income (or not a country in the World Bank list)
2353,FilmAid International,Non-governmental Organization,United States of America,High income,196,192,0.016,International NGO,rule,home country is high-income (or not a country in the World Bank list)
687,"Groupe Energies Renouvelables, Environnement et Solidarités",Non-governmental Organization,France,High income,196,211,0.213,International NGO,rule,home country is high-income (or not a country in the World Bank list)
713,Gruppo di Volontariato Civile,Non-governmental Organization,Italy,High income,196,200,0.0,International NGO,rule,home country is high-income (or not a country in the World Bank list)
3758,IMA World Health,Non-governmental Organization,United States of America,High income,196,195,0.067,International NGO,rule,home country is high-income (or not a country in the World Bank list)
1740,United Methodist Committee on Relief,Non-governmental Organization,United States of America,High income,196,160,0.594,International NGO,rule,home country is high-income (or not a country in the World Bank list)
676,Danish Demining Group,Non-governmental Organization,Denmark,High income,195,192,0.036,International NGO,rule,home country is high-income (or not a country in the World Bank list)
4108,Special Tribunal for Lebanon,International Organization,Netherlands,High income,195,195,0.923,International Organization,ReliefWeb type,
40069,World Organisation for Animal Health,International Organization,France,High income,193,191,0.764,International Organization,ReliefWeb type,
532,Heifer International,Non-governmental Organization,United States of America,High income,192,228,0.228,International NGO,rule,home country is high-income (or not a country in the World Bank list)
46858,International Computing Centre,Other,Switzerland,High income,192,250,0.076,Other,ReliefWeb type,
11113,National Endowment for Democracy,Academic and Research Institution,United States of America,High income,192,192,1.0,Academic and Research Institution,ReliefWeb type,
2759,arche noVa,Non-governmental Organization,Germany,High income,192,181,0.033,International NGO,rule,home country is high-income (or not a country in the World Bank list)
45564,Bonyan Organization,Non-governmental Organization,Türkiye,Upper middle income,188,182,1.0,Locally based NGO,rule,based in Türkiye or Syria: treated as locally based (Syria response)
9417,ACAPS,Academic and Research Institution,Switzerland,High income,184,226,0.195,Academic and Research Institution,ReliefWeb type,
4556,Civilian Technical Assistance Programme,Government,Afghanistan,Low income,184,182,1.0,Government,ReliefWeb type,
42909,Norwegian Capacity,Non-governmental Organization,Norway,High income,184,145,0.041,International NGO,rule,home country is high-income (or not a country in the World Bank list)
1985,International Catholic Migration Commission,Non-governmental Organization,Switzerland,High income,183,159,0.164,International NGO,rule,home country is high-income (or not a country in the World Bank list)
717,Alliance of Bioversity & CIAT,Academic and Research Institution,Italy,High income,182,179,0.034,Academic and Research Institution,ReliefWeb type,
937,Equal Access,Non-governmental Organization,United States of America,High income,182,176,0.188,International NGO,rule,home country is high-income (or not a country in the World Bank list)
9070,Generations For Peace,Non-governmental Organization,Jordan,Upper middle income,179,179,0.939,Locally based NGO,rule,home country is low/middle-income and 94% of located posts are there
10824,International Women's Initiative,Non-governmental Organization,United Kingdom of Great Britain and Northern Ireland,High income,178,64,0.672,International NGO,rule,home country is high-income (or not a country in the World Bank list)
40553,Farsight Africa Group,Other,Kenya,Lower middle income,177,229,0.432,Other,ReliefWeb type,
1234,Peace Brigades International,Non-governmental Organization,Belgium,High income,177,149,0.087,International NGO,rule,home country is high-income (or not a country in the World Bank list)
35076,Union of Medical Care and Relief Organizations,Non-governmental Organization,France,High income,177,173,0.058,International NGO,rule,home country is high-income (or not a country in the World Bank list)
14152,Engility Corporation,Non-governmental Organization,United States of America,High income,175,191,0.168,International NGO,rule,home country is high-income (or not a country in the World Bank list)
1996,International Council of Voluntary Agencies,Non-governmental Organization,Switzerland,High income,175,121,0.554,International NGO,rule,home country is high-income (or not a country in the World Bank list)
3002,Asylum Access,Non-governmental Organization,United States of America,High income,173,171,0.146,International NGO,rule,home country is high-income (or not a country in the World Bank list)
3078,I Choose Life - Africa,Non-governmental Organization,Kenya,Lower middle income,172,171,0.994,Locally based NGO,rule,home country is low/middle-income and 99% of located posts are there
49833,Micro Enterprises Support Programme Trust,Non-governmental Organization,Kenya,Lower middle income,172,172,1.0,Locally based NGO,rule,home country is low/middle-income and 100% of located posts are there
508,EMERGENCY,Non-governmental Organization,Italy,High income,170,219,0.046,International NGO,rule,home country is high-income (or not a country in the World Bank list)
11165,Gender Resources Inc.,Other,United States of America,High income,170,162,0.025,Other,ReliefWeb type,
3607,War Child Canada,Non-governmental Organization,Canada,High income,170,167,0.162,International NGO,rule,home country is high-income (or not a country in the World Bank list)
1368,RCN Justice et Démocratie,Non-governmental Organization,Belgium,High income,169,167,0.251,International NGO,rule,home country is high-income (or not a country in the World Bank list)
10453,ELRHA,Academic and Research Institution,United Kingdom of Great Britain and Northern Ireland,High income,167,110,1.0,Academic and Research Institution,ReliefWeb type,
2454,Improving Economies for Stronger Communities,Non-governmental Organization,United States of America,High income,167,161,0.211,International NGO,rule,home country is high-income (or not a country in the World Bank list)
1571,International Institute for Democracy and Electoral Assistance,Non-governmental Organization,United States of America,High income,167,162,0.012,International NGO,rule,home country is high-income (or not a country in the World Bank list)
3336,Caritas Czech Republic,Non-governmental Organization,Czechia,High income,166,156,0.103,International NGO,rule,home country is high-income (or not a country in the World Bank list)
4222,NORLHA,Non-governmental Organization,Switzerland,High income,165,162,0.938,International NGO,rule,home country is high-income (or not a country in the World Bank list)
41904,Syria Civil Defense (White Helmets),Non-governmental Organization,Syrian Arab Republic,Low income,165,168,0.685,Locally based NGO,rule,based in Türkiye or Syria: treated as locally based (Syria response)
51002,CBM Global Disability Inclusion,Non-governmental Organization,Netherlands,High income,164,463,0.026,International NGO,rule,home country is high-income (or not a country in the World Bank list)
4449,African Institute for Mathematical Sciences,Academic and Research Institution,South Africa,Upper middle income,163,158,0.089,Academic and Research Institution,ReliefWeb type,
523,Australian Red Cross,Red Cross/Red Crescent Movement,Australia,High income,163,156,0.282,Red Cross/Red Crescent Movement,ReliefWeb type,
2409,Government of Afghanistan,Government,Afghanistan,Low income,163,160,1.0,Government,ReliefWeb type,
1233,Inter-Parliamentary Union,International Organization,Switzerland,High income,163,113,0.841,International Organization,ReliefWeb type,
42434,Syria Justice and Accountability Centre,Non-governmental Organization,United States of America,High income,163,88,0.466,International NGO,rule,home country is high-income (or not a country in the World Bank list)
4100,International Commission on Missing Persons,International Organization,Netherlands,High income,162,153,0.235,International Organization,ReliefWeb type,
914,Development and Training Services,Other,United States of America,High income,161,156,0.545,Other,ReliefWeb type,
1994,Mennonite Central Committee,Non-governmental Organization,United States of America,High income,161,160,0.319,International NGO,rule,home country is high-income (or not a country in the World Bank list)
892,Comitato Collaborazione Medica,Non-governmental Organization,Italy,High income,160,158,0.0,International NGO,rule,home country is high-income (or not a country in the World Bank list)
14437,Start Network,Non-governmental Organization,United Kingdom of Great Britain and Northern Ireland,High income,160,298,0.349,International NGO,rule,home country is high-income (or not a country in the World Bank list)
3618,AECOM International Development Inc.,Other,United States of America,High income,159,159,0.057,Other,ReliefWeb type,
608,Croix-Rouge de Belgique,Red Cross/Red Crescent Movement,Belgium,High income,158,162,0.21,Red Cross/Red Crescent Movement,ReliefWeb type,
377,SolidarMed,Non-governmental Organization,Switzerland,High income,158,158,0.076,International NGO,rule,home country is high-income (or not a country in the World Bank list)
9723,Strategic Initiative for Women in the Horn of Africa,Non-governmental Organization,Uganda,Low income,158,138,0.558,Regional NGO (global South base),rule,home country is low/middle-income but only 56% of located posts are there
14066,European Institute of Peace,Other,Belgium,High income,157,118,0.839,Other,ReliefWeb type,
3576,Humanitarian Initiative Just Relief Aid,Non-governmental Organization,Kenya,Lower middle income,157,158,0.051,Regional NGO (global South base),rule,home country is low/middle-income but only 5% of located posts are there
885,CIVICUS,Non-governmental Organization,South Africa,Upper middle income,156,92,0.685,Regional NGO (global South base),rule,home country is low/middle-income but only 68% of located posts are there
2477,Plan USA,Non-governmental Organization,United States of America,High income,156,150,0.487,International NGO,rule,home country is high-income (or not a country in the World Bank list)
15513,The Nordic International Support Foundation,Non-governmental Organization,Norway,High income,155,149,0.027,International NGO,rule,home country is high-income (or not a country in the World Bank list)
4547,Belgian Development Agency,Government,Belgium,High income,154,150,0.033,Government,ReliefWeb type,
620,European Commission's Directorate-General for European Civil Protection and Humanitarian Aid Operations,International Organization,Belgium,High income,154,153,0.0,International Organization,ReliefWeb type,
50289,Idmibok International,Non-governmental Organization,Nigeria,Lower middle income,154,262,0.317,Regional NGO (global South base),rule,home country is low/middle-income but only 32% of located posts are there
31361,Maram Foundation,Non-governmental Organization,Türkiye,Upper middle income,154,152,0.934,Locally based NGO,rule,based in Türkiye or Syria: treated as locally based (Syria response)
33806,Vital Strategies,Non-governmental Organization,United States of America,High income,154,174,0.299,International NGO,rule,home country is high-income (or not a country in the World Bank list)
14983,Hand in Hand for Aid and Development,Non-governmental Organization,United Kingdom of Great Britain and Northern Ireland,High income,153,151,0.026,International NGO,rule,home country is high-income (or not a country in the World Bank list)
1554,International Centre for Migration Policy Development,International Organization,Austria,High income,153,137,0.153,International Organization,ReliefWeb type,
51822,3iS,Non-governmental Organization,France,High income,152,135,0.007,International NGO,rule,home country is high-income (or not a country in the World Bank list)
15074,Farm Radio International,Non-governmental Organization,Canada,High income,152,272,0.048,International NGO,rule,home country is high-income (or not a country in the World Bank list)
51258,Société de Développement International,Non-governmental Organization,Canada,High income,152,152,0.007,International NGO,rule,home country is high-income (or not a country in the World Bank list)
3590,Terre des Hommes Italia,Non-governmental Organization,Italy,High income,152,154,0.0,International NGO,rule,home country is high-income (or not a country in the World Bank list)
286,Arbeiter-Samariter-Bund Deutschland e.V.,Non-governmental Organization,Germany,High income,151,144,0.014,International NGO,rule,home country is high-income (or not a country in the World Bank list)
13064,Assistance Coordination Unit,Non-governmental Organization,Türkiye,Upper middle income,151,161,1.0,Locally based NGO,rule,based in Türkiye or Syria: treated as locally based (Syria response)
2871,African Initiatives for Relief and Development,Non-governmental Organization,Uganda,Low income,150,134,0.455,Regional NGO (global South base),rule,home country is low/middle-income but only 46% of located posts are there
2624,Qatar Charity,Non-governmental Organization,Qatar,High income,150,142,0.162,International NGO,rule,home country is high-income (or not a country in the World Bank list)
4082,Cowater International,Other,Canada,High income,149,154,0.039,Other,ReliefWeb type,
1588,IntraHealth International,Other,United States of America,High income,149,153,0.131,Other,ReliefWeb type,
1724,QED Group,Other,United States of America,High income,149,136,0.265,Other,ReliefWeb type,
925,EngenderHealth,Non-governmental Organization,United States of America,High income,148,145,0.531,International NGO,rule,home country is high-income (or not a country in the World Bank list)
1041,Minority Rights Group,Non-governmental Organization,United Kingdom of Great Britain and Northern Ireland,High income,148,145,0.676,International NGO,rule,home country is high-income (or not a country in the World Bank list)
4000,Protection International,Non-governmental Organization,Belgium,High income,148,165,0.382,International NGO,rule,home country is high-income (or not a country in the World Bank list)
2874,Turquoise Mountain,Non-governmental Organization,United Kingdom of Great Britain and Northern Ireland,High income,148,142,0.063,International NGO,rule,home country is high-income (or not a country in the World Bank list)
3425,International Livestock Research Institute,Non-governmental Organization,Ethiopia; Kenya,Low income; Lower middle income,147,144,0.917,International NGO,manual override,CGIAR international research centre typed as an NGO by ReliefWeb
2156,MCD Global Health,Non-governmental Organization,United States of America,High income,147,160,0.156,International NGO,rule,home country is high-income (or not a country in the World Bank list)
1330,Peace Winds Japan,Non-governmental Organization,Japan,High income,147,147,0.0,International NGO,rule,home country is high-income (or not a country in the World Bank list)
3698,TechnoServe,Non-governmental Organization,United States of America,High income,147,146,0.37,International NGO,rule,home country is high-income (or not a country in the World Bank list)
3867,Mary's Meals,Non-governmental Organization,United Kingdom of Great Britain and Northern Ireland,High income,146,118,0.636,International NGO,rule,home country is high-income (or not a country in the World Bank list)
14263,Vera Solutions,Other,India,Lower middle income,146,246,0.362,Other,ReliefWeb type,
11480,Accounting for International Development,Non-governmental Organization,United Kingdom of Great Britain and Northern Ireland,High income,145,205,0.278,International NGO,rule,home country is high-income (or not a country in the World Bank list)
50478,European Climate Foundation,Non-governmental Organization,Netherlands,High income,145,117,0.043,International NGO,rule,home country is high-income (or not a country in the World Bank list)
2128,Kvinna Till Kvinna,Non-governmental Organization,Sweden,High income,145,142,0.077,International NGO,rule,home country is high-income (or not a country in the World Bank list)
3602,PLAY International,Non-governmental Organization,France,High income,145,137,0.38,International NGO,rule,home country is high-income (or not a country in the World Bank list)
940,European Committee for Agricultural Training,Non-governmental Organization,Italy,High income,144,151,0.0,International NGO,rule,home country is high-income (or not a country in the World Bank list)
19471,Humanitarian OpenStreetMap Team,Non-governmental Organization,United States of America,High income,144,77,0.078,International NGO,rule,home country is high-income (or not a country in the World Bank list)
44339,Takaful Al Sham Charity Organization,Non-governmental Organization,Türkiye,Upper middle income,144,144,1.0,Locally based NGO,rule,based in Türkiye or Syria: treated as locally based (Syria response)
2531,WorldFish,Academic and Research Institution,Malaysia,Upper middle income,144,109,0.541,Academic and Research Institution,ReliefWeb type,
28746,Baan Dek Foundation,Non-governmental Organization,Thailand,Upper middle income,142,136,0.993,Locally based NGO,rule,home country is low/middle-income and 99% of located posts are there
47023,Violet Organization for Relief and Development,Non-governmental Organization,Türkiye,Upper middle income,142,141,1.0,Locally based NGO,rule,based in Türkiye or Syria: treated as locally based (Syria response)
8449,CALP Network,Non-governmental Organization,United Kingdom of Great Britain and Northern Ireland,High income,141,63,0.238,International NGO,rule,home country is high-income (or not a country in the World Bank list)
1338,International Crisis Group,Academic and Research Institution,Belgium,High income,140,128,0.438,Academic and Research Institution,ReliefWeb type,
2858,Muslim Aid,Non-governmental Organization,United Kingdom of Great Britain and Northern Ireland,High income,140,132,0.318,International NGO,rule,home country is high-income (or not a country in the World Bank list)
492,International Institute for Environment and Development,Academic and Research Institution,United Kingdom of Great Britain and Northern Ireland,High income,139,125,0.992,Academic and Research Institution,ReliefWeb type,
1904,Comitato Internazionale per lo Sviluppo dei Popoli,Non-governmental Organization,Italy,High income,137,143,0.0,International NGO,rule,home country is high-income (or not a country in the World Bank list)
2005,Physicians for Human Rights,Non-governmental Organization,United States of America,High income,137,124,0.831,International NGO,rule,home country is high-income (or not a country in the World Bank list)
4442,Crown Agents USA,Other,United States of America,High income,136,130,0.408,Other,ReliefWeb type,
4304,ACT Alliance,Non-governmental Organization,Switzerland,High income,135,101,0.267,International NGO,rule,home country is high-income (or not a country in the World Bank list)
27516,Croix-Rouge luxembourgeoise,Red Cross/Red Crescent Movement,Luxembourg,High income,135,130,0.092,Red Cross/Red Crescent Movement,ReliefWeb type,
3180,International Union Against Tuberculosis and Lung Disease,Other,France,High income,135,125,0.048,Other,ReliefWeb type,
13424,The Colombo Plan,International Organization,Sri Lanka,Upper middle income,135,132,0.455,International Organization,ReliefWeb type,
2794,Invisible Children,Non-governmental Organization,United States of America,High income,134,138,0.145,International NGO,rule,home country is high-income (or not a country in the World Bank list)
43159,Elaf for Relief and Development,Non-governmental Organization,Türkiye,Upper middle income,133,133,1.0,Locally based NGO,rule,based in Türkiye or Syria: treated as locally based (Syria response)
48818,Lifting Hands International,Non-governmental Organization,United States of America,High income,133,130,0.0,International NGO,rule,home country is high-income (or not a country in the World Bank list)
13978,Syria Relief & Development,Non-governmental Organization,United States of America,High income,132,132,0.0,International NGO,rule,home country is high-income (or not a country in the World Bank list)
45664,European Union Capacity Building Mission in Somalia,Non-governmental Organization,Somalia,Low income,131,132,0.985,International NGO,manual override,EU civilian mission typed as an NGO by ReliefWeb; not a local organisation
636,Global Witness,Non-governmental Organization,United Kingdom of Great Britain and Northern Ireland,High income,131,130,0.846,International NGO,rule,home country is high-income (or not a country in the World Bank list)
40964,International Association for Relief and Development,Non-governmental Organization,Türkiye,Upper middle income,131,129,0.93,Locally based NGO,rule,based in Türkiye or Syria: treated as locally based (Syria response)
314,Article 19,Non-governmental Organization,United Kingdom of Great Britain and Northern Ireland,High income,130,131,0.458,International NGO,rule,home country is high-income (or not a country in the World Bank list)
43184,Syrian Expatriate Medical Association,Non-governmental Organization,Türkiye,Upper middle income,130,126,0.96,Locally based NGO,rule,based in Türkiye or Syria: treated as locally based (Syria response)
4186,Health Poverty Action,Non-governmental Organization,United Kingdom of Great Britain and Northern Ireland,High income,129,132,0.121,International NGO,rule,home country is high-income (or not a country in the World Bank list)
4470,MAGNA,Non-governmental Organization,Slovakia,High income,129,141,0.106,International NGO,rule,home country is high-income (or not a country in the World Bank list)
3214,Women's International League for Peace and Freedom,Non-governmental Organization,Switzerland; United States of America,High income,129,92,0.946,International NGO,rule,home country is high-income (or not a country in the World Bank list)
1220,World Bank,International Organization,United States of America,High income,129,137,0.109,International Organization,ReliefWeb type,
745,Centre for Humanitarian Dialogue,Non-governmental Organization,Switzerland,High income,127,130,0.315,International NGO,rule,home country is high-income (or not a country in the World Bank list)
3107,Overseas Strategic Consulting,Other,United States of America,High income,127,128,0.062,Other,ReliefWeb type,
3856,Save the Children Sweden,Non-governmental Organization,Sweden,High income,127,90,0.267,International NGO,rule,home country is high-income (or not a country in the World Bank list)
46079,Viamo,Other,United States of America,High income,127,151,0.093,Other,ReliefWeb type,
50716,CORUS International,Non-governmental Organization,United States of America,High income,126,120,0.217,International NGO,rule,home country is high-income (or not a country in the World Bank list)
1419,UN Office of the High Commissioner for Human Rights,International Organization,Switzerland,High income,126,77,0.364,International Organization,ReliefWeb type,
611,Aflatoun,Non-governmental Organization,Netherlands,High income,125,96,0.917,International NGO,rule,home country is high-income (or not a country in the World Bank list)
675,Caritas France - Secours Catholique,Non-governmental Organization,France,High income,125,155,0.123,International NGO,rule,home country is high-income (or not a country in the World Bank list)
15529,Self Help Africa,Non-governmental Organization,United Kingdom of Great Britain and Northern Ireland,High income,125,121,0.091,International NGO,rule,home country is high-income (or not a country in the World Bank list)
50430,Still I Rise,Non-governmental Organization,Italy,High income,125,92,0.0,International NGO,rule,home country is high-income (or not a country in the World Bank list)
39509,TRUST Consultancy & Development,Other,Türkiye,Upper middle income,125,75,0.52,Other,ReliefWeb type,
3626,mothers2mothers,Non-governmental Organization,South Africa,Upper middle income,125,124,0.492,Regional NGO (global South base),rule,home country is low/middle-income but only 49% of located posts are there
9272,Joint Aid Management,Non-governmental Organization,South Africa,Upper middle income,124,119,0.37,Regional NGO (global South base),rule,home country is low/middle-income but only 37% of located posts are there
4099,Media in Cooperation and Transition,Media,Germany,High income,124,90,0.1,Media,ReliefWeb type,
13034,Gopa Worldwide Consultants,Other,Germany,High income,123,111,0.09,Other,ReliefWeb type,
13307,Qandil,Non-governmental Organization,Sweden,High income,122,121,0.0,International NGO,rule,home country is high-income (or not a country in the World Bank list)
2669,American Institutes for Research,Academic and Research Institution,United States of America,High income,121,106,0.377,Academic and Research Institution,ReliefWeb type,
336,Asian Forum for Human Rights and Development,Non-governmental Organization,Thailand,Upper middle income,120,87,0.805,Regional NGO (global South base),manual override,Regional network (FORUM-ASIA) based in Bangkok
1517,Caritas,Non-governmental Organization,Holy See,Not classified,120,121,0.223,International NGO,manual override,Caritas Internationalis; home listed as the Holy See
31676,POINT Society,Non-governmental Organization,Türkiye,Upper middle income,120,120,0.908,Locally based NGO,rule,based in Türkiye or Syria: treated as locally based (Syria response)
33346,CFI,Government,France,High income,118,220,0.109,Government,ReliefWeb type,
11343,Center for Civilians in Conflict,Non-governmental Organization,United States of America,High income,118,121,0.314,International NGO,rule,home country is high-income (or not a country in the World Bank list)
29596,ThinkWell,Non-governmental Organization,United States of America,High income,118,117,0.436,International NGO,rule,home country is high-income (or not a country in the World Bank list)
11263,ASEAN Coordinating Centre for Humanitarian Assistance,International Organization,Indonesia,Upper middle income,117,114,0.939,International Organization,ReliefWeb type,
15064,Aktis Strategy,Non-governmental Organization,United Kingdom of Great Britain and Northern Ireland,High income,117,129,0.318,International NGO,rule,home country is high-income (or not a country in the World Bank list)
3175,Diakonia Sweden,Non-governmental Organization,Sweden,High income,117,115,0.009,International NGO,rule,home country is high-income (or not a country in the World Bank list)
44864,Justice Education Society,Non-governmental Organization,Canada,High income,117,138,0.058,International NGO,rule,home country is high-income (or not a country in the World Bank list)
2724,KNCV Tuberculosis Foundation,Non-governmental Organization,Netherlands,High income,117,108,0.611,International NGO,rule,home country is high-income (or not a country in the World Bank list)
50975,Mission for Essential Drugs and Supplies,Non-governmental Organization,Kenya,Lower middle income,117,113,1.0,Locally based NGO,rule,home country is low/middle-income and 100% of located posts are there
2974,Friends-International,Non-governmental Organization,France,High income,116,113,0.018,International NGO,rule,home country is high-income (or not a country in the World Bank list)
45589,National Syrian Project for Prosthetic Limbs,Non-governmental Organization,Türkiye,Upper middle income,116,116,1.0,Locally based NGO,rule,based in Türkiye or Syria: treated as locally based (Syria response)
1991,Shelter Centre,Non-governmental Organization,Switzerland,High income,116,31,0.968,International NGO,rule,home country is high-income (or not a country in the World Bank list)
2403,Internal Displacement Monitoring Centre,Non-governmental Organization,Switzerland,High income,115,73,0.932,International NGO,rule,home country is high-income (or not a country in the World Bank list)
4353,We World,Non-governmental Organization,Italy,High income,115,120,0.025,International NGO,rule,home country is high-income (or not a country in the World Bank list)
41269,Badael,Non-governmental Organization,Türkiye,Upper middle income,114,51,0.471,Locally based NGO,rule,based in Türkiye or Syria: treated as locally based (Syria response)
2832,Fauna & Flora International,Non-governmental Organization,United Kingdom of Great Britain and Northern Ireland,High income,114,115,0.113,International NGO,rule,home country is high-income (or not a country in the World Bank list)
3072,Pro Peace (Forum Ziviler Friedensdienst e.V.),Non-governmental Organization,Germany,High income,114,113,0.106,International NGO,rule,home country is high-income (or not a country in the World Bank list)
2767,Youth Challenge International,Non-governmental Organization,United States of America,High income,114,124,0.0,International NGO,rule,home country is high-income (or not a country in the World Bank list)
12274,Common Goal,Non-governmental Organization,Germany,High income,113,106,0.972,International NGO,rule,home country is high-income (or not a country in the World Bank list)
12281,Islamic Relief Kenya,Non-governmental Organization,Kenya,Lower middle income,113,116,0.966,International NGO,manual override,Country office of Islamic Relief Worldwide (United Kingdom)
2756,Kenya Red Cross Society,Red Cross/Red Crescent Movement,Kenya,Lower middle income,113,113,1.0,Red Cross/Red Crescent Movement,ReliefWeb type,
2295,Leonard Cheshire,Non-governmental Organization,United Kingdom of Great Britain and Northern Ireland,High income,113,108,0.685,International NGO,rule,home country is high-income (or not a country in the World Bank list)
13904,Access Now,Non-governmental Organization,United States of America,High income,112,56,0.518,International NGO,rule,home country is high-income (or not a country in the World Bank list)
1922,Concordis International,Non-governmental Organization,United Kingdom of Great Britain and Northern Ireland,High income,112,82,0.293,International NGO,rule,home country is high-income (or not a country in the World Bank list)
3417,Dorcas Aid International,Non-governmental Organization,Netherlands,High income,112,109,0.193,International NGO,rule,home country is high-income (or not a country in the World Bank list)
3783,Village Health Works,Non-governmental Organization,United States of America,High income,112,110,0.136,International NGO,rule,home country is high-income (or not a country in the World Bank list)
1518,Islamic Development Bank,International Organization,Saudi Arabia,High income,111,111,0.369,International Organization,ReliefWeb type,
1354,MADERA,Non-governmental Organization,France,High income,111,111,0.018,International NGO,rule,home country is high-income (or not a country in the World Bank list)
9884,MzN International,Other,United Kingdom of Great Britain and Northern Ireland,High income,111,102,0.196,Other,ReliefWeb type,
51365,Bodhi Global Analysis,Other,United Kingdom of Great Britain and Northern Ireland,High income,110,166,0.229,Other,ReliefWeb type,
45594,Christian Health Association of Kenya,Non-governmental Organization,Kenya,Lower middle income,110,111,0.991,Locally based NGO,rule,home country is low/middle-income and 99% of located posts are there
2437,Horizont3000,Non-governmental Organization,Austria,High income,110,151,0.007,International NGO,rule,home country is high-income (or not a country in the World Bank list)
41194,Barcelona Institute for Global Health,Academic and Research Institution,Spain,High income,109,109,0.789,Academic and Research Institution,ReliefWeb type,
428,HealthNet TPO,Non-governmental Organization,Netherlands,High income,109,107,0.15,International NGO,rule,home country is high-income (or not a country in the World Bank list)
19116,International Network For Aid Relief and Assistance,Non-governmental Organization,Lebanon,Lower middle income,109,110,0.209,Regional NGO (global South base),rule,home country is low/middle-income but only 21% of located posts are there
15443,International Transformation Foundation,Non-governmental Organization,Kenya,Lower middle income,109,152,0.507,Regional NGO (global South base),rule,home country is low/middle-income but only 51% of located posts are there
45009,Medecins du Monde - Turkey / Dunya Doktorlari Dernegi,Non-governmental Organization,Türkiye,Upper middle income,109,109,1.0,Locally based NGO,rule,based in Türkiye or Syria: treated as locally based (Syria response)
10920,Street Child,Non-governmental Organization,United Kingdom of Great Britain and Northern Ireland,High income,109,113,0.106,International NGO,rule,home country is high-income (or not a country in the World Bank list)
3071,Tropical Health and Education Trust,Non-governmental Organization,United Kingdom of Great Britain and Northern Ireland,High income,109,103,0.165,International NGO,rule,home country is high-income (or not a country in the World Bank list)
15324,Urgent Action Fund-Africa,Non-governmental Organization,Kenya,Lower middle income,109,40,0.7,Regional NGO (global South base),rule,home country is low/middle-income but only 70% of located posts are there
2925,World Agroforestry Centre,Academic and Research Institution,Kenya,Lower middle income,109,105,0.733,Academic and Research Institution,ReliefWeb type,
15344,Accord Worldwide,Other,United States of America,High income,108,101,0.079,Other,ReliefWeb type,
3733,Act Change Transform,Non-governmental Organization,Kenya,Lower middle income,108,108,1.0,Locally based NGO,rule,home country is low/middle-income and 100% of located posts are there
1112,Build Change,Non-governmental Organization,United States of America,High income,108,93,0.151,International NGO,rule,home country is high-income (or not a country in the World Bank list)
673,Danish Committee for Aid to Afghan Refugees,Non-governmental Organization,Afghanistan,Low income,108,102,0.98,International NGO,manual override,Danish NGO working in Afghanistan
51188,ForAfrika,Non-governmental Organization,South Africa,Upper middle income,108,66,0.121,Regional NGO (global South base),rule,home country is low/middle-income but only 12% of located posts are there
29291,Swedish Red Cross,Red Cross/Red Crescent Movement,Sweden,High income,108,102,0.147,Red Cross/Red Crescent Movement,ReliefWeb type,
46289,Basel Institute on Governance,Non-governmental Organization,Switzerland,High income,107,107,0.196,International NGO,rule,home country is high-income (or not a country in the World Bank list)
3051,Light for the World,Non-governmental Organization,Austria,High income,107,185,0.086,International NGO,rule,home country is high-income (or not a country in the World Bank list)
1980,Pan American Health Organization,International Organization,United States of America,High income,107,87,0.149,International Organization,ReliefWeb type,
900,CHF International,Non-governmental Organization,United States of America,High income,106,102,0.088,International NGO,rule,home country is high-income (or not a country in the World Bank list)
9695,International Treatment Preparedness Coalition,Non-governmental Organization,Thailand,Upper middle income,106,20,0.0,Regional NGO (global South base),rule,home country is low/middle-income but only 0% of located posts are there
43129,Wellcome Trust,Academic and Research Institution,United Kingdom of Great Britain and Northern Ireland,High income,106,106,0.0,Academic and Research Institution,ReliefWeb type,
43454,Collateral Repair Project,Non-governmental Organization,Jordan,Upper middle income,105,98,1.0,Locally based NGO,rule,home country is low/middle-income and 100% of located posts are there
2220,Operation Blessing,Non-governmental Organization,United States of America,High income,104,92,0.967,International NGO,rule,home country is high-income (or not a country in the World Bank list)
51384,Organisation of Southern Cooperation,International Organization,Ethiopia,Low income,103,169,0.609,International Organization,ReliefWeb type,
43744,Syrian Center for Media and Freedom of Expression,Non-governmental Organization,France,High income,103,41,0.268,International NGO,rule,home country is high-income (or not a country in the World Bank list)
10263,Ipas,Non-governmental Organization,United States of America,High income,102,129,0.085,International NGO,rule,home country is high-income (or not a country in the World Bank list)
2016,ORBIS International,Non-governmental Organization,United States of America,High income,102,137,0.197,International NGO,rule,home country is high-income (or not a country in the World Bank list)
10405,African Agricultural Technology Foundation,Non-governmental Organization,Kenya,Lower middle income,101,100,0.76,Regional NGO (global South base),rule,home country is low/middle-income but only 76% of located posts are there
785,Fondation Hirondelle,Non-governmental Organization,Switzerland,High income,101,98,0.255,International NGO,rule,home country is high-income (or not a country in the World Bank list)
2823,Inter Aide,Non-governmental Organization,France,High income,101,106,0.123,International NGO,rule,home country is high-income (or not a country in the World Bank list)
42064,The Day After,Non-governmental Organization,Syrian Arab Republic,Low income,101,99,0.909,Locally based NGO,rule,based in Türkiye or Syria: treated as locally based (Syria response)
1984,World Concern,Non-governmental Organization,United States of America,High income,101,94,0.16,International NGO,rule,home country is high-income (or not a country in the World Bank list)
2899,International HIV/AIDS Alliance,Non-governmental Organization,United Kingdom of Great Britain and Northern Ireland,High income,100,102,0.676,International NGO,rule,home country is high-income (or not a country in the World Bank list)
47763,Frontline AIDS,Non-governmental Organization,United Kingdom of Great Britain and Northern Ireland,High income,99,143,0.559,International NGO,rule,home country is high-income (or not a country in the World Bank list)
10414,Girls Not Brides,Non-governmental Organization,United Kingdom of Great Britain and Northern Ireland,High income,99,112,0.473,International NGO,rule,home country is high-income (or not a country in the World Bank list)
1997,International Orthodox Christian Charities,Non-governmental Organization,United States of America,High income,99,99,0.263,International NGO,rule,home country is high-income (or not a country in the World Bank list)
4104,Millennium Water Alliance,Non-governmental Organization,United States of America,High income,99,99,0.121,International NGO,rule,home country is high-income (or not a country in the World Bank list)
38041,United Purpose,Non-governmental Organization,United Kingdom of Great Britain and Northern Ireland,High income,99,98,0.163,International NGO,rule,home country is high-income (or not a country in the World Bank list)
9441,African Wildlife Foundation,Non-governmental Organization,Kenya,Lower middle income,98,99,0.414,Regional NGO (global South base),rule,home country is low/middle-income but only 41% of located posts are there
351,Association for Aid and Relief Japan,Non-governmental Organization,Japan,High income,98,98,0.0,International NGO,rule,home country is high-income (or not a country in the World Bank list)
51484,CARE Deutschland,Non-governmental Organization,Germany,High income,98,93,0.258,International NGO,rule,home country is high-income (or not a country in the World Bank list)
14632,Canada World Youth,Non-governmental Organization,Canada,High income,98,108,0.213,International NGO,rule,home country is high-income (or not a country in the World Bank list)
3816,Flemish Association for Development Cooperation and Technical Assistance,Other,Belgium,High income,98,105,0.171,Other,ReliefWeb type,
1194,International Center for Agricultural Research in the Dry Areas,Academic and Research Institution,Lebanon,Lower middle income,98,108,0.046,Academic and Research Institution,ReliefWeb type,
11769,Beyond Violence,Non-governmental Organization,United Kingdom of Great Britain and Northern Ireland,High income,97,80,0.025,International NGO,rule,home country is high-income (or not a country in the World Bank list)
3040,Farm Africa,Non-governmental Organization,United Kingdom of Great Britain and Northern Ireland,High income,97,93,0.226,International NGO,rule,home country is high-income (or not a country in the World Bank list)
1087,Institute for Security Studies,Academic and Research Institution,South Africa,Upper middle income,97,102,0.51,Academic and Research Institution,ReliefWeb type,
1551,Shelter for Life,Non-governmental Organization,United States of America,High income,97,85,0.059,International NGO,rule,home country is high-income (or not a country in the World Bank list)
12540,Asia Society for Social Improvement & Sustainable Transformation,Non-governmental Organization,Philippines,Upper middle income,96,281,0.196,Regional NGO (global South base),rule,home country is low/middle-income but only 20% of located posts are there
4559,Nathan Associates,Other,United States of America,High income,96,88,0.284,Other,ReliefWeb type,
1278,Open Society Foundations,Academic and Research Institution,United States of America,High income,96,119,0.261,Academic and Research Institution,ReliefWeb type,
822,Agriconsulting,Other,Italy,High income,95,94,0.0,Other,ReliefWeb type,
8846,Brot für die Welt,Non-governmental Organization,Germany,High income,95,139,0.036,International NGO,rule,home country is high-income (or not a country in the World Bank list)
3442,Education Development Trust,Non-governmental Organization,United Kingdom of Great Britain and Northern Ireland,High income,95,89,0.079,International NGO,rule,home country is high-income (or not a country in the World Bank list)
3283,Integrity Watch Afghanistan,Academic and Research Institution,Afghanistan,Low income,95,82,1.0,Academic and Research Institution,ReliefWeb type,
1810,UN Institute for Training and Research,International Organization,Switzerland,High income,95,90,0.8,International Organization,ReliefWeb type,
11264,World Renew,Non-governmental Organization,United States of America,High income,95,106,0.16,International NGO,rule,home country is high-income (or not a country in the World Bank list)
50923,Aries Consult,Other,United Kingdom of Great Britain and Northern Ireland,High income,94,98,0.0,Other,ReliefWeb type,
21791,Business and Human Rights Resource Centre,Non-governmental Organization,United States of America,High income,94,40,0.075,International NGO,rule,home country is high-income (or not a country in the World Bank list)
47093,Public Health Institute,Non-governmental Organization,United States of America,High income,94,94,0.457,International NGO,rule,home country is high-income (or not a country in the World Bank list)
49613,Dienste in Übersee,Non-governmental Organization,Germany,High income,93,94,0.011,International NGO,rule,home country is high-income (or not a country in the World Bank list)
52266,STOOS CONSULTING,Other,Iraq,Upper middle income,93,81,0.025,Other,ReliefWeb type,
49303,Center for Operational Analysis and Research,Other,Cyprus,High income,92,46,0.043,Other,ReliefWeb type,
2908,PAE,Other,United States of America,High income,92,86,0.093,Other,ReliefWeb type,
40638,UCSF Global Programs for Research & Training,Non-governmental Organization,Kenya,Lower middle income,92,94,0.979,International NGO,manual override,Affiliate of the University of California San Francisco
281,APOPO,Non-governmental Organization,Belgium,High income,91,70,0.057,International NGO,rule,home country is high-income (or not a country in the World Bank list)
883,Social Development Direct,Other,United Kingdom of Great Britain and Northern Ireland,High income,91,100,0.61,Other,ReliefWeb type,
43509,Social Development International,Non-governmental Organization,Türkiye,Upper middle income,91,91,0.989,Locally based NGO,rule,based in Türkiye or Syria: treated as locally based (Syria response)
827,Action Education,Non-governmental Organization,France,High income,90,108,0.306,International NGO,rule,home country is high-income (or not a country in the World Bank list)
449,British Council,Government,United Kingdom of Great Britain and Northern Ireland,High income,90,100,0.02,Government,ReliefWeb type,
4380,Human Relief Foundation,Non-governmental Organization,United Kingdom of Great Britain and Northern Ireland,High income,90,90,0.244,International NGO,rule,home country is high-income (or not a country in the World Bank list)
15420,Thomson Reuters Foundation,Non-governmental Organization,United Kingdom of Great Britain and Northern Ireland,High income,90,86,0.581,International NGO,rule,home country is high-income (or not a country in the World Bank list)
12811,Gold Star Kenya,Non-governmental Organization,Kenya,Lower middle income,89,87,1.0,Locally based NGO,rule,home country is low/middle-income and 100% of located posts are there
4324,Innovations for Poverty Action,Non-governmental Organization,United States of America,High income,89,118,0.178,International NGO,rule,home country is high-income (or not a country in the World Bank list)
28596,International Refugee Assistance Project,Non-governmental Organization,United States of America,High income,89,101,0.426,International NGO,rule,home country is high-income (or not a country in the World Bank list)
48384,Laterite,Non-governmental Organization,Rwanda,Low income,89,142,0.254,Regional NGO (global South base),rule,home country is low/middle-income but only 25% of located posts are there
1073,UK Foreign and Commonwealth Office,Government,United Kingdom of Great Britain and Northern Ireland,High income,89,86,0.105,Government,ReliefWeb type,
51181,Yoga and Sports with Refugees,Non-governmental Organization,Greece,High income,89,86,0.988,International NGO,rule,home country is high-income (or not a country in the World Bank list)
27416,Basmeh and Zeitooneh,Non-governmental Organization,Lebanon,Lower middle income,88,86,0.058,Regional NGO (global South base),rule,home country is low/middle-income but only 6% of located posts are there
3061,CTS Global,Other,United States of America,High income,88,84,0.071,Other,ReliefWeb type,
529,Famine Early Warning System Network,Government,United States of America,High income,88,121,0.008,Government,ReliefWeb type,
435,Help – Hilfe zur Selbsthilfe,Non-governmental Organization,Germany,High income,88,83,0.024,International NGO,rule,home country is high-income (or not a country in the World Bank list)
15375,Nascent Solutions,Non-governmental Organization,United States of America,High income,88,84,0.298,International NGO,rule,home country is high-income (or not a country in the World Bank list)
45694,Coalition on Violence Against Women,Non-governmental Organization,Kenya,Lower middle income,87,87,1.0,Locally based NGO,rule,home country is low/middle-income and 100% of located posts are there
730,Department for International Development,Government,United Kingdom of Great Britain and Northern Ireland,High income,87,81,0.617,Government,ReliefWeb type,
9517,Dimagi,Other,United States of America,High income,87,95,0.074,Other,ReliefWeb type,
857,Geneva International Centre for Humanitarian Demining,International Organization,Switzerland,High income,87,83,0.988,International Organization,ReliefWeb type,
2578,American University of Afghanistan,Academic and Research Institution,Afghanistan,Low income,86,37,0.838,Academic and Research Institution,ReliefWeb type,
47429,Caritas Austria,Non-governmental Organization,Austria,High income,86,94,0.106,International NGO,rule,home country is high-income (or not a country in the World Bank list)
50419,Connecting Research to Development,Non-governmental Organization,Lebanon,Lower middle income,86,79,0.544,Regional NGO (global South base),rule,home country is low/middle-income but only 54% of located posts are there
1302,International Service,Non-governmental Organization,United States of America,High income,86,95,0.0,International NGO,rule,home country is high-income (or not a country in the World Bank list)
45294,Olive Branch,Non-governmental Organization,Türkiye,Upper middle income,86,84,0.94,Locally based NGO,rule,based in Türkiye or Syria: treated as locally based (Syria response)
35011,Humanitarian Leadership Academy,Non-governmental Organization,United Kingdom of Great Britain and Northern Ireland,High income,85,69,0.406,International NGO,rule,home country is high-income (or not a country in the World Bank list)
48539,IMPACT civil society research and development,Non-governmental Organization,Germany,High income,85,40,0.7,International NGO,rule,home country is high-income (or not a country in the World Bank list)
48329,Indigo Volunteers,Non-governmental Organization,United Kingdom of Great Britain and Northern Ireland,High income,85,62,0.016,International NGO,rule,home country is high-income (or not a country in the World Bank list)
17261,The Global Community Engagement and Resilience Fund,Other,Switzerland,High income,85,82,0.902,Other,ReliefWeb type,
2870,UN Economic and Social Commission for Asia and the Pacific,International Organization,Thailand,Upper middle income,85,82,0.829,International Organization,ReliefWeb type,
829,Amideast,Non-governmental Organization,United States of America,High income,84,85,0.247,International NGO,rule,home country is high-income (or not a country in the World Bank list)
1603,Catholic Medical Mission Board,Non-governmental Organization,United States of America,High income,84,137,0.204,International NGO,rule,home country is high-income (or not a country in the World Bank list)
3194,Crisis Action,Non-governmental Organization,United Kingdom of Great Britain and Northern Ireland,High income,84,89,0.101,International NGO,rule,home country is high-income (or not a country in the World Bank list)
4524,Mercy Hands Organization,Non-governmental Organization,Iraq,Upper middle income,84,79,0.709,Regional NGO (global South base),rule,home country is low/middle-income but only 71% of located posts are there
35566,Mercy Without Limits,Non-governmental Organization,United States of America,High income,84,83,0.0,International NGO,rule,home country is high-income (or not a country in the World Bank list)
16586,350.org,Non-governmental Organization,United States of America,High income,83,66,0.076,International NGO,rule,home country is high-income (or not a country in the World Bank list)
8813,All Hands and Hearts,Non-governmental Organization,United States of America,High income,83,70,0.3,International NGO,rule,home country is high-income (or not a country in the World Bank list)
4493,Coalition for the International Criminal Court,Non-governmental Organization,United States of America,High income,83,73,0.082,International NGO,rule,home country is high-income (or not a country in the World Bank list)
9563,Community Partners International,Non-governmental Organization,United States of America,High income,83,73,0.068,International NGO,rule,home country is high-income (or not a country in the World Bank list)
14009,"International Advisory, Products and Systems",Non-governmental Organization,United States of America,High income,83,273,0.018,International NGO,rule,home country is high-income (or not a country in the World Bank list)
1569,International Center for Transitional Justice,Non-governmental Organization,United States of America,High income,83,76,0.368,International NGO,rule,home country is high-income (or not a country in the World Bank list)
2897,International Centre for Integrated Mountain Development,International Organization,Nepal,Lower middle income,83,81,0.975,International Organization,ReliefWeb type,
33276,Lighthouse Relief,Non-governmental Organization,Sweden,High income,83,78,0.0,International NGO,rule,home country is high-income (or not a country in the World Bank list)
4213,WITNESS,Other,United States of America,High income,83,61,0.984,Other,ReliefWeb type,
7632,World Federation of United Nations Associations,Non-governmental Organization,United States of America,High income,83,88,0.614,International NGO,rule,home country is high-income (or not a country in the World Bank list)
31886,GiveDirectly,Other,United States of America,High income,82,71,0.197,Other,ReliefWeb type,
7627,Institut Européen de Coopération et de Développement,Non-governmental Organization,France,High income,82,82,0.244,International NGO,rule,home country is high-income (or not a country in the World Bank list)
44834,Institute for Strategic Dialogue,Other,United Kingdom of Great Britain and Northern Ireland,High income,82,76,0.382,Other,ReliefWeb type,
1700,SOFRECO,Other,France,High income,82,92,0.087,Other,ReliefWeb type,
15275,Samuel Hall,Academic and Research Institution,Afghanistan,Low income,82,72,0.139,Academic and Research Institution,ReliefWeb type,
14527,Somaliland Development Fund,Other,Somalia,Low income,82,82,1.0,Other,ReliefWeb type,
2077,The Global Fund,Other,Switzerland,High income,82,79,0.949,Other,ReliefWeb type,
2415,International Rice Research Institute,Academic and Research Institution,Philippines,Upper middle income,81,85,0.682,Academic and Research Institution,ReliefWeb type,
2449,Power People Inclusion,Non-governmental Organization,France,High income,81,80,0.037,International NGO,rule,home country is high-income (or not a country in the World Bank list)
31826,VillageReach,Non-governmental Organization,United States of America,High income,81,104,0.365,International NGO,rule,home country is high-income (or not a country in the World Bank list)
3873,Aga Khan Agency for Habitat,Non-governmental Organization,Switzerland,High income,80,80,0.0,International NGO,rule,home country is high-income (or not a country in the World Bank list)
13015,Build Africa,Non-governmental Organization,United Kingdom of Great Britain and Northern Ireland,High income,80,73,0.151,International NGO,rule,home country is high-income (or not a country in the World Bank list)
25086,Development Gateway,Non-governmental Organization,United States of America,High income,80,54,0.13,International NGO,rule,home country is high-income (or not a country in the World Bank list)
1270,Intergovernmental Authority on Development,International Organization,Djibouti,Lower middle income,80,116,0.362,International Organization,ReliefWeb type,
1305,International Fund for Agricultural Development,International Organization,Italy,High income,80,71,0.437,International Organization,ReliefWeb type,
32686,Syrian Civil Administration Development Center,Non-governmental Organization,Türkiye,Upper middle income,80,79,1.0,Locally based NGO,rule,based in Türkiye or Syria: treated as locally based (Syria response)
15231,The Center for People and Forests (RECOFTC),Non-governmental Organization,Thailand,Upper middle income,80,80,0.812,Regional NGO (global South base),manual override,Regional organisation working across Asia-Pacific
15106,The Freedom Fund,Non-governmental Organization,United Kingdom of Great Britain and Northern Ireland; United States of America,High income,80,77,0.571,International NGO,rule,home country is high-income (or not a country in the World Bank list)
51225,The Nature Conservancy,Non-governmental Organization,United States of America,High income,80,165,0.018,International NGO,rule,home country is high-income (or not a country in the World Bank list)
12747,medica mondiale,Non-governmental Organization,Germany,High income,80,81,0.037,International NGO,rule,home country is high-income (or not a country in the World Bank list)
40813,Blumont,Non-governmental Organization,United States of America,High income,79,75,0.173,International NGO,rule,home country is high-income (or not a country in the World Bank list)
1276,International Development Research Centre,Academic and Research Institution,Canada,High income,79,78,0.5,Academic and Research Institution,ReliefWeb type,
22466,King's Sierra Leone Partnership,Academic and Research Institution,Sierra Leone,Low income,79,79,0.987,Academic and Research Institution,ReliefWeb type,
41274,SARD,Non-governmental Organization,Türkiye,Upper middle income,79,80,1.0,Locally based NGO,rule,based in Türkiye or Syria: treated as locally based (Syria response)
50048,Community Organized Relief Effort,Non-governmental Organization,United States of America,High income,78,58,0.672,International NGO,rule,home country is high-income (or not a country in the World Bank list)
12592,Global Network of Civil Society Organisations for Disaster Reduction,Non-governmental Organization,United Kingdom of Great Britain and Northern Ireland,High income,78,104,0.173,International NGO,rule,home country is high-income (or not a country in the World Bank list)
2316,Handicap International Belgium,Non-governmental Organization,Belgium,High income,78,81,0.296,International NGO,rule,home country is high-income (or not a country in the World Bank list)
51341,Impact Santé Afrique,Non-governmental Organization,Cameroon,Lower middle income,78,40,0.9,Locally based NGO,rule,home country is low/middle-income and 90% of located posts are there
2011,Mercy-USA for Aid and Development,Non-governmental Organization,United States of America,High income,78,77,0.0,International NGO,rule,home country is high-income (or not a country in the World Bank list)
45534,Sustainet Group Limited,Non-governmental Organization,Kenya,Lower middle income,78,78,0.872,Locally based NGO,rule,home country is low/middle-income and 87% of located posts are there
3149,Africa and MiddleEast Refugee Assistance,Non-governmental Organization,United Kingdom of Great Britain and Northern Ireland,High income,77,73,0.0,International NGO,rule,home country is high-income (or not a country in the World Bank list)
50530,Ataa Humanitarian Relief Association,Non-governmental Organization,Türkiye,Upper middle income,77,77,1.0,Locally based NGO,rule,based in Türkiye or Syria: treated as locally based (Syria response)
4404,Doctors of the World UK,International Organization,United Kingdom of Great Britain and Northern Ireland,High income,77,76,0.829,International Organization,ReliefWeb type,
31771,Euromed Feminist Initiative,Non-governmental Organization,France,High income,77,69,0.159,International NGO,rule,home country is high-income (or not a country in the World Bank list)
36976,Ground Truth Solutions,Non-governmental Organization,Austria,High income,77,72,0.375,International NGO,rule,home country is high-income (or not a country in the World Bank list)
17481,Momentum Wheels for Humanity,Non-governmental Organization,United States of America,High income,77,67,0.09,International NGO,rule,home country is high-income (or not a country in the World Bank list)
23141,NORC,Academic and Research Institution,United States of America,High income,77,99,0.101,Academic and Research Institution,ReliefWeb type,
13534,NetHope,Non-governmental Organization,United States of America,High income,77,3,0.333,International NGO,rule,home country is high-income (or not a country in the World Bank list)
51494,Shining Hope For Communities,Non-governmental Organization,Kenya,Lower middle income,77,77,1.0,Locally based NGO,rule,home country is low/middle-income and 100% of located posts are there
9620,Tsamota,Other,World,Not classified,77,78,0.013,Other,ReliefWeb type,
3695,AGRA,Non-governmental Organization,Kenya,Lower middle income,76,77,0.519,Regional NGO (global South base),rule,home country is low/middle-income but only 52% of located posts are there
18866,Ihsan Relief and Development,Non-governmental Organization,Türkiye,Upper middle income,76,76,1.0,Locally based NGO,rule,based in Türkiye or Syria: treated as locally based (Syria response)
1648,NGO Coordination Committee For Iraq,Non-governmental Organization,Iraq,Upper middle income,76,75,0.8,Locally based NGO,rule,home country is low/middle-income and 80% of located posts are there
4474,Nuru International,Non-governmental Organization,United States of America,High income,76,71,0.127,International NGO,rule,home country is high-income (or not a country in the World Bank list)
40823,Young Peacebuilders,Non-governmental Organization,United States of America,High income,76,4,0.5,International NGO,rule,home country is high-income (or not a country in the World Bank list)
2027,Mennonite Economic Development Associates,Other,Canada,High income,75,76,0.066,Other,ReliefWeb type,
1638,"Movimiento por la Paz, el Desarme y la Libertad",Non-governmental Organization,Spain,High income,75,74,0.176,International NGO,rule,home country is high-income (or not a country in the World Bank list)
7607,Oxfam Italia,Non-governmental Organization,Italy,High income,75,81,0.259,International NGO,rule,home country is high-income (or not a country in the World Bank list)
2246,UNIDO,International Organization,Austria,High income,75,74,0.068,International Organization,ReliefWeb type,
13995,AAM Consulting,Other,Hungary,High income,74,104,0.0,Other,ReliefWeb type,
46823,Centre for Agriculture and Biosciences International,Non-governmental Organization,United Kingdom of Great Britain and Northern Ireland,High income,74,64,0.078,International NGO,rule,home country is high-income (or not a country in the World Bank list)
3429,International Commission against Impunity in Guatemala,International Organization,Guatemala,Upper middle income,73,71,1.0,International Organization,ReliefWeb type,
45969,Medic Mobile,Non-governmental Organization,United States of America,High income,73,90,0.044,International NGO,rule,home country is high-income (or not a country in the World Bank list)
3419,Nile Basin Initiative,Other,Uganda,Low income,73,70,0.9,Other,ReliefWeb type,
46998,Refugee Services of Texas,Non-governmental Organization,United States of America,High income,73,73,1.0,International NGO,rule,home country is high-income (or not a country in the World Bank list)
51673,U.S. International Development Finance Corporation,Government,United States of America,High income,73,64,0.797,Government,ReliefWeb type,
2483,Water Mission International,Non-governmental Organization,United States of America,High income,73,74,0.595,International NGO,rule,home country is high-income (or not a country in the World Bank list)
3796,Fondazione L'Albero della Vita,Non-governmental Organization,Italy,High income,72,71,0.127,International NGO,rule,home country is high-income (or not a country in the World Bank list)
4334,Free the Slaves,Non-governmental Organization,United States of America,High income,72,48,0.5,International NGO,rule,home country is high-income (or not a country in the World Bank list)
25851,Relief Applications,Other,France,High income,72,35,0.0,Other,ReliefWeb type,
11282,Tostan,Non-governmental Organization,Senegal,Lower middle income,72,73,0.863,Locally based NGO,rule,home country is low/middle-income and 86% of located posts are there
11292,Workforce Humanity,Other,United States of America,High income,72,79,0.013,Other,ReliefWeb type,
3217,Center for Education and Development,Non-governmental Organization,Somalia,Low income,71,71,0.887,Locally based NGO,rule,home country is low/middle-income and 89% of located posts are there
9923,Center for Reproductive Rights,Non-governmental Organization,United States of America,High income,71,70,0.229,International NGO,rule,home country is high-income (or not a country in the World Bank list)
43194,Free Yezidi Foundation,Non-governmental Organization,Iraq; Netherlands; United States of America,High income; Upper middle income,71,49,1.0,International NGO,rule,home country is high-income (or not a country in the World Bank list)
1227,International Institute of Rural Reconstruction,Non-governmental Organization,Philippines,Upper middle income,71,66,0.152,Regional NGO (global South base),rule,home country is low/middle-income but only 15% of located posts are there
4177,Manoff Group,Other,United States of America,High income,71,69,0.275,Other,ReliefWeb type,
51395,Open Cultural Center,Non-governmental Organization,Greece; Spain,High income,71,72,1.0,International NGO,rule,home country is high-income (or not a country in the World Bank list)
4070,Vétérinaires Sans Frontières Suisse,Non-governmental Organization,Switzerland,High income,71,72,0.125,International NGO,rule,home country is high-income (or not a country in the World Bank list)
702,Austrian Red Cross,Red Cross/Red Crescent Movement,Austria,High income,70,74,0.149,Red Cross/Red Crescent Movement,ReliefWeb type,
2387,Groupe Urgence - Réhabilitation - Développement,Academic and Research Institution,France,High income,70,64,0.594,Academic and Research Institution,ReliefWeb type,
51574,Humanitarian Logistics Cooperative (Hulo),Other,France,High income,70,34,0.735,Other,ReliefWeb type,
10806,Living Water International,Non-governmental Organization,United States of America,High income,70,71,0.099,International NGO,rule,home country is high-income (or not a country in the World Bank list)
1632,Medical Aid for Palestinians,Non-governmental Organization,United Kingdom of Great Britain and Northern Ireland,High income,70,73,0.425,International NGO,rule,home country is high-income (or not a country in the World Bank list)
2185,The Border Consortium,Non-governmental Organization,Thailand,Upper middle income,70,71,0.859,Locally based NGO,rule,home country is low/middle-income and 86% of located posts are there
3362,UN Capital Development Fund,International Organization,United States of America,High income,70,66,0.167,International Organization,ReliefWeb type,
651,British Broadcasting Corporation,Media,United Kingdom of Great Britain and Northern Ireland,High income,69,71,0.38,Media,ReliefWeb type,
4114,EarthRights International,Non-governmental Organization,United States of America,High income,69,67,0.045,International NGO,rule,home country is high-income (or not a country in the World Bank list)
15591,Hedayah,Academic and Research Institution,United Arab Emirates,High income,69,45,0.867,Academic and Research Institution,ReliefWeb type,
1578,International Service for Human Rights,Non-governmental Organization,Switzerland,High income,69,53,0.774,International NGO,rule,home country is high-income (or not a country in the World Bank list)
3754,Justice Centre Hong Kong,Non-governmental Organization,China - Hong Kong (Special Administrative Region),High income,69,69,1.0,International NGO,rule,home country is high-income (or not a country in the World Bank list)
1594,Karen Human Rights Group,Non-governmental Organization,Myanmar,Lower middle income,69,65,0.046,Regional NGO (global South base),rule,home country is low/middle-income but only 5% of located posts are there
10100,Latin American Foundation for the Future,Non-governmental Organization,United Kingdom of Great Britain and Northern Ireland,High income,69,65,0.0,International NGO,rule,home country is high-income (or not a country in the World Bank list)
33066,Natural Resource Governance Institute,Non-governmental Organization,United States of America,High income,69,69,0.319,International NGO,rule,home country is high-income (or not a country in the World Bank list)
1279,Swiss Agency for Development and Cooperation,Government,Switzerland,High income,69,71,0.0,Government,ReliefWeb type,
38474,Voluntas,Academic and Research Institution,Denmark,High income,69,94,0.053,Academic and Research Institution,ReliefWeb type,
413,Columbia University,Academic and Research Institution,United States of America,High income,68,64,0.609,Academic and Research Institution,ReliefWeb type,
12371,Forest Stewardship Council,Non-governmental Organization,Germany,High income,68,55,0.727,International NGO,rule,home country is high-income (or not a country in the World Bank list)
25866,Shafak,Non-governmental Organization,Türkiye,Upper middle income,68,67,1.0,Locally based NGO,rule,based in Türkiye or Syria: treated as locally based (Syria response)
28301,Blossom Trust,Non-governmental Organization,India,Lower middle income,67,65,0.969,Locally based NGO,rule,home country is low/middle-income and 97% of located posts are there
2943,CartONG,Non-governmental Organization,France,High income,67,61,0.918,International NGO,rule,home country is high-income (or not a country in the World Bank list)
38669,Colleges and Institutes Canada,Academic and Research Institution,Canada,High income,67,67,0.0,Academic and Research Institution,ReliefWeb type,
7622,Institute of International Education,Academic and Research Institution,United States of America,High income,67,71,0.817,Academic and Research Institution,ReliefWeb type,
33076,Mayday Rescue,Non-governmental Organization,Netherlands,High income,67,59,0.153,International NGO,rule,home country is high-income (or not a country in the World Bank list)
22151,Arab Renaissance for Democracy and Development,Non-governmental Organization,Jordan,Upper middle income,66,62,1.0,Locally based NGO,rule,home country is low/middle-income and 100% of located posts are there
4541,Entrepreneurs du Monde,Non-governmental Organization,France,High income,66,65,0.108,International NGO,rule,home country is high-income (or not a country in the World Bank list)
35926,Flowminder Foundation,Academic and Research Institution,Sweden,High income,66,58,0.069,Academic and Research Institution,ReliefWeb type,
9859,Fundación Capital,Non-governmental Organization,Panama,High income,66,71,0.0,International NGO,rule,home country is high-income (or not a country in the World Bank list)
9986,IBI International,Other,United States of America,High income,66,64,0.078,Other,ReliefWeb type,
13132,ICS,Non-governmental Organization,Netherlands,High income,66,67,0.0,International NGO,rule,home country is high-income (or not a country in the World Bank list)
2894,Ibis,Non-governmental Organization,Denmark,High income,66,66,0.121,International NGO,rule,home country is high-income (or not a country in the World Bank list)
764,Africare,Non-governmental Organization,United States of America,High income,65,67,0.119,International NGO,rule,home country is high-income (or not a country in the World Bank list)
538,Cord,Non-governmental Organization,United Kingdom of Great Britain and Northern Ireland,High income,65,67,0.224,International NGO,rule,home country is high-income (or not a country in the World Bank list)
9464,Croix-Rouge Genevoise,Red Cross/Red Crescent Movement,Switzerland,High income,65,61,0.016,Red Cross/Red Crescent Movement,ReliefWeb type,
2949,ICMA International,Non-governmental Organization,United States of America,High income,65,64,0.047,International NGO,rule,home country is high-income (or not a country in the World Bank list)
977,Interchurch Organisation for Development Co-operation,Non-governmental Organization,Netherlands,High income,65,64,0.016,International NGO,rule,home country is high-income (or not a country in the World Bank list)
3378,Médecins du Monde Canada,Non-governmental Organization,Canada,High income,65,65,0.354,International NGO,rule,home country is high-income (or not a country in the World Bank list)
33966,Triggerise,Non-governmental Organization,Netherlands,High income,65,65,0.062,International NGO,rule,home country is high-income (or not a country in the World Bank list)
1482,UN Environment Programme,International Organization,Kenya,Lower middle income,65,56,0.143,International Organization,ReliefWeb type,
11723,Building Markets,Non-governmental Organization,United States of America,High income,64,63,0.143,International NGO,rule,home country is high-income (or not a country in the World Bank list)
50567,Fondation Paul Gérin-Lajoie,Non-governmental Organization,Canada,High income,64,54,0.148,International NGO,rule,home country is high-income (or not a country in the World Bank list)
14035,Friends Without a Border,Non-governmental Organization,United States of America,High income,64,63,0.0,International NGO,rule,home country is high-income (or not a country in the World Bank list)
2181,Helvetas,Non-governmental Organization,Germany; Switzerland; United States of America,High income,64,38,0.184,International NGO,rule,home country is high-income (or not a country in the World Bank list)
11411,Institute for Global Environmental Strategies,Academic and Research Institution,Japan,High income,64,58,0.0,Academic and Research Institution,ReliefWeb type,
30886,Refugee Consortium of Kenya,Non-governmental Organization,Kenya,Lower middle income,64,63,1.0,Locally based NGO,rule,home country is low/middle-income and 100% of located posts are there
25831,Syrian Forum,Non-governmental Organization,Türkiye,Upper middle income,64,64,1.0,Locally based NGO,rule,based in Türkiye or Syria: treated as locally based (Syria response)
4536,Action on Armed Violence,Non-governmental Organization,United Kingdom of Great Britain and Northern Ireland,High income,63,67,0.478,International NGO,rule,home country is high-income (or not a country in the World Bank list)
9192,Bioversity International,Other,Italy,High income,63,67,0.463,Other,ReliefWeb type,
8888,Democratic Progress Institute,Non-governmental Organization,United Kingdom of Great Britain and Northern Ireland,High income,63,62,0.984,International NGO,rule,home country is high-income (or not a country in the World Bank list)
34631,Help a Child,Non-governmental Organization,Netherlands,High income,63,63,0.048,International NGO,rule,home country is high-income (or not a country in the World Bank list)
4254,Oxfam America,Non-governmental Organization,United States of America,High income,63,57,0.316,International NGO,rule,home country is high-income (or not a country in the World Bank list)
2344,Rift Valley Institute,Academic and Research Institution,Kenya,Lower middle income,63,75,0.467,Academic and Research Institution,ReliefWeb type,
37411,Soutien Belge Overseas,Non-governmental Organization,,,63,63,0.0,NGO (home country unknown),rule,ReliefWeb lists no home country
12300,The BOMA Project,Non-governmental Organization,Kenya; United States of America,High income; Lower middle income,63,61,0.984,International NGO,rule,home country is high-income (or not a country in the World Bank list)
3759,Welbodi Partnership,Non-governmental Organization,United Kingdom of Great Britain and Northern Ireland,High income,63,60,0.0,International NGO,rule,home country is high-income (or not a country in the World Bank list)
50688,Action for Humanity,Non-governmental Organization,United Kingdom of Great Britain and Northern Ireland,High income,62,62,0.274,International NGO,rule,home country is high-income (or not a country in the World Bank list)
40034,Al Sham Foundation,Non-governmental Organization,Türkiye,Upper middle income,62,63,1.0,Locally based NGO,rule,based in Türkiye or Syria: treated as locally based (Syria response)
42579,Amna,Non-governmental Organization,United Kingdom of Great Britain and Northern Ireland,High income,62,59,0.288,International NGO,rule,home country is high-income (or not a country in the World Bank list)
49653,CUFA,Non-governmental Organization,Australia,High income,62,91,0.011,International NGO,rule,home country is high-income (or not a country in the World Bank list)
3337,Checchi,Other,United States of America,High income,62,62,0.29,Other,ReliefWeb type,
3504,Government of Somalia,Government,Somalia,Low income,62,61,1.0,Government,ReliefWeb type,
46099,Italian Agency for Development Cooperation,Government,Italy,High income,62,64,0.0,Government,ReliefWeb type,
11378,Lawyers for Justice in Libya,Non-governmental Organization,United Kingdom of Great Britain and Northern Ireland,High income,62,59,0.983,International NGO,rule,home country is high-income (or not a country in the World Bank list)
3795,MS ActionAid Denmark,Non-governmental Organization,Denmark,High income,62,44,0.273,International NGO,rule,home country is high-income (or not a country in the World Bank list)
51024,Science Based Targets,Other,United Kingdom of Great Britain and Northern Ireland,High income,62,107,0.234,Other,ReliefWeb type,
52105,Tiko,Non-governmental Organization,South Africa,Upper middle income,62,56,0.107,Regional NGO (global South base),rule,home country is low/middle-income but only 11% of located posts are there
30176,BINAA,Non-governmental Organization,Türkiye,Upper middle income,61,61,1.0,Locally based NGO,rule,based in Türkiye or Syria: treated as locally based (Syria response)
694,CARE Österreich,Non-governmental Organization,Austria,High income,61,61,0.836,International NGO,rule,home country is high-income (or not a country in the World Bank list)
524,Center for International Forestry Research,Academic and Research Institution,Indonesia,Upper middle income,61,62,0.694,Academic and Research Institution,ReliefWeb type,
2804,International Cocoa Initiative,Other,Switzerland,High income,61,54,0.426,Other,ReliefWeb type,
1534,International NGO Training and Research Centre,Academic and Research Institution,United Kingdom of Great Britain and Northern Ireland,High income,61,54,0.926,Academic and Research Institution,ReliefWeb type,
511,KOMAZA,Non-governmental Organization,Kenya,Lower middle income,61,60,1.0,Locally based NGO,rule,home country is low/middle-income and 100% of located posts are there
51161,Mari Research and Development,Non-governmental Organization,Canada,High income,61,33,0.0,International NGO,rule,home country is high-income (or not a country in the World Bank list)
50585,Rural Agency for Community Development and Assistance,Non-governmental Organization,Kenya,Lower middle income,61,68,0.779,Regional NGO (global South base),rule,home country is low/middle-income but only 78% of located posts are there
44774,SOS Méditerranée,Non-governmental Organization,France; Germany; Italy; Switzerland,High income,61,44,1.0,International NGO,rule,home country is high-income (or not a country in the World Bank list)
46599,Safe Place International,Non-governmental Organization,United States of America,High income,61,36,0.0,International NGO,rule,home country is high-income (or not a country in the World Bank list)
44174,Dr. Denis Mukwege Foundation,Non-governmental Organization,Netherlands,High income,60,52,0.635,International NGO,rule,home country is high-income (or not a country in the World Bank list)
46724,Simprints,Non-governmental Organization,United Kingdom of Great Britain and Northern Ireland,High income,60,38,0.658,International NGO,rule,home country is high-income (or not a country in the World Bank list)
9311,TRIAL International,Non-governmental Organization,Switzerland,High income,60,55,0.836,International NGO,rule,home country is high-income (or not a country in the World Bank list)
8644,Task Force for Global Health,Other,United States of America,High income,60,56,0.839,Other,ReliefWeb type,
46404,The African Academy of Sciences,Academic and Research Institution,Kenya,Lower middle income,60,60,1.0,Academic and Research Institution,ReliefWeb type,
11866,The Water Trust,Non-governmental Organization,United States of America,High income,60,62,0.065,International NGO,rule,home country is high-income (or not a country in the World Bank list)
38809,Wild Chimpanzee Foundation,Non-governmental Organization,Germany,High income,60,58,0.0,International NGO,rule,home country is high-income (or not a country in the World Bank list)
12691,CORE Group,Non-governmental Organization,United States of America,High income,59,45,0.511,International NGO,rule,home country is high-income (or not a country in the World Bank list)
4088,Global Water Partnership,International Organization,Sweden,High income,59,34,0.735,International Organization,ReliefWeb type,
2796,Link Education International,Non-governmental Organization,United Kingdom of Great Britain and Northern Ireland,High income,59,56,0.196,International NGO,rule,home country is high-income (or not a country in the World Bank list)
3282,Population Council,Academic and Research Institution,United States of America,High income,59,63,0.063,Academic and Research Institution,ReliefWeb type,
9619,Solidar Suisse,Non-governmental Organization,Switzerland,High income,59,56,0.018,International NGO,rule,home country is high-income (or not a country in the World Bank list)
11775,miraclefeet,Non-governmental Organization,United States of America,High income,59,103,0.078,International NGO,rule,home country is high-income (or not a country in the World Bank list)
49989,CAP Youth Empowerment Institute,Non-governmental Organization,Kenya,Lower middle income,58,57,1.0,Locally based NGO,rule,home country is low/middle-income and 100% of located posts are there
29246,Ensemble Contre la Peine de Mort,Non-governmental Organization,France,High income,58,54,0.87,International NGO,rule,home country is high-income (or not a country in the World Bank list)
8318,Free Press Unlimited,Non-governmental Organization,Netherlands,High income,58,48,0.208,International NGO,rule,home country is high-income (or not a country in the World Bank list)
1464,Johns Hopkins University,Academic and Research Institution,United States of America,High income,58,58,0.586,Academic and Research Institution,ReliefWeb type,
11704,The Health Support Organization,Non-governmental Organization,South Sudan,Low income,58,58,0.862,Locally based NGO,rule,home country is low/middle-income and 86% of located posts are there
1728,Trickle Up,Non-governmental Organization,United States of America,High income,58,53,0.415,International NGO,rule,home country is high-income (or not a country in the World Bank list)
1109,World Organisation Against Torture,Non-governmental Organization,Switzerland,High income,58,51,0.686,International NGO,rule,home country is high-income (or not a country in the World Bank list)
3844,Acting for Life,Non-governmental Organization,France,High income,57,57,0.877,International NGO,rule,home country is high-income (or not a country in the World Bank list)
277,Anti-Slavery International,Non-governmental Organization,United Kingdom of Great Britain and Northern Ireland,High income,57,53,0.698,International NGO,rule,home country is high-income (or not a country in the World Bank list)
51155,Coalition for Disaster Resilient Infrastructure,Other,India,Lower middle income,57,57,1.0,Other,ReliefWeb type,
50299,Consilient,Academic and Research Institution,Somalia,Low income,57,53,0.811,Academic and Research Institution,ReliefWeb type,
2918,FSD,Non-governmental Organization,Switzerland,High income,57,55,0.2,International NGO,rule,home country is high-income (or not a country in the World Bank list)
16216,GROOTS Kenya,Non-governmental Organization,Kenya,Lower middle income,57,57,1.0,Locally based NGO,rule,home country is low/middle-income and 100% of located posts are there
1209,IMPACT Transforming Natural Resource Management,Non-governmental Organization,Canada,High income,57,62,0.323,International NGO,rule,home country is high-income (or not a country in the World Bank list)
1614,Life & Peace Institute,Non-governmental Organization,Sweden,High income,57,48,0.188,International NGO,rule,home country is high-income (or not a country in the World Bank list)
2234,Muslim Hands International,Non-governmental Organization,United Kingdom of Great Britain and Northern Ireland,High income,57,50,0.26,International NGO,rule,home country is high-income (or not a country in the World Bank list)
8607,RefugePoint,Non-governmental Organization,United States of America,High income,57,45,0.333,International NGO,rule,home country is high-income (or not a country in the World Bank list)
48319,Solina Group,Non-governmental Organization,Nigeria,Lower middle income,57,77,0.481,Regional NGO (global South base),rule,home country is low/middle-income but only 48% of located posts are there
9940,Berghof Foundation,Academic and Research Institution,Germany,High income,56,54,0.667,Academic and Research Institution,ReliefWeb type,
668,Concern Universal,Non-governmental Organization,United Kingdom of Great Britain and Northern Ireland,High income,56,56,0.321,International NGO,rule,home country is high-income (or not a country in the World Bank list)
8824,KPMG,Other,Kenya,Lower middle income,56,61,0.311,Other,ReliefWeb type,
2015,Médecins du Monde - Suisse,Non-governmental Organization,Switzerland,High income,56,54,0.074,International NGO,rule,home country is high-income (or not a country in the World Bank list)
1855,Planned Parenthood,Non-governmental Organization,United States of America,High income,56,53,0.094,International NGO,rule,home country is high-income (or not a country in the World Bank list)
4073,Water For People,Other,United States of America,High income,56,74,0.514,Other,ReliefWeb type,
409,Agency Coordinating Body for Afghan Relief and Development,Non-governmental Organization,Afghanistan,Low income,55,54,1.0,Locally based NGO,rule,home country is low/middle-income and 100% of located posts are there
817,Danish International Development Assistance,Government,Denmark,High income,55,63,0.0,Government,ReliefWeb type,
4394,Democracy International,Other,United States of America,High income,55,53,0.17,Other,ReliefWeb type,
2736,European Public Law Organization,International Organization,Greece,High income,55,54,0.111,International Organization,ReliefWeb type,
2232,Fondation Mérieux,Non-governmental Organization,France,High income,55,56,0.357,International NGO,rule,home country is high-income (or not a country in the World Bank list)
4054,FreeBalance,Other,Canada,High income,55,563,0.0,Other,ReliefWeb type,
4060,Global Interagency Security Forum,Non-governmental Organization,United Kingdom of Great Britain and Northern Ireland,High income,55,45,1.0,International NGO,rule,home country is high-income (or not a country in the World Bank list)
43449,Kakenya’s Dream,Non-governmental Organization,United States of America,High income,55,55,0.018,International NGO,rule,home country is high-income (or not a country in the World Bank list)
2621,Opportunity International,Non-governmental Organization,United States of America,High income,55,51,0.588,International NGO,rule,home country is high-income (or not a country in the World Bank list)
1129,Peace Corps,Government,United States of America,High income,55,55,0.036,Government,ReliefWeb type,
3655,Egyptian Red Crescent,Red Cross/Red Crescent Movement,Egypt,Lower middle income,54,54,1.0,Red Cross/Red Crescent Movement,ReliefWeb type,
51061,FSC Indigenous Foundation,Non-governmental Organization,Panama,High income,54,52,0.942,International NGO,rule,home country is high-income (or not a country in the World Bank list)
47673,Jouri Research & Consultancy,Academic and Research Institution,Türkiye,Upper middle income,54,39,0.615,Academic and Research Institution,ReliefWeb type,
20661,Nobeah Foundation,Non-governmental Organization,Kenya,Lower middle income,54,169,0.112,Regional NGO (global South base),rule,home country is low/middle-income but only 11% of located posts are there
21511,ASEAN Parliamentarians for Human Rights,Other,Indonesia,Upper middle income,53,17,0.529,Other,ReliefWeb type,
809,Afghanistan Research and Evaluation Unit,Academic and Research Institution,Afghanistan,Low income,53,51,1.0,Academic and Research Institution,ReliefWeb type,
14275,Development Pathways,Non-governmental Organization,United Kingdom of Great Britain and Northern Ireland,High income,53,55,0.782,International NGO,rule,home country is high-income (or not a country in the World Bank list)
13939,Ethiopian Agricultural Transformation Agency,Government,Ethiopia,Low income,53,53,1.0,Government,ReliefWeb type,
13309,Iraq Access to Justice,Other,Iraq,Upper middle income,53,52,1.0,Other,ReliefWeb type,
12714,UN Assistance Mission in Somalia,International Organization,Somalia,Low income,53,54,0.963,International Organization,ReliefWeb type,
283,Australian Agency for International Development,Government,Australia,High income,52,48,0.104,Government,ReliefWeb type,
10430,Avocats Sans Frontières France,Non-governmental Organization,France,High income,52,51,0.275,International NGO,rule,home country is high-income (or not a country in the World Bank list)
3835,CARE Nederland,Non-governmental Organization,Netherlands,High income,52,33,0.97,International NGO,rule,home country is high-income (or not a country in the World Bank list)
2258,Commonwealth Secretariat,International Organization,United Kingdom of Great Britain and Northern Ireland,High income,52,46,0.696,International Organization,ReliefWeb type,
2831,European Union,International Organization,Belgium,High income,52,52,0.0,International Organization,ReliefWeb type,
8638,France Expertise Internationale,Other,France,High income,52,47,0.128,Other,ReliefWeb type,
50686,Mehad,Non-governmental Organization,France,High income,52,50,0.06,International NGO,rule,home country is high-income (or not a country in the World Bank list)
50565,Amal Organization for Relief and Development,Non-governmental Organization,Türkiye,Upper middle income,51,52,0.981,Locally based NGO,rule,based in Türkiye or Syria: treated as locally based (Syria response)
42819,Child's i Foundation,Non-governmental Organization,United Kingdom of Great Britain and Northern Ireland,High income,51,51,0.0,International NGO,rule,home country is high-income (or not a country in the World Bank list)
29566,Evidence Action,Non-governmental Organization,United States of America,High income,51,48,0.062,International NGO,rule,home country is high-income (or not a country in the World Bank list)
49378,ILGA World,Non-governmental Organization,Switzerland,High income,51,12,1.0,International NGO,rule,home country is high-income (or not a country in the World Bank list)
36136,University of Rhode Island,Academic and Research Institution,United States of America,High income,51,55,0.018,Academic and Research Institution,ReliefWeb type,
612,AFC Agriculture & Finance Consultants,Other,Germany,High income,50,65,0.0,Other,ReliefWeb type,
39929,Estonian Refugee Council,Non-governmental Organization,Estonia,High income,50,49,0.163,International NGO,rule,home country is high-income (or not a country in the World Bank list)
24311,Fortify Rights,Non-governmental Organization,United States of America,High income,50,56,0.0,International NGO,rule,home country is high-income (or not a country in the World Bank list)
50469,Hope Revival Organization,Non-governmental Organization,Türkiye,Upper middle income,50,50,1.0,Locally based NGO,rule,based in Türkiye or Syria: treated as locally based (Syria response)
34726,International Volunteer Service for Development,Non-governmental Organization,Italy,High income,50,51,0.0,International NGO,rule,home country is high-income (or not a country in the World Bank list)
1640,Refugee Education Trust,Non-governmental Organization,Switzerland,High income,50,51,0.02,International NGO,rule,home country is high-income (or not a country in the World Bank list)
50418,Samos Volunteers,Non-governmental Organization,Greece,High income,50,50,1.0,International NGO,rule,home country is high-income (or not a country in the World Bank list)
50866,The African Women's Development and Communications Network,Non-governmental Organization,Kenya,Lower middle income,50,31,0.452,Regional NGO (global South base),rule,home country is low/middle-income but only 45% of located posts are there
38819,Yazda,Non-governmental Organization,Iraq,Upper middle income,50,45,1.0,Locally based NGO,rule,home country is low/middle-income and 100% of located posts are there
16421,Baytna Syria,Non-governmental Organization,Türkiye,Upper middle income,49,50,0.82,Locally based NGO,rule,based in Türkiye or Syria: treated as locally based (Syria response)
3345,Euro-Mediterranean Foundation of Support to Human Rights Defenders,Non-governmental Organization,Denmark,High income,49,45,0.578,International NGO,rule,home country is high-income (or not a country in the World Bank list)
3146,Global Emergency Group,Other,United States of America,High income,49,39,0.385,Other,ReliefWeb type,
50786,Global Support and Development,Non-governmental Organization,United States of America,High income,49,42,0.976,International NGO,rule,home country is high-income (or not a country in the World Bank list)
641,Government of Sierra Leone,Government,Sierra Leone,Low income,49,48,1.0,Government,ReliefWeb type,
1265,International Relief and Development,Non-governmental Organization,United States of America,High income,49,49,0.061,International NGO,rule,home country is high-income (or not a country in the World Bank list)
3688,London School of Hygiene and Tropical Medicine,Academic and Research Institution,United Kingdom of Great Britain and Northern Ireland,High income,49,49,0.878,Academic and Research Institution,ReliefWeb type,
50280,ONG RAES,Non-governmental Organization,Senegal,Lower middle income,49,47,0.851,Locally based NGO,rule,home country is low/middle-income and 85% of located posts are there
2912,Public International Law and Policy Group,Other,United States of America,High income,49,42,0.571,Other,ReliefWeb type,
3022,Solidaridad,Non-governmental Organization,Netherlands,High income,49,43,0.0,International NGO,rule,home country is high-income (or not a country in the World Bank list)
48088,TWH (ARCHIVED SOURCE),Non-governmental Organization,Netherlands,High income,49,48,0.479,International NGO,rule,home country is high-income (or not a country in the World Bank list)
14900,The International and Ibero-American Foundation for Administration and Public Policies,Government,Spain,High income,49,33,0.03,Government,ReliefWeb type,
12893,Transition International,Non-governmental Organization,Netherlands,High income,49,39,0.846,International NGO,rule,home country is high-income (or not a country in the World Bank list)
1410,UNAIDS,International Organization,Switzerland,High income,49,49,0.122,International Organization,ReliefWeb type,
33231,Village Enterprise,Non-governmental Organization,United States of America,High income,49,54,0.0,International NGO,rule,home country is high-income (or not a country in the World Bank list)
48868,Center for Domestic Training and Development,Non-governmental Organization,Kenya,Lower middle income,48,47,1.0,Locally based NGO,rule,home country is low/middle-income and 100% of located posts are there
50453,Crest Point for Consultancy and Development,Other,Türkiye,Upper middle income,48,96,0.156,Other,ReliefWeb type,
50804,Johns Hopkins Center for Communication Programs,Non-governmental Organization,United States of America,High income,48,54,0.0,International NGO,rule,home country is high-income (or not a country in the World Bank list)
45254,Muzun for Humanitarian and Development,Non-governmental Organization,Türkiye,Upper middle income,48,48,1.0,Locally based NGO,rule,based in Türkiye or Syria: treated as locally based (Syria response)
10088,Namati,International Organization,United States of America,High income,48,51,0.157,International Organization,ReliefWeb type,
3169,Oxfam Australia,Non-governmental Organization,Australia,High income,48,46,0.152,International NGO,rule,home country is high-income (or not a country in the World Bank list)
38359,Public Services International,Other,France,High income,48,51,0.373,Other,ReliefWeb type,
10364,SIDO,Non-governmental Organization,Cambodia,Lower middle income,48,47,0.064,Regional NGO (global South base),rule,home country is low/middle-income but only 6% of located posts are there
3489,Westminster Foundation for Democracy,Academic and Research Institution,United Kingdom of Great Britain and Northern Ireland,High income,48,50,0.24,Academic and Research Institution,ReliefWeb type,
24396,Windle International Kenya,Non-governmental Organization,Kenya,Lower middle income,48,49,0.878,Locally based NGO,rule,home country is low/middle-income and 88% of located posts are there
14600,Asia Pacific Refugee Rights Network,Non-governmental Organization,Thailand,Upper middle income,47,28,0.929,Locally based NGO,rule,home country is low/middle-income and 93% of located posts are there
3144,ChildFund Australia,Non-governmental Organization,Australia,High income,47,64,0.188,International NGO,rule,home country is high-income (or not a country in the World Bank list)
4387,Comic Relief,Non-governmental Organization,United Kingdom of Great Britain and Northern Ireland,High income,47,43,0.581,International NGO,rule,home country is high-income (or not a country in the World Bank list)
39274,Emissa for Development,Non-governmental Organization,Türkiye,Upper middle income,47,49,0.898,Locally based NGO,rule,based in Türkiye or Syria: treated as locally based (Syria response)
1083,Government of Timor-Leste,Government,Timor-Leste,Lower middle income,47,47,1.0,Government,ReliefWeb type,
18216,Green Climate Fund,International Organization,Republic of Korea,High income,47,46,0.957,International Organization,ReliefWeb type,
50925,Gülümseme ve Zeytin,Non-governmental Organization,Türkiye,Upper middle income,47,42,1.0,Locally based NGO,rule,based in Türkiye or Syria: treated as locally based (Syria response)
3710,HealthRight International,Non-governmental Organization,United States of America,High income,47,46,0.109,International NGO,rule,home country is high-income (or not a country in the World Bank list)
4307,Institute for Peace and Security Studies,Academic and Research Institution,Ethiopia,Low income,47,42,1.0,Academic and Research Institution,ReliefWeb type,
13336,Institute of Crisis Management Studies,Academic and Research Institution,Nepal,Lower middle income,47,46,1.0,Academic and Research Institution,ReliefWeb type,
3801,International Lifeline Fund,Non-governmental Organization,United States of America,High income,47,43,0.233,International NGO,rule,home country is high-income (or not a country in the World Bank list)
1583,International Resources Group,Other,World,Not classified,47,41,0.024,Other,ReliefWeb type,
13607,Massachusetts Institute of Technology,Academic and Research Institution,United States of America,High income,47,40,0.025,Academic and Research Institution,ReliefWeb type,
51892,Platform for Peace and Humanity,Non-governmental Organization,Slovakia,High income,47,0,,International NGO,rule,home country is high-income (or not a country in the World Bank list)
8806,"The Dallaire Institute for Children, Peace and Security",Academic and Research Institution,Canada,High income,47,53,0.321,Academic and Research Institution,ReliefWeb type,
1390,Watchlist on Children and Armed Conflict,Non-governmental Organization,United States of America,High income,47,39,1.0,International NGO,rule,home country is high-income (or not a country in the World Bank list)
15266,Water and Sanitation for the Urban Populations,Non-governmental Organization,United Kingdom of Great Britain and Northern Ireland,High income,47,46,0.609,International NGO,rule,home country is high-income (or not a country in the World Bank list)
2152,Altai Consulting,Other,World,Not classified,46,61,0.0,Other,ReliefWeb type,
28781,Baylor International Pediatric AIDS Initiative,Non-governmental Organization,United States of America,High income,46,50,0.1,International NGO,rule,home country is high-income (or not a country in the World Bank list)
48764,Boat Refugee Foundation,Non-governmental Organization,Netherlands,High income,46,48,0.083,International NGO,rule,home country is high-income (or not a country in the World Bank list)
15212,Civitas Maxima,Non-governmental Organization,Switzerland,High income,46,46,0.87,International NGO,rule,home country is high-income (or not a country in the World Bank list)
12315,FIDA Kenya,Non-governmental Organization,Kenya,Lower middle income,46,46,1.0,Locally based NGO,rule,home country is low/middle-income and 100% of located posts are there
48484,Global Fund for Children,Non-governmental Organization,United States of America,High income,46,38,0.158,International NGO,rule,home country is high-income (or not a country in the World Bank list)
9823,Institute for University Co-operation,Non-governmental Organization,Italy,High income,46,45,0.0,International NGO,rule,home country is high-income (or not a country in the World Bank list)
11053,Islamic Help,Non-governmental Organization,United Kingdom of Great Britain and Northern Ireland,High income,46,43,0.279,International NGO,rule,home country is high-income (or not a country in the World Bank list)
1327,Japan Platform,Non-governmental Organization,Japan,High income,46,45,0.111,International NGO,rule,home country is high-income (or not a country in the World Bank list)
2864,Partners of the Americas,Non-governmental Organization,United States of America,High income,46,47,0.34,International NGO,rule,home country is high-income (or not a country in the World Bank list)
28386,Rainforest Foundation UK,Non-governmental Organization,United Kingdom of Great Britain and Northern Ireland,High income,46,43,0.791,International NGO,rule,home country is high-income (or not a country in the World Bank list)
2042,Sense International,Non-governmental Organization,United Kingdom of Great Britain and Northern Ireland,High income,46,65,0.092,International NGO,rule,home country is high-income (or not a country in the World Bank list)
40209,WE Charity,Non-governmental Organization,Canada,High income,46,46,0.0,International NGO,rule,home country is high-income (or not a country in the World Bank list)
1205,World Meteorological Organization,International Organization,Switzerland,High income,46,45,0.956,International Organization,ReliefWeb type,
51409,CARE France,Non-governmental Organization,France,High income,45,45,0.667,International NGO,rule,home country is high-income (or not a country in the World Bank list)
50844,"Center for International Health, Education, and Biosecurity",Non-governmental Organization,Kenya,Lower middle income,45,45,1.0,Locally based NGO,rule,home country is low/middle-income and 100% of located posts are there
45139,Civil Society Scaling-Up Nutrition in Nigeria,Non-governmental Organization,Nigeria,Lower middle income,45,44,1.0,Locally based NGO,rule,home country is low/middle-income and 100% of located posts are there
19121,Climate Action Network,Non-governmental Organization,Germany,High income,45,2,1.0,International NGO,rule,home country is high-income (or not a country in the World Bank list)
789,Conseil Santé,Other,France,High income,45,47,0.043,Other,ReliefWeb type,
3293,Eurasia Foundation,Non-governmental Organization,United States of America,High income,45,41,0.61,International NGO,rule,home country is high-income (or not a country in the World Bank list)
12921,Global Climate Adaptation Partnership,Other,United Kingdom of Great Britain and Northern Ireland,High income,45,45,0.0,Other,ReliefWeb type,
4426,Global Peace and Prosperity Initiative,Non-governmental Organization,Kenya,Lower middle income,45,46,0.5,Regional NGO (global South base),rule,home country is low/middle-income but only 50% of located posts are there
572,Government of Switzerland,Government,Switzerland,High income,45,45,0.0,Government,ReliefWeb type,
12892,Independent Joint Anti-Corruption Monitoring and Evaluation Committee,Other,Afghanistan,Low income,45,45,1.0,Other,ReliefWeb type,
2900,International Training and Education Center for Health,Academic and Research Institution,United States of America,High income,45,41,0.415,Academic and Research Institution,ReliefWeb type,
50605,REPSSI,Non-governmental Organization,South Africa,Upper middle income,45,31,0.581,Regional NGO (global South base),rule,home country is low/middle-income but only 58% of located posts are there
40423,Rahma Worldwide Aid & Development (Turkey),Non-governmental Organization,United States of America,High income,45,42,0.0,International NGO,rule,home country is high-income (or not a country in the World Bank list)
3768,Women's Refugee Commission,Non-governmental Organization,United States of America,High income,45,42,0.952,International NGO,rule,home country is high-income (or not a country in the World Bank list)
4414,"Asia Pacific Forum on Women, Law and Development",Non-governmental Organization,Thailand,Upper middle income,44,49,0.816,Locally based NGO,rule,home country is low/middle-income and 82% of located posts are there
10340,CDAC Network,Non-governmental Organization,United Kingdom of Great Britain and Northern Ireland,High income,44,39,0.641,International NGO,rule,home country is high-income (or not a country in the World Bank list)
44154,European Lawyers in Lesvos,Non-governmental Organization,Greece,High income,44,44,0.932,International NGO,rule,home country is high-income (or not a country in the World Bank list)
51043,Expectation State,Other,United Kingdom of Great Britain and Northern Ireland,High income,44,47,0.021,Other,ReliefWeb type,
15194,Field Ready,Non-governmental Organization,United States of America,High income,44,36,0.0,International NGO,rule,home country is high-income (or not a country in the World Bank list)
3321,GFA Consulting Group,Other,Germany,High income,44,53,0.0,Other,ReliefWeb type,
387,Humedica,Non-governmental Organization,Germany,High income,44,48,0.583,International NGO,rule,home country is high-income (or not a country in the World Bank list)
4443,Istituto Oikos,Non-governmental Organization,Italy,High income,44,43,0.023,International NGO,rule,home country is high-income (or not a country in the World Bank list)
2913,Room to Read,Non-governmental Organization,United States of America,High income,44,78,0.051,International NGO,rule,home country is high-income (or not a country in the World Bank list)
43889,Second Tree,Non-governmental Organization,Greece,High income,44,43,1.0,International NGO,rule,home country is high-income (or not a country in the World Bank list)
50651,The END Fund,Non-governmental Organization,United Kingdom of Great Britain and Northern Ireland,High income,44,55,0.218,International NGO,rule,home country is high-income (or not a country in the World Bank list)
9096,Women and Health Alliance International,Non-governmental Organization,France,High income,44,46,0.413,International NGO,rule,home country is high-income (or not a country in the World Bank list)
1687,World Resources Institute,Academic and Research Institution,United States of America,High income,44,48,0.208,Academic and Research Institution,ReliefWeb type,
51145,Aid Gate Organization,Non-governmental Organization,Iraq,Upper middle income,43,43,0.326,Regional NGO (global South base),rule,home country is low/middle-income but only 33% of located posts are there
12956,CFK Africa,Non-governmental Organization,United States of America,High income,43,43,0.0,International NGO,rule,home country is high-income (or not a country in the World Bank list)
43094,Civil Rights Defenders,Non-governmental Organization,Sweden,High income,43,39,0.487,International NGO,rule,home country is high-income (or not a country in the World Bank list)
45249,Faith to Action Network,Non-governmental Organization,Kenya,Lower middle income,43,39,0.821,Locally based NGO,rule,home country is low/middle-income and 82% of located posts are there
4441,ICF,Other,United States of America,High income,43,40,0.25,Other,ReliefWeb type,
37786,Institute for Integrated Transitions,Academic and Research Institution,Spain,High income,43,39,0.974,Academic and Research Institution,ReliefWeb type,
1351,International Campaign to Ban Landmines,Non-governmental Organization,United States of America,High income,43,36,0.056,International NGO,rule,home country is high-income (or not a country in the World Bank list)
43499,Manushya Foundation,Non-governmental Organization,Thailand,Upper middle income,43,41,1.0,Locally based NGO,rule,home country is low/middle-income and 100% of located posts are there
40319,Natural Justice,Non-governmental Organization,South Africa,Upper middle income,43,39,0.103,Regional NGO (global South base),rule,home country is low/middle-income but only 10% of located posts are there
2453,Peace Direct,Non-governmental Organization,United Kingdom of Great Britain and Northern Ireland,High income,43,80,0.138,International NGO,rule,home country is high-income (or not a country in the World Bank list)
1749,URS Sustainable Development,Non-governmental Organization,Australia,High income,43,42,0.0,International NGO,rule,home country is high-income (or not a country in the World Bank list)
11709,Veterinarians Without Borders Canada,Non-governmental Organization,Canada,High income,43,36,0.056,International NGO,rule,home country is high-income (or not a country in the World Bank list)
10613,African Institute for Development Policy,Non-governmental Organization,Kenya,Lower middle income,42,43,0.581,Regional NGO (global South base),rule,home country is low/middle-income but only 58% of located posts are there
2848,Aga Khan Development Network,Non-governmental Organization,Switzerland,High income,42,41,0.073,International NGO,rule,home country is high-income (or not a country in the World Bank list)
45749,Equal Measures 2030,Academic and Research Institution,United Kingdom of Great Britain and Northern Ireland,High income,42,4,0.0,Academic and Research Institution,ReliefWeb type,
13661,Family for Every Child,Non-governmental Organization,United Kingdom of Great Britain and Northern Ireland,High income,42,23,0.304,International NGO,rule,home country is high-income (or not a country in the World Bank list)
684,German Foundation for World Population,Non-governmental Organization,Germany,High income,42,42,0.0,International NGO,rule,home country is high-income (or not a country in the World Bank list)
50956,Hand in Hand Eastern Africa,Non-governmental Organization,Kenya,Lower middle income,42,42,0.857,Locally based NGO,rule,home country is low/middle-income and 86% of located posts are there
10538,International Detention Coalition,Non-governmental Organization,Australia,High income,42,75,0.04,International NGO,rule,home country is high-income (or not a country in the World Bank list)
20081,Management and Engineering Technologies International,Other,United States of America,High income,42,39,0.154,Other,ReliefWeb type,
2860,Mercy Ships,Non-governmental Organization,United States of America,High income,42,32,0.188,International NGO,rule,home country is high-income (or not a country in the World Bank list)
44779,ProtectDefenders.eu,Non-governmental Organization,Belgium,High income,42,34,1.0,International NGO,rule,home country is high-income (or not a country in the World Bank list)
11893,Stockholm Environment Institute,Non-governmental Organization,Sweden,High income,42,42,0.0,International NGO,rule,home country is high-income (or not a country in the World Bank list)
4517,Tomorrow’s Youth Organization,Non-governmental Organization,United States of America,High income,42,42,0.071,International NGO,rule,home country is high-income (or not a country in the World Bank list)
1817,UN System Staff College,International Organization,Italy,High income,42,26,0.654,International Organization,ReliefWeb type,
45484,African Christian Health Association Platform,Non-governmental Organization,Kenya,Lower middle income,41,42,0.738,Regional NGO (global South base),rule,home country is low/middle-income but only 74% of located posts are there
812,Agency for Co-operation and Research in Development,Non-governmental Organization,United Kingdom of Great Britain and Northern Ireland,High income,41,36,0.111,International NGO,rule,home country is high-income (or not a country in the World Bank list)
51050,Equal Rights and Independent Media,Non-governmental Organization,France,High income,41,37,0.676,International NGO,rule,home country is high-income (or not a country in the World Bank list)
49173,GOPA Infra,Non-governmental Organization,Germany,High income,41,41,0.0,International NGO,rule,home country is high-income (or not a country in the World Bank list)
423,Grameen Foundation,Non-governmental Organization,United States of America,High income,41,38,0.342,International NGO,rule,home country is high-income (or not a country in the World Bank list)
50719,Intiwawa en acción,Non-governmental Organization,Peru,Upper middle income,41,35,1.0,Locally based NGO,rule,home country is low/middle-income and 100% of located posts are there
15595,Middle East Children's Institute,Academic and Research Institution,Jordan,Upper middle income,41,38,0.763,Academic and Research Institution,ReliefWeb type,
32306,NIRAS,Other,Denmark,High income,41,45,0.0,Other,ReliefWeb type,
31891,Questscope,Non-governmental Organization,United States of America,High income,41,39,0.051,International NGO,rule,home country is high-income (or not a country in the World Bank list)
13766,Sayara Strategies,Non-governmental Organization,Afghanistan,Low income,41,38,0.474,Regional NGO (global South base),rule,home country is low/middle-income but only 47% of located posts are there
3389,Scottish Catholic International Aid Fund,Non-governmental Organization,United Kingdom of Great Britain and Northern Ireland,High income,41,46,0.348,International NGO,rule,home country is high-income (or not a country in the World Bank list)
43859,Silk Road,Non-governmental Organization,Türkiye,Upper middle income,41,40,0.85,Locally based NGO,rule,based in Türkiye or Syria: treated as locally based (Syria response)
1199,UN Research Institute for Social Development,International Organization,Switzerland,High income,41,37,0.973,International Organization,ReliefWeb type,
3680,UPR-info,Non-governmental Organization,Switzerland,High income,41,38,0.816,International NGO,rule,home country is high-income (or not a country in the World Bank list)
4402,Vétérinaires Sans Frontières Belgium,Non-governmental Organization,Belgium,High income,41,40,0.3,International NGO,rule,home country is high-income (or not a country in the World Bank list)
1759,World Council of Churches,Non-governmental Organization,Switzerland,High income,41,38,0.526,International NGO,rule,home country is high-income (or not a country in the World Bank list)
12267,ADD International,Non-governmental Organization,United Kingdom of Great Britain and Northern Ireland,High income,40,75,0.213,International NGO,rule,home country is high-income (or not a country in the World Bank list)
699,ALNAP,Academic and Research Institution,United Kingdom of Great Britain and Northern Ireland,High income,40,18,1.0,Academic and Research Institution,ReliefWeb type,
22501,Al-Khair Foundation,Non-governmental Organization,United Kingdom of Great Britain and Northern Ireland,High income,40,40,0.075,International NGO,rule,home country is high-income (or not a country in the World Bank list)
26156,CHS Alliance,Non-governmental Organization,Switzerland,High income,40,37,0.405,International NGO,rule,home country is high-income (or not a country in the World Bank list)
1181,Cairo Institute for Human Rights Studies,Non-governmental Organization,Egypt,Lower middle income,40,29,0.0,Regional NGO (global South base),rule,home country is low/middle-income but only 0% of located posts are there
9330,Centre for Health Solutions – Kenya,Non-governmental Organization,Kenya,Lower middle income,40,40,1.0,Locally based NGO,rule,home country is low/middle-income and 100% of located posts are there
3727,Consortium for Street Children,Non-governmental Organization,United Kingdom of Great Britain and Northern Ireland,High income,40,36,1.0,International NGO,rule,home country is high-income (or not a country in the World Bank list)
4323,Contech International Health Consultants,Other,Pakistan,Lower middle income,40,40,0.875,Other,ReliefWeb type,
913,DKT International,Other,United States of America,High income,40,41,0.0,Other,ReliefWeb type,
46833,Dawlaty,Non-governmental Organization,Lebanon,Lower middle income,40,8,0.5,Regional NGO (global South base),rule,home country is low/middle-income but only 50% of located posts are there
10306,International Centre for the Study of the Preservation and Restoration of Cultural Property,International Organization,Italy,High income,40,37,0.541,International Organization,ReliefWeb type,
41014,Karam Foundation,Non-governmental Organization,United States of America,High income,40,39,0.026,International NGO,rule,home country is high-income (or not a country in the World Bank list)
1175,King's College London,Academic and Research Institution,United Kingdom of Great Britain and Northern Ireland,High income,40,41,0.488,Academic and Research Institution,ReliefWeb type,
50739,Lifebox Foundation,Non-governmental Organization,United Kingdom of Great Britain and Northern Ireland; United States of America,High income,40,17,0.059,International NGO,rule,home country is high-income (or not a country in the World Bank list)
3569,Terre des Hommes Hungary,Non-governmental Organization,Hungary,High income,40,24,1.0,International NGO,rule,home country is high-income (or not a country in the World Bank list)
48633,Woman Support Association,Non-governmental Organization,Türkiye,Upper middle income,40,40,1.0,Locally based NGO,rule,based in Türkiye or Syria: treated as locally based (Syria response)
3165,medicusmundi,Non-governmental Organization,Spain,High income,40,40,0.0,International NGO,rule,home country is high-income (or not a country in the World Bank list)
501,ACRA - Cooperazione Rurale in Africa e America Latina,Non-governmental Organization,Italy,High income,39,40,0.0,International NGO,rule,home country is high-income (or not a country in the World Bank list)
876,Casals and Associates,Other,United States of America,High income,39,39,0.026,Other,ReliefWeb type,
10890,D-tree International,Non-governmental Organization,United States of America,High income,39,33,0.152,International NGO,rule,home country is high-income (or not a country in the World Bank list)
662,Emergency Nutrition Network,Non-governmental Organization,United Kingdom of Great Britain and Northern Ireland,High income,39,28,1.0,International NGO,rule,home country is high-income (or not a country in the World Bank list)
7631,Freedom from Torture,Non-governmental Organization,United Kingdom of Great Britain and Northern Ireland,High income,39,39,1.0,International NGO,rule,home country is high-income (or not a country in the World Bank list)
4549,International Youth Foundation,Non-governmental Organization,United States of America,High income,39,42,0.357,International NGO,rule,home country is high-income (or not a country in the World Bank list)
45349,Jusoor,Non-governmental Organization,United States of America,High income,39,24,0.042,International NGO,rule,home country is high-income (or not a country in the World Bank list)
22421,PAS Center,Non-governmental Organization,Moldova,Upper middle income,39,35,0.943,Locally based NGO,rule,home country is low/middle-income and 94% of located posts are there
50952,Physicians Across Continents - Turkey,Non-governmental Organization,Türkiye,Upper middle income,39,40,1.0,Locally based NGO,rule,based in Türkiye or Syria: treated as locally based (Syria response)
45959,VisionSpring,Non-governmental Organization,United States of America,High income,39,33,0.667,International NGO,rule,home country is high-income (or not a country in the World Bank list)
2715,WYG,Other,United Kingdom of Great Britain and Northern Ireland,High income,39,58,0.069,Other,ReliefWeb type,
12447,Africa Development Corps,Non-governmental Organization,United States of America,High income,38,36,0.0,International NGO,rule,home country is high-income (or not a country in the World Bank list)
8012,Africa Educational Trust,Non-governmental Organization,United Kingdom of Great Britain and Northern Ireland,High income,38,39,0.0,International NGO,rule,home country is high-income (or not a country in the World Bank list)
14430,Care Bangladesh,Non-governmental Organization,Bangladesh,Lower middle income,38,38,1.0,Locally based NGO,rule,home country is low/middle-income and 100% of located posts are there
50368,Data Friendly Space,Non-governmental Organization,United States of America,High income,38,3,1.0,International NGO,rule,home country is high-income (or not a country in the World Bank list)
13878,Ecodit,Non-governmental Organization,United States of America,High income,38,77,0.104,International NGO,rule,home country is high-income (or not a country in the World Bank list)
50873,European Union Agency for Asylum,International Organization,Belgium,High income,38,196,0.143,International Organization,ReliefWeb type,
12631,Humentum,Non-governmental Organization,United States of America,High income,38,2,0.5,International NGO,rule,home country is high-income (or not a country in the World Bank list)
1471,Integrity Action,Non-governmental Organization,United Kingdom of Great Britain and Northern Ireland,High income,38,34,0.676,International NGO,rule,home country is high-income (or not a country in the World Bank list)
8152,International Vaccine Institute,Academic and Research Institution,Republic of Korea,High income,38,36,0.806,Academic and Research Institution,ReliefWeb type,
2821,Kaghan Memorial Trust,Non-governmental Organization,Pakistan,Lower middle income,38,38,1.0,Locally based NGO,rule,home country is low/middle-income and 100% of located posts are there
8775,Network of African National Human Rights Institutions,Other,Kenya,Lower middle income,38,38,0.895,Other,ReliefWeb type,
9965,REACH Initiative,Academic and Research Institution,Switzerland,High income,38,39,0.0,Academic and Research Institution,ReliefWeb type,
28066,Seed Global Health,Non-governmental Organization,United States of America,High income,38,51,0.02,International NGO,rule,home country is high-income (or not a country in the World Bank list)
32496,Siren Associates,Non-governmental Organization,Lebanon,Lower middle income,38,40,0.575,Regional NGO (global South base),rule,home country is low/middle-income but only 57% of located posts are there
50346,Toplum icin Yenilik ve Yardım Derneği,Non-governmental Organization,Türkiye,Upper middle income,38,38,1.0,Locally based NGO,rule,based in Türkiye or Syria: treated as locally based (Syria response)
19331,World Animal Protection,Non-governmental Organization,United Kingdom of Great Britain and Northern Ireland,High income,38,41,0.122,International NGO,rule,home country is high-income (or not a country in the World Bank list)
28206,Alternative Asean Network on Burma,Non-governmental Organization,Thailand,Upper middle income,37,36,1.0,Locally based NGO,rule,home country is low/middle-income and 100% of located posts are there
27306,Big Heart Foundation,Non-governmental Organization,United States of America,High income,37,36,0.0,International NGO,rule,home country is high-income (or not a country in the World Bank list)
32036,Children International,Non-governmental Organization,United States of America,High income,37,37,0.0,International NGO,rule,home country is high-income (or not a country in the World Bank list)
12262,Girl Hub,Non-governmental Organization,United Kingdom of Great Britain and Northern Ireland,High income,37,37,0.27,International NGO,rule,home country is high-income (or not a country in the World Bank list)
50578,HAMAP Humanitaire,Non-governmental Organization,France,High income,37,38,0.184,International NGO,rule,home country is high-income (or not a country in the World Bank list)
3829,Health Partners International,Non-governmental Organization,United Kingdom of Great Britain and Northern Ireland,High income,37,30,0.2,International NGO,rule,home country is high-income (or not a country in the World Bank list)
2727,ICON Instituts,Other,Germany,High income,37,37,0.0,Other,ReliefWeb type,
4294,IREX Europe,Non-governmental Organization,France,High income,37,30,0.733,International NGO,rule,home country is high-income (or not a country in the World Bank list)
43479,Kiron Open Higher Education gGmbH,Other,Germany,High income,37,35,0.086,Other,ReliefWeb type,
50377,National Association for Family Empowerment,Non-governmental Organization,Jordan,Upper middle income,37,37,1.0,Locally based NGO,rule,home country is low/middle-income and 100% of located posts are there
21641,Peaceful Change Initiative,Non-governmental Organization,United Kingdom of Great Britain and Northern Ireland,High income,37,31,0.258,International NGO,rule,home country is high-income (or not a country in the World Bank list)
50728,People in Need Slovakia,Non-governmental Organization,Slovakia,High income,37,38,0.316,International NGO,rule,home country is high-income (or not a country in the World Bank list)
50835,RET Germany e.V.,Non-governmental Organization,Germany,High income,37,41,0.073,International NGO,rule,home country is high-income (or not a country in the World Bank list)
1467,ReliefWeb,International Organization,Kenya; Thailand,Lower middle income; Upper middle income,37,32,0.469,International Organization,ReliefWeb type,
50361,Stichting Vluchteling,Non-governmental Organization,Netherlands,High income,37,35,0.4,International NGO,rule,home country is high-income (or not a country in the World Bank list)
37581,Vital Voices Global Partnership,Non-governmental Organization,United States of America,High income,37,35,1.0,International NGO,rule,home country is high-income (or not a country in the World Bank list)
3941,ARCHIVE Global,International Organization,United States of America,High income,36,37,0.459,International Organization,ReliefWeb type,
51330,Abjad Educational Initiative,Non-governmental Organization,Germany,High income,36,21,0.048,International NGO,rule,home country is high-income (or not a country in the World Bank list)
2392,African Child Policy Forum,Non-governmental Organization,Ethiopia,Low income,36,26,1.0,Locally based NGO,rule,home country is low/middle-income and 100% of located posts are there
11484,Agriconsulting Europe S.A.,Other,Belgium,High income,36,36,0.0,Other,ReliefWeb type,
12413,Angkor Hospital for Children,Other,Cambodia,Lower middle income,36,36,1.0,Other,ReliefWeb type,
3994,Comité Catholique contre la Faim et pour le Développement,Non-governmental Organization,France,High income,36,36,0.444,International NGO,rule,home country is high-income (or not a country in the World Bank list)
50508,Institute of Human Virology,Academic and Research Institution,United States of America,High income,36,34,0.0,Academic and Research Institution,ReliefWeb type,
52242,Lead Exposure Elimination Project,Non-governmental Organization,United States of America,High income,36,6,0.0,International NGO,rule,home country is high-income (or not a country in the World Bank list)
51560,Multi Aid Programs,Non-governmental Organization,Lebanon,Lower middle income,36,39,0.0,Regional NGO (global South base),rule,home country is low/middle-income but only 0% of located posts are there
22046,Natün Guatemala,Non-governmental Organization,Guatemala,Upper middle income,36,34,1.0,Locally based NGO,rule,home country is low/middle-income and 100% of located posts are there
4045,Niños de Guatemala,Non-governmental Organization,Guatemala,Upper middle income,36,35,0.943,Locally based NGO,rule,home country is low/middle-income and 94% of located posts are there
51817,Plan International Latin America and the Caribbean,Non-governmental Organization,Panama,High income,36,84,0.0,International NGO,rule,home country is high-income (or not a country in the World Bank list)
1908,RedR International,Non-governmental Organization,United Kingdom of Great Britain and Northern Ireland,High income,36,33,0.091,International NGO,rule,home country is high-income (or not a country in the World Bank list)
1714,Swiss Red Cross,Red Cross/Red Crescent Movement,Switzerland,High income,36,37,0.054,Red Cross/Red Crescent Movement,ReliefWeb type,
8845,The Liaison Office,Non-governmental Organization,Afghanistan,Low income,36,30,1.0,Locally based NGO,rule,home country is low/middle-income and 100% of located posts are there
51461,Women Now for Development,Non-governmental Organization,France,High income,36,37,0.027,International NGO,rule,home country is high-income (or not a country in the World Bank list)
2155,African Centre for Technology Studies,Academic and Research Institution,Kenya,Lower middle income,35,35,0.714,Academic and Research Institution,ReliefWeb type,
12099,Atlas Corps,Non-governmental Organization,United States of America,High income,35,36,0.778,International NGO,rule,home country is high-income (or not a country in the World Bank list)
12340,Biovision,Non-governmental Organization,Switzerland,High income,35,33,0.03,International NGO,rule,home country is high-income (or not a country in the World Bank list)
49528,FSD Kenya,Non-governmental Organization,Kenya,Lower middle income,35,35,1.0,Locally based NGO,rule,home country is low/middle-income and 100% of located posts are there
40748,Human Development Research Centre,Academic and Research Institution,Bangladesh,Lower middle income,35,38,0.026,Academic and Research Institution,ReliefWeb type,
42209,IDinsight,Non-governmental Organization,United States of America,High income,35,75,0.013,International NGO,rule,home country is high-income (or not a country in the World Bank list)
13598,IT Shows,Non-governmental Organization,United States of America,High income,35,34,0.118,International NGO,rule,home country is high-income (or not a country in the World Bank list)
1575,International Federation of Organic Agriculture Movements,Non-governmental Organization,Germany,High income,35,36,0.944,International NGO,rule,home country is high-income (or not a country in the World Bank list)
4564,International Fertilizer Development Center,Non-governmental Organization,United States of America,High income,35,35,0.029,International NGO,rule,home country is high-income (or not a country in the World Bank list)
49053,MIDMAR,Non-governmental Organization,Türkiye,Upper middle income,35,30,1.0,Locally based NGO,rule,based in Türkiye or Syria: treated as locally based (Syria response)
31811,Max Planck Foundation for International Peace and the Rule of Law,Non-governmental Organization,Germany,High income,35,34,0.971,International NGO,rule,home country is high-income (or not a country in the World Bank list)
25081,Nexus Carbon for Development,Non-governmental Organization,Cambodia,Lower middle income,35,30,0.933,Locally based NGO,rule,home country is low/middle-income and 93% of located posts are there
1677,REDRESS,Non-governmental Organization,United Kingdom of Great Britain and Northern Ireland,High income,35,34,0.971,International NGO,rule,home country is high-income (or not a country in the World Bank list)
50930,SUCO,Non-governmental Organization,Canada,High income,35,29,0.069,International NGO,rule,home country is high-income (or not a country in the World Bank list)
51456,TAConnect LTD/GTE,Non-governmental Organization,Nigeria,Lower middle income,35,35,1.0,Locally based NGO,rule,home country is low/middle-income and 100% of located posts are there
51117,Tara Climate Ltd,Other,Singapore,High income,35,67,0.119,Other,ReliefWeb type,
11387,The Asian Forum of Parliamentarians on Population and Development,Other,Japan,High income,35,22,0.0,Other,ReliefWeb type,
4282,Transparency International Georgia,Non-governmental Organization,Georgia,Upper middle income,35,35,1.0,Locally based NGO,rule,home country is low/middle-income and 100% of located posts are there
43389,Windows - Channels for Communication,Non-governmental Organization,Israel,High income,35,33,1.0,International NGO,rule,home country is high-income (or not a country in the World Bank list)
4357,Women's Initiatives for Gender Justice,International Organization,Netherlands,High income,35,33,0.939,International Organization,ReliefWeb type,
50475,ARFADA for Development and Consultations,Other,Türkiye,Upper middle income,34,35,0.371,Other,ReliefWeb type,
47948,Advocates Abroad,Non-governmental Organization,United States of America,High income,34,13,0.0,International NGO,rule,home country is high-income (or not a country in the World Bank list)
47008,Africa's Voices Foundation,Non-governmental Organization,Kenya; United Kingdom of Great Britain and Northern Ireland,High income; Lower middle income,34,32,0.812,International NGO,rule,home country is high-income (or not a country in the World Bank list)
41594,Child Helpline International,Non-governmental Organization,Netherlands,High income,34,52,0.25,International NGO,rule,home country is high-income (or not a country in the World Bank list)
51928,Ektimisi,Other,Türkiye,Upper middle income,34,22,0.364,Other,ReliefWeb type,
3445,JTA International,Other,Australia,High income,34,33,0.121,Other,ReliefWeb type,
4534,Kenya AIDS NGOs Consortium,Non-governmental Organization,Kenya,Lower middle income,34,33,1.0,Locally based NGO,rule,home country is low/middle-income and 100% of located posts are there
41024,LVCT Health,Non-governmental Organization,Kenya,Lower middle income,34,33,1.0,Locally based NGO,rule,home country is low/middle-income and 100% of located posts are there
12052,Sanergy,Other,United States of America,High income,34,34,0.0,Other,ReliefWeb type,
31646,SolidarityNow,Non-governmental Organization,Greece,High income,34,34,1.0,International NGO,rule,home country is high-income (or not a country in the World Bank list)
42079,Synergy for Justice,Non-governmental Organization,United Kingdom of Great Britain and Northern Ireland,High income,34,3,0.0,International NGO,rule,home country is high-income (or not a country in the World Bank list)
3221,UN-AU Mission in Darfur,International Organization,Sudan,Low income,34,35,0.971,International Organization,ReliefWeb type,
12870,Vision Hope International,Non-governmental Organization,Germany,High income,34,28,0.0,International NGO,rule,home country is high-income (or not a country in the World Bank list)
2772,World Education,Other,United States of America,High income,34,34,0.029,Other,ReliefWeb type,
49348,BRAC USA,Non-governmental Organization,United States of America,High income,33,24,0.5,International NGO,rule,home country is high-income (or not a country in the World Bank list)
4109,Broederlijk Delen,Non-governmental Organization,Belgium,High income,33,33,0.091,International NGO,rule,home country is high-income (or not a country in the World Bank list)
15280,Deutsche Welle,Media,Germany,High income,33,35,0.0,Media,ReliefWeb type,
2087,Femmes Africa Solidarité,Non-governmental Organization,Switzerland,High income,33,29,0.345,International NGO,rule,home country is high-income (or not a country in the World Bank list)
2236,Global Rights,Non-governmental Organization,United States of America,High income,33,32,0.0,International NGO,rule,home country is high-income (or not a country in the World Bank list)
958,Hagar,Non-governmental Organization,Viet Nam,Upper middle income,33,33,0.091,Regional NGO (global South base),rule,home country is low/middle-income but only 9% of located posts are there
1568,International Bar Association,Other,United Kingdom of Great Britain and Northern Ireland,High income,33,32,0.656,Other,ReliefWeb type,
10443,JaRco Consulting,Other,Ethiopia,Low income,33,34,0.853,Other,ReliefWeb type,
33916,Open Society Initiative for Southern Africa,Non-governmental Organization,South Africa,Upper middle income,33,33,0.97,Locally based NGO,rule,home country is low/middle-income and 97% of located posts are there
2791,Oxford HR Consultants,Other,United Kingdom of Great Britain and Northern Ireland,High income,33,30,0.267,Other,ReliefWeb type,
33821,PIVOT,Non-governmental Organization,Madagascar,Low income,33,33,0.939,Locally based NGO,rule,home country is low/middle-income and 94% of located posts are there
4494,Professionals in Humanitarian Assistance and Protection,Non-governmental Organization,Switzerland,High income,33,29,0.793,International NGO,rule,home country is high-income (or not a country in the World Bank list)
1318,Raoul Wallenberg Institute,Academic and Research Institution,Sweden,High income,33,33,0.273,Academic and Research Institution,ReliefWeb type,
52204,Together for Inclusion,Non-governmental Organization,Kenya,Lower middle income,33,34,0.324,Regional NGO (global South base),rule,home country is low/middle-income but only 32% of located posts are there
9769,Youth Empowerment Synergy,Non-governmental Organization,Ghana,Lower middle income,33,33,1.0,Locally based NGO,rule,home country is low/middle-income and 100% of located posts are there
50943,360 Health Systems Diagnostics and Correction,Other,Nigeria,Lower middle income,32,23,0.957,Other,ReliefWeb type,
369,Association for the Prevention of Torture,Non-governmental Organization,Switzerland,High income,32,32,0.844,International NGO,rule,home country is high-income (or not a country in the World Bank list)
13893,Center for Disaster Philanthropy,Other,United States of America,High income,32,12,1.0,Other,ReliefWeb type,
3098,GSMA Mobile for Development,Other,United Kingdom of Great Britain and Northern Ireland,High income,32,45,0.422,Other,ReliefWeb type,
41349,Global Emergency Relief Recovery & Reconstruction,Non-governmental Organization,United States of America,High income,32,26,0.385,International NGO,rule,home country is high-income (or not a country in the World Bank list)
2206,Health Alliance International,Other,United States of America,High income,32,32,0.656,Other,ReliefWeb type,
1086,International Center for Research on Women,Academic and Research Institution,United States of America,High income,32,33,0.212,Academic and Research Institution,ReliefWeb type,
13201,International Center on Small Hydro Power,International Organization,China,Upper middle income,32,27,1.0,International Organization,ReliefWeb type,
2298,International Rehabilitation Council for Torture Victims,Non-governmental Organization,Denmark,High income,32,34,0.353,International NGO,rule,home country is high-income (or not a country in the World Bank list)
16256,Scope Global,Other,Australia,High income,32,30,0.033,Other,ReliefWeb type,
1051,Sphere,Non-governmental Organization,Switzerland,High income,32,19,0.895,International NGO,rule,home country is high-income (or not a country in the World Bank list)
48638,The Muskila Kabira Foundation,Non-governmental Organization,Netherlands,High income,32,32,0.0,International NGO,rule,home country is high-income (or not a country in the World Bank list)
46009,Virunga National Park,Other,Democratic Republic of the Congo,Low income,32,34,0.853,Other,ReliefWeb type,
11838,West and Central African Council for Agricultural Research and Development,Academic and Research Institution,Senegal,Lower middle income,32,27,1.0,Academic and Research Institution,ReliefWeb type,
50364,Women in Informal Employment Globalizing and Organizing,Non-governmental Organization,United Kingdom of Great Britain and Northern Ireland,High income,32,13,0.154,International NGO,rule,home country is high-income (or not a country in the World Bank list)
17971,help2kids,Non-governmental Organization,Switzerland,High income,32,32,0.0,International NGO,rule,home country is high-income (or not a country in the World Bank list)
3886,Akros Research,Other,United States of America,High income,31,24,0.0,Other,ReliefWeb type,
770,CGIAR,Academic and Research Institution,United States of America,High income,31,28,0.0,Academic and Research Institution,ReliefWeb type,
15485,Christian Rural and Urban Development Association of Nigeria,Non-governmental Organization,Nigeria,Lower middle income,31,31,1.0,Locally based NGO,rule,home country is low/middle-income and 100% of located posts are there
4433,Development Media International,Other,United Kingdom of Great Britain and Northern Ireland,High income,31,30,0.533,Other,ReliefWeb type,
949,Family Health International,Non-governmental Organization,United States of America,High income,31,31,0.742,International NGO,rule,home country is high-income (or not a country in the World Bank list)
27261,Front Line Defenders,Non-governmental Organization,Ireland,High income,31,18,0.5,International NGO,rule,home country is high-income (or not a country in the World Bank list)
4271,Good Shepherd International Foundation,Other,Italy,High income,31,30,0.167,Other,ReliefWeb type,
690,Government of the Federated States of Micronesia,Government,Micronesia (Federated States of),Upper middle income,31,25,1.0,Government,ReliefWeb type,
465,Government of the United Kingdom,Government,United Kingdom of Great Britain and Northern Ireland,High income,31,27,0.296,Government,ReliefWeb type,
46544,Habesha Project,Non-governmental Organization,Mexico,Upper middle income,31,30,0.967,Locally based NGO,rule,home country is low/middle-income and 97% of located posts are there
2687,International Center for Not-for-Profit Law,Other,United States of America,High income,31,31,0.839,Other,ReliefWeb type,
50713,International Humanitarian Relief,Non-governmental Organization,United States of America,High income,31,31,0.0,International NGO,rule,home country is high-income (or not a country in the World Bank list)
36836,International Renewable Energy Agency,Non-governmental Organization,United Arab Emirates,High income,31,31,0.871,International NGO,rule,home country is high-income (or not a country in the World Bank list)
27021,Lumos Foundation,Non-governmental Organization,United Kingdom of Great Britain and Northern Ireland,High income,31,30,0.733,International NGO,rule,home country is high-income (or not a country in the World Bank list)
50855,Läkarmissionen/LM International,Non-governmental Organization,Sweden,High income,31,30,0.1,International NGO,rule,home country is high-income (or not a country in the World Bank list)
39619,Sanad for Peacebuilding,Non-governmental Organization,Iraq,Upper middle income,31,29,1.0,Locally based NGO,rule,home country is low/middle-income and 100% of located posts are there
51383,Solar Panda,Other,Canada; Kenya,High income; Lower middle income,31,27,1.0,Other,ReliefWeb type,
50898,ABAAD – Resource Center for Gender Equality,Non-governmental Organization,Lebanon,Lower middle income,30,37,0.73,Regional NGO (global South base),rule,home country is low/middle-income but only 73% of located posts are there
11696,Economic Opportunity Fund,Other,Yemen,Low income,30,30,1.0,Other,ReliefWeb type,
48943,Fondation Pierre Fabre,Non-governmental Organization,France,High income,30,31,0.419,International NGO,rule,home country is high-income (or not a country in the World Bank list)
48809,GeoAnalytics Center,Other,Niger,Low income,30,15,0.6,Other,ReliefWeb type,
11963,Ghana Health and Education Initiative,Non-governmental Organization,Ghana,Lower middle income,30,25,1.0,Locally based NGO,rule,home country is low/middle-income and 100% of located posts are there
12978,Graça Machel Trust,Non-governmental Organization,South Africa,Upper middle income,30,23,0.826,Locally based NGO,rule,home country is low/middle-income and 83% of located posts are there
370,Harvard University,Academic and Research Institution,United States of America,High income,30,32,0.656,Academic and Research Institution,ReliefWeb type,
43599,Horn Africa Consultants Firm,Other,Kenya,Lower middle income,30,33,0.212,Other,ReliefWeb type,
2503,Independent Medico Legal Unit,Non-governmental Organization,Kenya,Lower middle income,30,29,1.0,Locally based NGO,rule,home country is low/middle-income and 100% of located posts are there
3331,International Fund for Animal Welfare,Non-governmental Organization,United States of America,High income,30,28,0.0,International NGO,rule,home country is high-income (or not a country in the World Bank list)
51439,LINC,Other,United States of America,High income,30,30,0.0,Other,ReliefWeb type,
40359,Lively Minds,Non-governmental Organization,United Kingdom of Great Britain and Northern Ireland,High income,30,26,0.038,International NGO,rule,home country is high-income (or not a country in the World Bank list)
1685,Research and Technological Exchange Group,Non-governmental Organization,France,High income,30,30,0.1,International NGO,rule,home country is high-income (or not a country in the World Bank list)
3701,Swedish Civil Contingencies Agency,Government,Sweden,High income,30,19,0.053,Government,ReliefWeb type,
21976,Tax Justice Network-Africa,Other,Kenya,Lower middle income,30,30,1.0,Other,ReliefWeb type,
50093,The Global Fund for Survivors of Conflict-Related Sexual Violence,Non-governmental Organization,Switzerland,High income,30,33,0.273,International NGO,rule,home country is high-income (or not a country in the World Bank list)
1827,United Network of Young Peacebuilders,Non-governmental Organization,Netherlands,High income,30,29,1.0,International NGO,rule,home country is high-income (or not a country in the World Bank list)
39489,Vento di Terra,Non-governmental Organization,Italy,High income,30,30,0.0,International NGO,rule,home country is high-income (or not a country in the World Bank list)
50900,Young Africa International,Non-governmental Organization,Zimbabwe,Lower middle income,30,21,0.381,Regional NGO (global South base),rule,home country is low/middle-income but only 38% of located posts are there
3428,African Network for the Prevention and Protection against Child Abuse and Neglect,Non-governmental Organization,Kenya,Lower middle income,29,27,0.0,Regional NGO (global South base),rule,home country is low/middle-income but only 0% of located posts are there
11515,Alfanar,Non-governmental Organization,United Kingdom of Great Britain and Northern Ireland,High income,29,28,0.607,International NGO,rule,home country is high-income (or not a country in the World Bank list)
9473,All We Can - Methodist Relief and Development Fund,Non-governmental Organization,United Kingdom of Great Britain and Northern Ireland,High income,29,27,0.37,International NGO,rule,home country is high-income (or not a country in the World Bank list)
50533,Awareness Against Human Trafficking,Non-governmental Organization,Kenya,Lower middle income,29,29,1.0,Locally based NGO,rule,home country is low/middle-income and 100% of located posts are there
14348,DIGNITY - Danish Institute Against Torture,Non-governmental Organization,Denmark,High income,29,24,0.833,International NGO,rule,home country is high-income (or not a country in the World Bank list)
3984,Education Above All,Non-governmental Organization,Qatar,High income,29,28,1.0,International NGO,rule,home country is high-income (or not a country in the World Bank list)
31671,Elimination 8,Non-governmental Organization,Namibia,Lower middle income,29,24,0.75,Regional NGO (global South base),rule,home country is low/middle-income but only 75% of located posts are there
32451,Europe Foundation,Non-governmental Organization,Georgia,Upper middle income,29,28,0.964,Locally based NGO,rule,home country is low/middle-income and 96% of located posts are there
4159,GVEP International,Non-governmental Organization,United Kingdom of Great Britain and Northern Ireland,High income,29,28,0.0,International NGO,rule,home country is high-income (or not a country in the World Bank list)
2995,Global Campaign for Education,Non-governmental Organization,South Africa,Upper middle income,29,17,0.882,Locally based NGO,rule,home country is low/middle-income and 88% of located posts are there
4545,Human Development Forum Foundation,Non-governmental Organization,Thailand,Upper middle income,29,29,1.0,Locally based NGO,rule,home country is low/middle-income and 100% of located posts are there
10534,IMC Worldwide,Other,United Kingdom of Great Britain and Northern Ireland,High income,29,25,0.56,Other,ReliefWeb type,
2800,International Coalition of Sites of Conscience,Non-governmental Organization,United States of America,High income,29,27,1.0,International NGO,rule,home country is high-income (or not a country in the World Bank list)
8816,Landesa,Non-governmental Organization,United States of America,High income,29,33,0.182,International NGO,rule,home country is high-income (or not a country in the World Bank list)
51462,Light Up Hope,Non-governmental Organization,United States of America,High income,29,29,0.034,International NGO,rule,home country is high-income (or not a country in the World Bank list)
48883,Muso,Non-governmental Organization,Mali,Low income,29,27,0.667,Regional NGO (global South base),rule,home country is low/middle-income but only 67% of located posts are there
50924,READ Foundation,Non-governmental Organization,United Kingdom of Great Britain and Northern Ireland,High income,29,28,0.786,International NGO,rule,home country is high-income (or not a country in the World Bank list)
45129,The Syria Campaign,Non-governmental Organization,United Kingdom of Great Britain and Northern Ireland,High income,29,1,0.0,International NGO,rule,home country is high-income (or not a country in the World Bank list)
50098,Tushinde Children's Trust,Non-governmental Organization,United Kingdom of Great Britain and Northern Ireland,High income,29,29,0.034,International NGO,rule,home country is high-income (or not a country in the World Bank list)
8804,charity: water,Non-governmental Organization,United States of America,High income,29,28,0.857,International NGO,rule,home country is high-income (or not a country in the World Bank list)
761,American Near East Refugee Aid,Non-governmental Organization,United States of America,High income,28,32,0.531,International NGO,rule,home country is high-income (or not a country in the World Bank list)
14044,Business and Finance Consulting,Non-governmental Organization,Switzerland,High income,28,21,0.095,International NGO,rule,home country is high-income (or not a country in the World Bank list)
9939,Cause Première,Non-governmental Organization,Senegal,Lower middle income,28,28,1.0,Locally based NGO,rule,home country is low/middle-income and 100% of located posts are there
51189,Collective Aid,Non-governmental Organization,Serbia,Upper middle income,28,35,0.486,Regional NGO (global South base),rule,home country is low/middle-income but only 49% of located posts are there
1876,Coram Children's Legal Centre,Non-governmental Organization,United Kingdom of Great Britain and Northern Ireland,High income,28,27,0.704,International NGO,rule,home country is high-income (or not a country in the World Bank list)
41929,Cristosal,Non-governmental Organization,El Salvador,Upper middle income,28,28,0.679,Regional NGO (global South base),rule,home country is low/middle-income but only 68% of located posts are there
2524,ESTHER,Government,France,High income,28,34,0.382,Government,ReliefWeb type,
13679,Food Security Cluster,International Organization,World,Not classified,28,20,0.0,International Organization,ReliefWeb type,
10424,GESCI,Non-governmental Organization,Kenya,Lower middle income,28,14,0.786,Regional NGO (global South base),rule,home country is low/middle-income but only 79% of located posts are there
24916,Humanitarian Quality Assurance Initiative,Academic and Research Institution,Switzerland,High income,28,31,0.387,Academic and Research Institution,ReliefWeb type,
2319,Int'l Crops Research Institute for the Semi-Arid Tropics,Academic and Research Institution,India,Lower middle income,28,44,0.341,Academic and Research Institution,ReliefWeb type,
48574,Integrate Health,Non-governmental Organization,United States of America,High income,28,17,0.412,International NGO,rule,home country is high-income (or not a country in the World Bank list)
10003,International Bridges to Justice,Non-governmental Organization,Switzerland,High income,28,20,0.2,International NGO,rule,home country is high-income (or not a country in the World Bank list)
2950,Kickstart,Non-governmental Organization,United States of America,High income,28,27,0.519,International NGO,rule,home country is high-income (or not a country in the World Bank list)
42904,National Cooperative Business Association CLUSA International,Non-governmental Organization,United States of America,High income,28,26,0.692,International NGO,rule,home country is high-income (or not a country in the World Bank list)
28051,PAX,Non-governmental Organization,Netherlands,High income,28,31,0.71,International NGO,rule,home country is high-income (or not a country in the World Bank list)
51289,Seenaryo,Non-governmental Organization,Jordan; Lebanon; United Kingdom of Great Britain and Northern Ireland,High income; Lower middle income; Upper middle income,28,27,1.0,International NGO,rule,home country is high-income (or not a country in the World Bank list)
36806,Semilla Nueva,Non-governmental Organization,Guatemala,Upper middle income,28,24,1.0,Locally based NGO,rule,home country is low/middle-income and 100% of located posts are there
26616,Somali Relief and Development Action,Non-governmental Organization,Somalia,Low income,28,28,1.0,Locally based NGO,rule,home country is low/middle-income and 100% of located posts are there
51342,TDS Group,Other,France,High income,28,34,0.088,Other,ReliefWeb type,
50296,Triangle,Non-governmental Organization,Lebanon,Lower middle income,28,25,1.0,Locally based NGO,rule,home country is low/middle-income and 100% of located posts are there
3586,UN Department of Field Support,International Organization,United States of America,High income,28,27,0.185,International Organization,ReliefWeb type,
4212,UN Global Pulse,International Organization,United States of America,High income,28,27,0.741,International Organization,ReliefWeb type,
1744,US Pharmacopeial Convention,Other,United States of America,High income,28,27,0.111,Other,ReliefWeb type,
15532,Xavier Project,Non-governmental Organization,United Kingdom of Great Britain and Northern Ireland,High income,28,28,0.071,International NGO,rule,home country is high-income (or not a country in the World Bank list)
34636,ATIA,Non-governmental Organization,France,High income,27,29,0.138,International NGO,rule,home country is high-income (or not a country in the World Bank list)
8611,Act for Peace,Non-governmental Organization,Australia,High income,27,26,0.731,International NGO,rule,home country is high-income (or not a country in the World Bank list)
51273,Amal Healing & Advocacy Center,Non-governmental Organization,Türkiye,Upper middle income,27,25,1.0,Locally based NGO,rule,based in Türkiye or Syria: treated as locally based (Syria response)
52057,Arab Women Organization of Jordan,Non-governmental Organization,Jordan,Upper middle income,27,27,1.0,Locally based NGO,rule,home country is low/middle-income and 100% of located posts are there
467,Association of Southeast Asian Nations,International Organization,Indonesia,Upper middle income,27,23,1.0,International Organization,ReliefWeb type,
14475,Caritas Philippines,Non-governmental Organization,Philippines,Upper middle income,27,27,1.0,Locally based NGO,rule,home country is low/middle-income and 100% of located posts are there
46579,Center for Social Integrity,Non-governmental Organization,Myanmar,Lower middle income,27,26,0.692,Regional NGO (global South base),rule,home country is low/middle-income but only 69% of located posts are there
15332,Coalition PLUS,Non-governmental Organization,France,High income,27,26,0.231,International NGO,rule,home country is high-income (or not a country in the World Bank list)
4239,Compassion International,Non-governmental Organization,United States of America,High income,27,115,0.026,International NGO,rule,home country is high-income (or not a country in the World Bank list)
2372,DARA,Academic and Research Institution,Spain,High income,27,24,0.583,Academic and Research Institution,ReliefWeb type,
445,Deutsche Gesellschaft für Technische Zusammenarbeit,Government,Germany,High income,27,28,0.0,Government,ReliefWeb type,
50978,DevWorks International,Non-governmental Organization,United States of America,High income,27,32,0.031,International NGO,rule,home country is high-income (or not a country in the World Bank list)
51482,Europe Cares,Non-governmental Organization,Germany,High income,27,22,0.045,International NGO,rule,home country is high-income (or not a country in the World Bank list)
30256,Fundación Promoción Social de la Cultura,Non-governmental Organization,Spain,High income,27,27,0.0,International NGO,rule,home country is high-income (or not a country in the World Bank list)
37521,Girl Child Network,Non-governmental Organization,Kenya,Lower middle income,27,27,1.0,Locally based NGO,rule,home country is low/middle-income and 100% of located posts are there
51090,Glocal Roots,Non-governmental Organization,Greece; Switzerland,High income,27,27,1.0,International NGO,rule,home country is high-income (or not a country in the World Bank list)
405,Hong Kong Red Cross,Red Cross/Red Crescent Movement,China - Hong Kong (Special Administrative Region),High income,27,27,1.0,Red Cross/Red Crescent Movement,ReliefWeb type,
16306,IM - Swedish Development Partner,Non-governmental Organization,Sweden,High income,27,26,0.077,International NGO,rule,home country is high-income (or not a country in the World Bank list)
3127,Iles de Paix,Non-governmental Organization,Belgium,High income,27,27,0.704,International NGO,rule,home country is high-income (or not a country in the World Bank list)
3158,Initiative Development,Non-governmental Organization,France,High income,27,27,0.074,International NGO,rule,home country is high-income (or not a country in the World Bank list)
2898,International Criminal Court,International Organization,Netherlands,High income,27,27,0.407,International Organization,ReliefWeb type,
8330,International Institute for Sustainable Development,Academic and Research Institution,Canada,High income,27,37,0.297,Academic and Research Institution,ReliefWeb type,
46624,PartnersGlobal,Non-governmental Organization,United States of America,High income,27,24,0.208,International NGO,rule,home country is high-income (or not a country in the World Bank list)
37181,UN Support Office in Somalia,International Organization,Somalia,Low income,27,26,0.769,International Organization,ReliefWeb type,
1256,World Society for the Protection of Animals,Non-governmental Organization,United Kingdom of Great Britain and Northern Ireland,High income,27,24,0.125,International NGO,rule,home country is high-income (or not a country in the World Bank list)
52058,Altamont Group,Other,United Arab Emirates,High income,26,38,0.0,Other,ReliefWeb type,
326,Asian Development Bank,International Organization,Philippines,Upper middle income,26,27,0.704,International Organization,ReliefWeb type,
863,BBC World Service Trust,Non-governmental Organization,United Kingdom of Great Britain and Northern Ireland,High income,26,22,0.364,International NGO,rule,home country is high-income (or not a country in the World Bank list)
51235,COOPERMONDO,Non-governmental Organization,Italy,High income,26,22,0.045,International NGO,rule,home country is high-income (or not a country in the World Bank list)
8260,Caritas Germany,Non-governmental Organization,Germany,High income,26,21,0.19,International NGO,rule,home country is high-income (or not a country in the World Bank list)
457,Disasters Emergency Committee,Non-governmental Organization,United Kingdom of Great Britain and Northern Ireland,High income,26,26,0.308,International NGO,rule,home country is high-income (or not a country in the World Bank list)
32106,ECPAT France,Non-governmental Organization,France,High income,26,37,0.486,International NGO,rule,home country is high-income (or not a country in the World Bank list)
18096,Engineers Without Borders Canada,Non-governmental Organization,Canada,High income,26,30,0.3,International NGO,rule,home country is high-income (or not a country in the World Bank list)
15956,Fair Trials,Non-governmental Organization,United Kingdom of Great Britain and Northern Ireland,High income,26,26,0.692,International NGO,rule,home country is high-income (or not a country in the World Bank list)
47828,Fonds Social de la République Démocratique du Congo,Non-governmental Organization,Democratic Republic of the Congo,Low income,26,26,1.0,Locally based NGO,rule,home country is low/middle-income and 100% of located posts are there
47234,Gargaar Relief & Development Organization,Non-governmental Organization,Somalia,Low income,26,26,1.0,Locally based NGO,rule,home country is low/middle-income and 100% of located posts are there
2053,Humanitarian Accountability Partnership,Non-governmental Organization,Switzerland,High income,26,25,0.8,International NGO,rule,home country is high-income (or not a country in the World Bank list)
10456,International Platform on Sport and Development,Non-governmental Organization,Switzerland,High income,26,26,0.962,International NGO,rule,home country is high-income (or not a country in the World Bank list)
3444,MSF - South Africa,Non-governmental Organization,South Africa,Upper middle income,26,23,1.0,Locally based NGO,rule,home country is low/middle-income and 100% of located posts are there
51954,Methodica Consulting,Other,Italy,High income,26,16,0.0,Other,ReliefWeb type,
12451,More Than Me,Non-governmental Organization,United States of America,High income,26,25,0.04,International NGO,rule,home country is high-income (or not a country in the World Bank list)
49408,Okapi Consulting,Non-governmental Organization,South Africa,Upper middle income,26,27,0.0,Regional NGO (global South base),rule,home country is low/middle-income but only 0% of located posts are there
50309,Pathways International,Non-governmental Organization,Canada,High income,26,10,0.3,International NGO,rule,home country is high-income (or not a country in the World Bank list)
3159,ProgettoMondo Mlal,Non-governmental Organization,Italy,High income,26,26,0.0,International NGO,rule,home country is high-income (or not a country in the World Bank list)
43444,Roia,Non-governmental Organization,Türkiye,Upper middle income,26,18,1.0,Locally based NGO,rule,based in Türkiye or Syria: treated as locally based (Syria response)
4184,Somali NGO Consortium,Non-governmental Organization,Somalia,Low income,26,28,0.643,Regional NGO (global South base),rule,home country is low/middle-income but only 64% of located posts are there
50367,WasteAid,Non-governmental Organization,United Kingdom of Great Britain and Northern Ireland,High income,26,18,0.278,International NGO,rule,home country is high-income (or not a country in the World Bank list)
48153,A Drop in the Ocean,Non-governmental Organization,Norway,High income,25,25,0.04,International NGO,rule,home country is high-income (or not a country in the World Bank list)
50660,ARCS Arci Culture Solidali,Non-governmental Organization,Italy,High income,25,25,0.0,International NGO,rule,home country is high-income (or not a country in the World Bank list)
10260,African Society for Laboratory Medicine,Non-governmental Organization,Ethiopia,Low income,25,25,1.0,Locally based NGO,rule,home country is low/middle-income and 100% of located posts are there
50936,Asociación Solidaria Andaluza de Desarrollo,Non-governmental Organization,Guatemala,Upper middle income,25,24,0.25,Regional NGO (global South base),rule,home country is low/middle-income but only 25% of located posts are there
46219,CADUS e.V.,Non-governmental Organization,Germany,High income,25,24,0.208,International NGO,rule,home country is high-income (or not a country in the World Bank list)
1856,Centers for Disease Control and Prevention,Government,United States of America,High income,25,25,0.4,Government,ReliefWeb type,
2138,Centre for Infectious Disease Research in Zambia,Non-governmental Organization,United States of America,High income,25,23,0.0,International NGO,rule,home country is high-income (or not a country in the World Bank list)
3772,Co-operation for the Development of Emerging Countries,Non-governmental Organization,Italy,High income,25,31,0.032,International NGO,rule,home country is high-income (or not a country in the World Bank list)
893,Commonwealth Human Rights Initiative,Non-governmental Organization,India,Lower middle income,25,22,0.318,Regional NGO (global South base),rule,home country is low/middle-income but only 32% of located posts are there
51436,CorpsAfrica,Non-governmental Organization,United States of America,High income,25,48,0.146,International NGO,rule,home country is high-income (or not a country in the World Bank list)
4017,Deloitte,Other,United States of America,High income,25,24,0.458,Other,ReliefWeb type,
9853,Drugs for Neglected Diseases initiative,Non-governmental Organization,Switzerland,High income,25,28,0.214,International NGO,rule,home country is high-income (or not a country in the World Bank list)
11112,Engineers Without Borders Australia,Non-governmental Organization,Australia,High income,25,23,0.565,International NGO,rule,home country is high-income (or not a country in the World Bank list)
3187,Fund for Peace,Academic and Research Institution,United States of America,High income,25,22,0.318,Academic and Research Institution,ReliefWeb type,
2445,Health Partners International of Canada,Non-governmental Organization,Canada,High income,25,24,0.167,International NGO,rule,home country is high-income (or not a country in the World Bank list)
42779,HumanSurge,Non-governmental Organization,Spain,High income,25,19,0.158,International NGO,rule,home country is high-income (or not a country in the World Bank list)
51452,Insieme si può,Non-governmental Organization,Italy,High income,25,25,0.0,International NGO,rule,home country is high-income (or not a country in the World Bank list)
2423,International Media Support,Non-governmental Organization,Denmark,High income,25,23,0.304,International NGO,rule,home country is high-income (or not a country in the World Bank list)
45084,Kids Paradise,Non-governmental Organization,Türkiye,Upper middle income,25,23,1.0,Locally based NGO,rule,based in Türkiye or Syria: treated as locally based (Syria response)
2417,Liverpool School of Tropical Medicine,Academic and Research Institution,United Kingdom of Great Britain and Northern Ireland,High income,25,24,0.417,Academic and Research Institution,ReliefWeb type,
2786,Lux-Development,Other,Luxembourg,High income,25,25,0.08,Other,ReliefWeb type,
2109,MapAction,Non-governmental Organization,United Kingdom of Great Britain and Northern Ireland,High income,25,21,1.0,International NGO,rule,home country is high-income (or not a country in the World Bank list)
3009,NGO Development Center,Non-governmental Organization,occupied Palestinian territory,Lower middle income,25,30,0.8,Locally based NGO,rule,home country is low/middle-income and 80% of located posts are there
7943,Passerelles Numériques,Non-governmental Organization,France,High income,25,24,0.0,International NGO,rule,home country is high-income (or not a country in the World Bank list)
2766,Refugees International,Non-governmental Organization,United States of America,High income,25,24,0.958,International NGO,rule,home country is high-income (or not a country in the World Bank list)
44079,Representative of Nineveh Voluntary for IDPs,Non-governmental Organization,Iraq,Upper middle income,25,14,0.929,Locally based NGO,rule,home country is low/middle-income and 93% of located posts are there
16121,See Beyond Borders,Non-governmental Organization,Australia,High income,25,24,0.0,International NGO,rule,home country is high-income (or not a country in the World Bank list)
15185,Skateistan,Non-governmental Organization,Germany,High income,25,26,0.923,International NGO,rule,home country is high-income (or not a country in the World Bank list)
47174,South East Asia One Health University Network,Non-governmental Organization,Thailand,Upper middle income,25,22,0.909,Locally based NGO,rule,home country is low/middle-income and 91% of located posts are there
11651,The Oslo Center,Other,Norway,High income,25,27,0.185,Other,ReliefWeb type,
1726,Transtec,Other,Belgium,High income,25,33,0.061,Other,ReliefWeb type,
4413,Trias,Non-governmental Organization,Belgium,High income,25,25,0.24,International NGO,rule,home country is high-income (or not a country in the World Bank list)
50358,University of Georgia Research Foundation,Academic and Research Institution,United States of America,High income,25,26,0.346,Academic and Research Institution,ReliefWeb type,
22876,Vitamin Angels,Other,United States of America,High income,25,23,0.0,Other,ReliefWeb type,
10819,Agence de Médecine Préventive,Non-governmental Organization,France,High income,24,25,0.16,International NGO,rule,home country is high-income (or not a country in the World Bank list)
45889,All Survivors Project Foundation,Non-governmental Organization,Liechtenstein; United Kingdom of Great Britain and Northern Ireland,High income,24,16,0.625,International NGO,rule,home country is high-income (or not a country in the World Bank list)
3468,Article 25,Non-governmental Organization,United Kingdom of Great Britain and Northern Ireland,High income,24,24,0.667,International NGO,rule,home country is high-income (or not a country in the World Bank list)
15961,Aspen Medical,Other,Australia,High income,24,23,0.0,Other,ReliefWeb type,
1841,Association for Women's Rights in Development,Non-governmental Organization,Canada,High income,24,5,0.0,International NGO,rule,home country is high-income (or not a country in the World Bank list)
50968,BEYAZ ELLER YARDIMLAŞMA DERNEĞİ,Non-governmental Organization,Türkiye,Upper middle income,24,24,1.0,Locally based NGO,rule,based in Türkiye or Syria: treated as locally based (Syria response)
11280,Baastel,Other,Belgium,High income,24,28,0.536,Other,ReliefWeb type,
3848,Centre for Affordable Water and Sanitation Technology,Non-governmental Organization,Canada,High income,24,24,0.958,International NGO,rule,home country is high-income (or not a country in the World Bank list)
12878,Child Rights Connect,Non-governmental Organization,Switzerland,High income,24,23,1.0,International NGO,rule,home country is high-income (or not a country in the World Bank list)
3398,Childline Kenya,Non-governmental Organization,Kenya,Lower middle income,24,23,1.0,Locally based NGO,rule,home country is low/middle-income and 100% of located posts are there
1915,Community and Family Services International,Non-governmental Organization,Philippines,Upper middle income,24,24,1.0,Locally based NGO,rule,home country is low/middle-income and 100% of located posts are there
2255,Development in Action,Non-governmental Organization,United Kingdom of Great Britain and Northern Ireland,High income,24,23,0.478,International NGO,rule,home country is high-income (or not a country in the World Bank list)
23076,Equal Rights Trust,Non-governmental Organization,United Kingdom of Great Britain and Northern Ireland,High income,24,22,0.545,International NGO,rule,home country is high-income (or not a country in the World Bank list)
9921,Financial Services Volunteer Corps,Other,United States of America,High income,24,26,0.0,Other,ReliefWeb type,
25006,Free to Run,Non-governmental Organization,United States of America,High income,24,17,0.176,International NGO,rule,home country is high-income (or not a country in the World Bank list)
42984,ISF Cambodia,Non-governmental Organization,Cambodia,Lower middle income,24,22,1.0,Locally based NGO,rule,home country is low/middle-income and 100% of located posts are there
39474,Institute of Tropical Medicine,Academic and Research Institution,Belgium,High income,24,24,1.0,Academic and Research Institution,ReliefWeb type,
3229,InterHealth Worldwide,Non-governmental Organization,United States of America,High income,24,23,0.0,International NGO,rule,home country is high-income (or not a country in the World Bank list)
8362,Interact Worldwide,Non-governmental Organization,United Kingdom of Great Britain and Northern Ireland,High income,24,22,0.227,International NGO,rule,home country is high-income (or not a country in the World Bank list)
1772,International Centre for Diarrhoeal Disease Research,Academic and Research Institution,Bangladesh,Lower middle income,24,24,1.0,Academic and Research Institution,ReliefWeb type,
1169,International Monetary Fund,International Organization,United States of America,High income,24,23,0.391,International Organization,ReliefWeb type,
1591,MDF Training & Consultancy,Other,Netherlands,High income,24,44,0.045,Other,ReliefWeb type,
11451,MannionDaniels,Other,United Kingdom of Great Britain and Northern Ireland,High income,24,18,0.667,Other,ReliefWeb type,
1626,Micronutrient Initiative,Non-governmental Organization,Canada,High income,24,23,0.087,International NGO,rule,home country is high-income (or not a country in the World Bank list)
11749,Multiple Sclerosis International Federation,Other,United Kingdom of Great Britain and Northern Ireland,High income,24,25,0.04,Other,ReliefWeb type,
51493,Oscar M. Lopez Center,Non-governmental Organization,Philippines,Upper middle income,24,24,1.0,Locally based NGO,rule,home country is low/middle-income and 100% of located posts are there
9747,Regional Integrated Multi-Hazard Early Warning System for Africa and Asia,International Organization,Thailand,Upper middle income,24,24,0.958,International Organization,ReliefWeb type,
1134,Reporters sans Frontières,Non-governmental Organization,France,High income,24,13,0.538,International NGO,rule,home country is high-income (or not a country in the World Bank list)
50397,SWEDO,Non-governmental Organization,Sweden,High income,24,19,0.053,International NGO,rule,home country is high-income (or not a country in the World Bank list)
11368,Sanigest Internacional,Other,United States of America,High income,24,20,0.0,Other,ReliefWeb type,
13488,Simavi,Non-governmental Organization,Netherlands,High income,24,46,0.37,International NGO,rule,home country is high-income (or not a country in the World Bank list)
51100,Soup & Socks e.V.,Non-governmental Organization,Germany,High income,24,23,0.0,International NGO,rule,home country is high-income (or not a country in the World Bank list)
13107,The International Cooperation Agency of the Association of Netherlands Municipalities,Non-governmental Organization,Netherlands,High income,24,23,0.0,International NGO,rule,home country is high-income (or not a country in the World Bank list)
1414,The New Humanitarian,Media,Switzerland,High income,24,13,0.769,Media,ReliefWeb type,
2919,Tree Aid,Non-governmental Organization,United Kingdom of Great Britain and Northern Ireland,High income,24,24,0.792,International NGO,rule,home country is high-income (or not a country in the World Bank list)
1526,UN Mine Action Service,International Organization,United States of America,High income,24,24,0.0,International Organization,ReliefWeb type,
11940,Videre Est Credere,Non-governmental Organization,United Kingdom of Great Britain and Northern Ireland,High income,24,7,0.714,International NGO,rule,home country is high-income (or not a country in the World Bank list)
27891,eHealth Africa,Non-governmental Organization,United States of America,High income,24,23,0.0,International NGO,rule,home country is high-income (or not a country in the World Bank list)
33491,Africa Platform for Social Protection,Non-governmental Organization,Kenya,Lower middle income,23,22,0.955,Locally based NGO,rule,home country is low/middle-income and 95% of located posts are there
11345,African Water Association (AfWA),Other,Côte d'Ivoire,Lower middle income,23,23,0.957,Other,ReliefWeb type,
24681,Age International,Non-governmental Organization,United Kingdom of Great Britain and Northern Ireland,High income,23,19,0.947,International NGO,rule,home country is high-income (or not a country in the World Bank list)
37261,Alliance for Peacebuilding,Other,United States of America,High income,23,19,1.0,Other,ReliefWeb type,
13253,Asylos,Non-governmental Organization,France,High income,23,16,0.0,International NGO,rule,home country is high-income (or not a country in the World Bank list)
312,British & Irish Agencies Afghanistan Group,Non-governmental Organization,United Kingdom of Great Britain and Northern Ireland,High income,23,23,0.739,International NGO,rule,home country is high-income (or not a country in the World Bank list)
14199,Brooklyn Economic Consulting,Other,Kenya,Lower middle income,23,39,0.385,Other,ReliefWeb type,
3038,CMI – Martti Ahtisaari Peace Foundation,Non-governmental Organization,Finland,High income,23,21,0.333,International NGO,rule,home country is high-income (or not a country in the World Bank list)
3731,Centre for Civil and Political Rights,Non-governmental Organization,Switzerland,High income,23,17,0.882,International NGO,rule,home country is high-income (or not a country in the World Bank list)
566,Committee to Protect Journalists,Non-governmental Organization,United States of America,High income,23,21,0.905,International NGO,rule,home country is high-income (or not a country in the World Bank list)
50991,Diakonia International Humanitarian Law Centre,Academic and Research Institution,Sweden,High income,23,16,0.0,Academic and Research Institution,ReliefWeb type,
51705,Eden Reforestation Projects,Non-governmental Organization,United States of America,High income,23,18,0.0,International NGO,rule,home country is high-income (or not a country in the World Bank list)
14992,European Endowment for Democracy,Non-governmental Organization,Belgium,High income,23,21,1.0,International NGO,rule,home country is high-income (or not a country in the World Bank list)
47584,Hala Systems,Non-governmental Organization,United States of America,High income,23,29,0.172,International NGO,rule,home country is high-income (or not a country in the World Bank list)
4510,Henry M. Jackson Foundation,Other,United States of America,High income,23,23,0.391,Other,ReliefWeb type,
51431,Horan Foundation,Non-governmental Organization,Türkiye,Upper middle income,23,23,0.957,Locally based NGO,rule,based in Türkiye or Syria: treated as locally based (Syria response)
9949,Humanitarian Aid Relief Trust,Non-governmental Organization,United Kingdom of Great Britain and Northern Ireland,High income,23,23,0.913,International NGO,rule,home country is high-income (or not a country in the World Bank list)
973,Interchurch Medical Assistance,Non-governmental Organization,United States of America,High income,23,23,0.043,International NGO,rule,home country is high-income (or not a country in the World Bank list)
33951,International Forum of National NGO Platforms,Non-governmental Organization,France,High income,23,1,1.0,International NGO,rule,home country is high-income (or not a country in the World Bank list)
43959,International Trade Union Confederation,Non-governmental Organization,Belgium,High income,23,23,0.957,International NGO,rule,home country is high-income (or not a country in the World Bank list)
1621,Lay Volunteers International Association,Non-governmental Organization,Italy,High income,23,23,0.0,International NGO,rule,home country is high-income (or not a country in the World Bank list)
35611,Mercado Global,Non-governmental Organization,United States of America,High income,23,22,0.409,International NGO,rule,home country is high-income (or not a country in the World Bank list)
51458,Offene Arme e.V.,Non-governmental Organization,Greece,High income,23,22,1.0,International NGO,rule,home country is high-income (or not a country in the World Bank list)
14536,Rare,Non-governmental Organization,United States of America,High income,23,19,0.105,International NGO,rule,home country is high-income (or not a country in the World Bank list)
3028,Santé Sud,Non-governmental Organization,France,High income,23,23,0.261,International NGO,rule,home country is high-income (or not a country in the World Bank list)
49618,Save the Children Denmark,Non-governmental Organization,Denmark,High income,23,13,1.0,International NGO,rule,home country is high-income (or not a country in the World Bank list)
42929,Sheikh Eid Bin Mohammad Al Thani Charitable Foundation,Non-governmental Organization,Qatar,High income,23,23,0.0,International NGO,rule,home country is high-income (or not a country in the World Bank list)
50997,Space for Giants,Non-governmental Organization,Kenya,Lower middle income,23,17,0.588,Regional NGO (global South base),rule,home country is low/middle-income but only 59% of located posts are there
4522,Sustainable Water and Sanitation in Africa,Other,Kenya,Lower middle income,23,22,0.182,Other,ReliefWeb type,
47693,Transform Trade,Non-governmental Organization,United Kingdom of Great Britain and Northern Ireland,High income,23,33,0.091,International NGO,rule,home country is high-income (or not a country in the World Bank list)
1183,UN Office of the SRSG for Children and Armed Conflict,International Organization,United States of America,High income,23,5,0.4,International Organization,ReliefWeb type,
2803,World Hope International,Non-governmental Organization,United States of America,High income,23,22,0.091,International NGO,rule,home country is high-income (or not a country in the World Bank list)
48058,ASEAN REGIONAL MINE ACTION CENTER,Non-governmental Organization,Cambodia,Lower middle income,22,26,0.692,Regional NGO (global South base),rule,home country is low/middle-income but only 69% of located posts are there
50637,Academy of the Ruhr-University Bochum,Academic and Research Institution,Germany,High income,22,4,1.0,Academic and Research Institution,ReliefWeb type,
50814,Active in Development Aid,Non-governmental Organization,Somalia,Low income,22,22,1.0,Locally based NGO,rule,home country is low/middle-income and 100% of located posts are there
535,African Centre for the Constructive Resolution of Disputes,Academic and Research Institution,South Africa,Upper middle income,22,21,0.857,Academic and Research Institution,ReliefWeb type,
29251,Artisanal Gold Council,Non-governmental Organization,Canada,High income,22,23,0.217,International NGO,rule,home country is high-income (or not a country in the World Bank list)
44049,Assistance Association for Political Prisoners,Non-governmental Organization,Myanmar,Lower middle income,22,20,0.05,Regional NGO (global South base),rule,home country is low/middle-income but only 5% of located posts are there
50330,Center for Public Health and Development,Non-governmental Organization,Kenya,Lower middle income,22,21,1.0,Locally based NGO,rule,home country is low/middle-income and 100% of located posts are there
49048,Child's Dream Foundation,Non-governmental Organization,Thailand,Upper middle income,22,22,0.773,Regional NGO (global South base),rule,home country is low/middle-income but only 77% of located posts are there
1208,Development Initiatives,Academic and Research Institution,United Kingdom of Great Britain and Northern Ireland,High income,22,20,0.6,Academic and Research Institution,ReliefWeb type,
1949,Doctors Worldwide,Non-governmental Organization,United Kingdom of Great Britain and Northern Ireland,High income,22,26,0.423,International NGO,rule,home country is high-income (or not a country in the World Bank list)
3090,East-West Management Institute,Non-governmental Organization,United States of America,High income,22,24,0.0,International NGO,rule,home country is high-income (or not a country in the World Bank list)
38479,Energy 4 Impact,Non-governmental Organization,United Kingdom of Great Britain and Northern Ireland,High income,22,22,0.045,International NGO,rule,home country is high-income (or not a country in the World Bank list)
2829,Eurodad,Non-governmental Organization,Belgium,High income,22,21,0.952,International NGO,rule,home country is high-income (or not a country in the World Bank list)
3982,Global Nomads Group,Non-governmental Organization,United States of America,High income,22,20,0.25,International NGO,rule,home country is high-income (or not a country in the World Bank list)
13434,Grassroots Jerusalem,Non-governmental Organization,Israel,High income,22,22,0.0,International NGO,rule,home country is high-income (or not a country in the World Bank list)
4332,Gruppo per le Relazioni Transculturali,Non-governmental Organization,Italy,High income,22,22,0.0,International NGO,rule,home country is high-income (or not a country in the World Bank list)
348,Hilfswerk Austria International,Non-governmental Organization,Austria,High income,22,19,0.053,International NGO,rule,home country is high-income (or not a country in the World Bank list)
47898,Hope for Justice,Non-governmental Organization,United States of America,High income,22,21,0.048,International NGO,rule,home country is high-income (or not a country in the World Bank list)
1111,Institute for War and Peace Reporting,Non-governmental Organization,United Kingdom of Great Britain and Northern Ireland,High income,22,19,0.053,International NGO,rule,home country is high-income (or not a country in the World Bank list)
49478,Leveraging Evidence for Access and Development,Academic and Research Institution,India,Lower middle income,22,22,1.0,Academic and Research Institution,ReliefWeb type,
50720,Mensen met een Missie,Non-governmental Organization,Netherlands,High income,22,41,0.122,International NGO,rule,home country is high-income (or not a country in the World Bank list)
51331,Peace Track Initiative,Non-governmental Organization,Canada,High income,22,3,0.0,International NGO,rule,home country is high-income (or not a country in the World Bank list)
1164,Rainforest Alliance,Non-governmental Organization,United States of America,High income,22,22,0.409,International NGO,rule,home country is high-income (or not a country in the World Bank list)
4419,Ripple Effect,Non-governmental Organization,United Kingdom of Great Britain and Northern Ireland,High income,22,28,0.0,International NGO,rule,home country is high-income (or not a country in the World Bank list)
2886,Royal Australasian College of Surgeons,Non-governmental Organization,Australia,High income,22,22,0.0,International NGO,rule,home country is high-income (or not a country in the World Bank list)
18751,SREO Consulting,Academic and Research Institution,Türkiye,Upper middle income,22,17,0.588,Academic and Research Institution,ReliefWeb type,
13762,Sabin Vaccine Institute,Academic and Research Institution,United States of America,High income,22,22,0.818,Academic and Research Institution,ReliefWeb type,
17601,Seeds,Non-governmental Organization,France; Spain; Switzerland,High income,22,21,0.571,International NGO,rule,home country is high-income (or not a country in the World Bank list)
9245,Traidcraft,Non-governmental Organization,United Kingdom of Great Britain and Northern Ireland,High income,22,25,0.24,International NGO,rule,home country is high-income (or not a country in the World Bank list)
51176,World Central Kitchen,Non-governmental Organization,United States of America,High income,22,21,0.524,International NGO,rule,home country is high-income (or not a country in the World Bank list)
14007,ADE,Non-governmental Organization,Belgium,High income,21,21,1.0,International NGO,rule,home country is high-income (or not a country in the World Bank list)
15301,African Risk Capacity,International Organization,South Africa,Upper middle income,21,17,0.882,International Organization,ReliefWeb type,
3880,Alkarama,Non-governmental Organization,Switzerland,High income,21,20,0.85,International NGO,rule,home country is high-income (or not a country in the World Bank list)
50987,ArdenVent,Non-governmental Organization,New Zealand,High income,21,1,1.0,International NGO,rule,home country is high-income (or not a country in the World Bank list)
4303,Banyan Global,Other,United States of America,High income,21,19,0.263,Other,ReliefWeb type,
11647,BeDataDriven,Other,Netherlands,High income,21,13,0.923,Other,ReliefWeb type,
2830,Borlaug Institute,Academic and Research Institution,United States of America,High income,21,18,0.389,Academic and Research Institution,ReliefWeb type,
13469,Cambodian Children's Trust,Non-governmental Organization,Australia,High income,21,21,0.048,International NGO,rule,home country is high-income (or not a country in the World Bank list)
606,Children in Crisis,Non-governmental Organization,United Kingdom of Great Britain and Northern Ireland,High income,21,21,0.238,International NGO,rule,home country is high-income (or not a country in the World Bank list)
1890,Clinton Foundation,Non-governmental Organization,United States of America,High income,21,20,0.25,International NGO,rule,home country is high-income (or not a country in the World Bank list)
1328,Crossroads International,Non-governmental Organization,Canada,High income,21,21,0.952,International NGO,rule,home country is high-income (or not a country in the World Bank list)
2514,Dignitas International,Non-governmental Organization,Canada,High income,21,23,0.217,International NGO,rule,home country is high-income (or not a country in the World Bank list)
10116,Forum for International Cooperation,Non-governmental Organization,Denmark,High income,21,23,0.0,International NGO,rule,home country is high-income (or not a country in the World Bank list)
47439,Frontier Counties Development Council,Non-governmental Organization,Kenya,Lower middle income,21,18,1.0,Locally based NGO,rule,home country is low/middle-income and 100% of located posts are there
15062,GEOtest,Other,Czechia,High income,21,17,0.0,Other,ReliefWeb type,
974,Human Dynamics,Other,Austria,High income,21,21,0.0,Other,ReliefWeb type,
28786,ITF Enhancing Human Security,Government,Slovenia,High income,21,21,0.048,Government,ReliefWeb type,
1574,Islamic Aid,Non-governmental Organization,United Kingdom of Great Britain and Northern Ireland,High income,21,29,0.241,International NGO,rule,home country is high-income (or not a country in the World Bank list)
38449,MarketShare Associates,Non-governmental Organization,United States of America,High income,21,21,0.381,International NGO,rule,home country is high-income (or not a country in the World Bank list)
2665,Memisa Belgium,Non-governmental Organization,Belgium,High income,21,21,0.476,International NGO,rule,home country is high-income (or not a country in the World Bank list)
1301,OIKOS - Cooperação e Desenvolvimento,Non-governmental Organization,Portugal,High income,21,21,0.048,International NGO,rule,home country is high-income (or not a country in the World Bank list)
14065,Rainforest Foundation Norway,Non-governmental Organization,Norway,High income,21,19,0.368,International NGO,rule,home country is high-income (or not a country in the World Bank list)
2795,SolarAid,Non-governmental Organization,United Kingdom of Great Britain and Northern Ireland,High income,21,20,0.45,International NGO,rule,home country is high-income (or not a country in the World Bank list)
26386,Swiss Foundation for Technical Cooperation,Other,Indonesia,Upper middle income,21,21,0.048,Other,ReliefWeb type,
26031,TackleAfrica,Non-governmental Organization,United Kingdom of Great Britain and Northern Ireland,High income,21,22,0.0,International NGO,rule,home country is high-income (or not a country in the World Bank list)
34146,The Stabilisation Network,Other,United Arab Emirates,High income,21,19,0.0,Other,ReliefWeb type,
43734,The Unmentionables,Non-governmental Organization,United States of America,High income,21,6,0.0,International NGO,rule,home country is high-income (or not a country in the World Bank list)
7630,Third Sector Partners,Other,India,Lower middle income,21,21,1.0,Other,ReliefWeb type,
1450,United States Conference of Catholic Bishops,Other,United States of America,High income,21,21,0.667,Other,ReliefWeb type,
47399,Validity Foundation,Non-governmental Organization,Hungary,High income,21,20,0.85,International NGO,rule,home country is high-income (or not a country in the World Bank list)
4527,Wetlands International,Non-governmental Organization,Netherlands,High income,21,20,0.55,International NGO,rule,home country is high-income (or not a country in the World Bank list)
31241,Zoological Society of London,Non-governmental Organization,United Kingdom of Great Britain and Northern Ireland,High income,21,19,0.263,International NGO,rule,home country is high-income (or not a country in the World Bank list)
12080,iDE,Non-governmental Organization,United States of America,High income,21,19,0.0,International NGO,rule,home country is high-income (or not a country in the World Bank list)
49623,mission inclusion,Non-governmental Organization,Canada,High income,21,19,0.053,International NGO,rule,home country is high-income (or not a country in the World Bank list)
50934,Access Center for Human Rights,Non-governmental Organization,Lebanon,Lower middle income,20,13,0.692,Regional NGO (global South base),rule,home country is low/middle-income but only 69% of located posts are there
47374,Action for Education,Non-governmental Organization,Greece,High income,20,20,0.9,International NGO,rule,home country is high-income (or not a country in the World Bank list)
45869,Amazi Water,Non-governmental Organization,United States of America,High income,20,20,0.1,International NGO,rule,home country is high-income (or not a country in the World Bank list)
13775,Asia Catalyst,Non-governmental Organization,United States of America,High income,20,19,0.158,International NGO,rule,home country is high-income (or not a country in the World Bank list)
50371,Better Days Greece,Non-governmental Organization,Greece,High income,20,19,1.0,International NGO,rule,home country is high-income (or not a country in the World Bank list)
3945,CESAL,Non-governmental Organization,Spain,High income,20,20,0.0,International NGO,rule,home country is high-income (or not a country in the World Bank list)
15252,ChildFund Alliance,Non-governmental Organization,Belgium; United States of America,High income,20,13,0.615,International NGO,rule,home country is high-income (or not a country in the World Bank list)
4139,DMI Associates,Other,France,High income,20,33,0.0,Other,ReliefWeb type,
14610,DevelopEd,Non-governmental Organization,Australia,High income,20,18,0.0,International NGO,rule,home country is high-income (or not a country in the World Bank list)
45674,Donkey Sanctuary,Non-governmental Organization,United Kingdom of Great Britain and Northern Ireland,High income,20,17,0.176,International NGO,rule,home country is high-income (or not a country in the World Bank list)
11463,Ecorys,Other,Netherlands,High income,20,20,0.0,Other,ReliefWeb type,
21981,Fair Labor Association,Other,United States of America,High income,20,18,0.722,Other,ReliefWeb type,
3505,Fintrac,Other,United States of America,High income,20,20,0.0,Other,ReliefWeb type,
11416,Global Crop Diversity Trust,International Organization,Italy,High income,20,19,0.0,International Organization,ReliefWeb type,
728,Government of Australia,Government,Australia,High income,20,17,0.353,Government,ReliefWeb type,
3693,HOPE Foundation for Women and Children of Bangladesh,Non-governmental Organization,United States of America,High income,20,20,0.0,International NGO,rule,home country is high-income (or not a country in the World Bank list)
29916,Ignitia,Non-governmental Organization,Sweden,High income,20,17,0.0,International NGO,rule,home country is high-income (or not a country in the World Bank list)
3105,International Training Centre of the ILO,International Organization,Italy,High income,20,20,1.0,International Organization,ReliefWeb type,
380,Journalists for Human Rights,Non-governmental Organization,Canada,High income,20,23,0.043,International NGO,rule,home country is high-income (or not a country in the World Bank list)
3649,Lalmba,Non-governmental Organization,United States of America,High income,20,21,0.0,International NGO,rule,home country is high-income (or not a country in the World Bank list)
51468,MERA Global,Other,United Kingdom of Great Britain and Northern Ireland,High income,20,16,0.062,Other,ReliefWeb type,
12376,MHAIR Educational and Human Rights Organization,Non-governmental Organization,Afghanistan,Low income,20,18,1.0,Locally based NGO,rule,home country is low/middle-income and 100% of located posts are there
51204,Med'EqualiTeam,Non-governmental Organization,France,High income,20,20,0.0,International NGO,rule,home country is high-income (or not a country in the World Bank list)
51144,Mnemonic gUG,Non-governmental Organization,Germany,High income,20,7,1.0,International NGO,rule,home country is high-income (or not a country in the World Bank list)
14276,Mote Oo,Non-governmental Organization,Myanmar,Lower middle income,20,19,0.789,Regional NGO (global South base),rule,home country is low/middle-income but only 79% of located posts are there
15176,On Purpose,Other,United Kingdom of Great Britain and Northern Ireland,High income,20,24,0.833,Other,ReliefWeb type,
12553,Other Solutions Consulting,Other,,,20,18,0.0,Other,ReliefWeb type,
24941,PILnet,Non-governmental Organization,United States of America,High income,20,13,0.231,International NGO,rule,home country is high-income (or not a country in the World Bank list)
17531,Peace Action Training and Research Institute of Romania,Non-governmental Organization,Romania,High income,20,18,0.833,International NGO,rule,home country is high-income (or not a country in the World Bank list)
1900,Radio La Benevolencija Humanitarian Tools Foundation,Non-governmental Organization,Netherlands,High income,20,19,0.158,International NGO,rule,home country is high-income (or not a country in the World Bank list)
51227,Sayara International,Other,Sudan,Low income,20,15,0.667,Other,ReliefWeb type,
50612,Seven Star Consultants Limited,Other,Nigeria,Lower middle income,20,66,0.167,Other,ReliefWeb type,
4092,Smile Train,Non-governmental Organization,United States of America,High income,20,28,0.036,International NGO,rule,home country is high-income (or not a country in the World Bank list)
51589,Soleterre - Strategie di Pace ONLUS,Non-governmental Organization,Italy,High income,20,20,0.05,International NGO,rule,home country is high-income (or not a country in the World Bank list)
3394,St. Boniface Haiti Foundation,Non-governmental Organization,United States of America,High income,20,20,0.25,International NGO,rule,home country is high-income (or not a country in the World Bank list)
11182,Support to Life,Non-governmental Organization,Türkiye,Upper middle income,20,18,1.0,Locally based NGO,rule,based in Türkiye or Syria: treated as locally based (Syria response)
46054,The Development Fund of Norway,Non-governmental Organization,Norway,High income,20,15,0.0,International NGO,rule,home country is high-income (or not a country in the World Bank list)
3779,Transparency International Kenya,Non-governmental Organization,Kenya,Lower middle income,20,19,1.0,Locally based NGO,rule,home country is low/middle-income and 100% of located posts are there
10840,Union for International Cancer Control (UICC),Non-governmental Organization,Switzerland,High income,20,21,0.667,International NGO,rule,home country is high-income (or not a country in the World Bank list)
27971,Vi Agroforestry,Non-governmental Organization,Kenya,Lower middle income,20,24,0.458,Regional NGO (global South base),rule,home country is low/middle-income but only 46% of located posts are there
22926,Women Rehabilitation Organization,Non-governmental Organization,Iraq,Upper middle income,20,20,1.0,Locally based NGO,rule,home country is low/middle-income and 100% of located posts are there
15122,Zakat Foundation of America,Non-governmental Organization,United States of America,High income,20,20,0.75,International NGO,rule,home country is high-income (or not a country in the World Bank list)
34506,Arab Consulting Engineers Moharram.Bakhoum,Non-governmental Organization,Egypt,Lower middle income,19,19,0.0,Regional NGO (global South base),rule,home country is low/middle-income but only 0% of located posts are there
12273,Asia Injury Prevention Foundation,Non-governmental Organization,United States of America,High income,19,19,0.0,International NGO,rule,home country is high-income (or not a country in the World Bank list)
12822,Atlantean,Non-governmental Organization,Kenya,Lower middle income,19,19,1.0,Locally based NGO,rule,home country is low/middle-income and 100% of located posts are there
50613,CAUSE Canada,Non-governmental Organization,Canada,High income,19,15,0.0,International NGO,rule,home country is high-income (or not a country in the World Bank list)
37236,CIDEAL Foundation for Cooperation and Research,Other,Spain,High income,19,19,0.0,Other,ReliefWeb type,
9093,FACE for Children in Need,Non-governmental Organization,Belgium,High income,19,17,0.0,International NGO,rule,home country is high-income (or not a country in the World Bank list)
50665,Finnish Refugee Council,Non-governmental Organization,Finland,High income,19,17,0.176,International NGO,rule,home country is high-income (or not a country in the World Bank list)
14362,Formal Education Network for Private Schools,Non-governmental Organization,Somalia,Low income,19,19,1.0,Locally based NGO,rule,home country is low/middle-income and 100% of located posts are there
14227,Girl Rising,Media,United States of America,High income,19,18,0.611,Media,ReliefWeb type,
4131,Goutte d'eau - A Child Support Network,Non-governmental Organization,Switzerland,High income,19,19,0.053,International NGO,rule,home country is high-income (or not a country in the World Bank list)
19081,Helpcode Italia Onlus,Non-governmental Organization,Italy,High income,19,18,0.0,International NGO,rule,home country is high-income (or not a country in the World Bank list)
9796,ILC Africa,Other,Ghana,Lower middle income,19,40,0.275,Other,ReliefWeb type,
50464,Innovation: Africa,Non-governmental Organization,Uganda; United Republic of Tanzania; United States of America,High income; Low income; Lower middle income,19,19,0.211,International NGO,rule,home country is high-income (or not a country in the World Bank list)
37921,International Centre for Advanced Mediterranean Agronomic Studies,International Organization,France,High income,19,26,0.0,International Organization,ReliefWeb type,
30516,International Code of Conduct for Private Security Providers’ Association,Non-governmental Organization,Switzerland,High income,19,17,1.0,International NGO,rule,home country is high-income (or not a country in the World Bank list)
4163,International Emergency and Development Aid,Non-governmental Organization,United States of America,High income,19,19,0.105,International NGO,rule,home country is high-income (or not a country in the World Bank list)
49038,International Institute for Human Security,Non-governmental Organization,United States of America,High income,19,1,1.0,International NGO,rule,home country is high-income (or not a country in the World Bank list)
1995,International Institute of Humanitarian Law,Academic and Research Institution,Italy,High income,19,7,0.571,Academic and Research Institution,ReliefWeb type,
10413,International Location Safety,Other,United Kingdom of Great Britain and Northern Ireland,High income,19,18,1.0,Other,ReliefWeb type,
2471,Intervida,Non-governmental Organization,Spain,High income,19,19,0.0,International NGO,rule,home country is high-income (or not a country in the World Bank list)
44094,Italian Council for Refugees,Non-governmental Organization,Italy,High income,19,19,0.053,International NGO,rule,home country is high-income (or not a country in the World Bank list)
31661,JUMP! Foundation,Non-governmental Organization,Thailand,Upper middle income,19,22,0.682,Regional NGO (global South base),rule,home country is low/middle-income but only 68% of located posts are there
3699,Japan Center for Conflict Prevention,Non-governmental Organization,Japan,High income,19,19,0.105,International NGO,rule,home country is high-income (or not a country in the World Bank list)
50534,Justdiggit Foundation,Non-governmental Organization,Netherlands,High income,19,20,0.2,International NGO,rule,home country is high-income (or not a country in the World Bank list)
30231,Karenni Social Development Center,Non-governmental Organization,Thailand,Upper middle income,19,19,1.0,Locally based NGO,rule,home country is low/middle-income and 100% of located posts are there
27826,Kesh Malek,Non-governmental Organization,Türkiye,Upper middle income,19,18,1.0,Locally based NGO,rule,based in Türkiye or Syria: treated as locally based (Syria response)
11151,Kissito Healthcare International,Non-governmental Organization,United States of America,High income,19,17,0.0,International NGO,rule,home country is high-income (or not a country in the World Bank list)
40548,Open Briefing,Other,United Kingdom of Great Britain and Northern Ireland,High income,19,2,1.0,Other,ReliefWeb type,
9145,Partnership for African Social & Governance Research,Other,Kenya,Lower middle income,19,20,0.85,Other,ReliefWeb type,
4113,Platform for Labour Action Uganda,Non-governmental Organization,Uganda,Low income,19,20,0.95,Locally based NGO,rule,home country is low/middle-income and 95% of located posts are there
51324,SOS Villaggi dei Bambini – Italia,Non-governmental Organization,Italy,High income,19,14,1.0,International NGO,rule,home country is high-income (or not a country in the World Bank list)
50962,Sesame Workshop,Non-governmental Organization,United States of America,High income,19,14,0.286,International NGO,rule,home country is high-income (or not a country in the World Bank list)
13685,South Sudan NGO Forum,Non-governmental Organization,South Sudan,Low income,19,19,1.0,Locally based NGO,rule,home country is low/middle-income and 100% of located posts are there
51855,Syria Development Centre,Other,United Kingdom of Great Britain and Northern Ireland,High income,19,21,0.0,Other,ReliefWeb type,
52135,Syrian Women's Network,Non-governmental Organization,Türkiye,Upper middle income,19,18,1.0,Locally based NGO,rule,based in Türkiye or Syria: treated as locally based (Syria response)
1006,UN Office for Disaster Risk Reduction,International Organization,Switzerland,High income,19,15,0.467,International Organization,ReliefWeb type,
32881,University of Global Health Equity,Academic and Research Institution,Rwanda,Low income,19,19,0.842,Academic and Research Institution,ReliefWeb type,
3298,VAMED Group,Other,Austria,High income,19,19,0.0,Other,ReliefWeb type,
12023,Water Integrity Network,Other,Germany,High income,19,17,0.941,Other,ReliefWeb type,
51585,Windle International Somalia,Non-governmental Organization,Somalia,Low income,19,19,1.0,Locally based NGO,rule,home country is low/middle-income and 100% of located posts are there
18551,Abundant Water,Non-governmental Organization,Lao People's Democratic Republic (the),Lower middle income,18,18,0.611,Regional NGO (global South base),rule,home country is low/middle-income but only 61% of located posts are there
18181,African Virtual University,Academic and Research Institution,Kenya,Lower middle income,18,12,1.0,Academic and Research Institution,ReliefWeb type,
51854,Anna Lindh Foundation,International Organization,Egypt,Lower middle income,18,18,1.0,International Organization,ReliefWeb type,
15045,Arizona State University,Academic and Research Institution,United States of America,High income,18,21,0.095,Academic and Research Institution,ReliefWeb type,
50780,Center for Evaluation and Development,Non-governmental Organization,Germany,High income,18,25,0.0,International NGO,rule,home country is high-income (or not a country in the World Bank list)
11908,Children's Future International,Non-governmental Organization,Cambodia,Lower middle income,18,18,0.722,Regional NGO (global South base),rule,home country is low/middle-income but only 72% of located posts are there
14848,Coastal Resources Center,Government,United States of America,High income,18,18,0.0,Government,ReliefWeb type,
50544,Conflict Management Consulting,Other,Belgium,High income,18,3,0.0,Other,ReliefWeb type,
33626,Contra Nocendi International,Non-governmental Organization,France,High income,18,3,1.0,International NGO,rule,home country is high-income (or not a country in the World Bank list)
12856,Cordoba Peace Institute - Geneva,Non-governmental Organization,Switzerland,High income,18,18,0.833,International NGO,rule,home country is high-income (or not a country in the World Bank list)
44504,GAME,Non-governmental Organization,Denmark,High income,18,26,0.385,International NGO,rule,home country is high-income (or not a country in the World Bank list)
24261,GRID Consulting,Other,Nigeria,Lower middle income,18,18,1.0,Other,ReliefWeb type,
26926,Gatsby Charitable Foundation,Non-governmental Organization,United Kingdom of Great Britain and Northern Ireland,High income,18,18,0.278,International NGO,rule,home country is high-income (or not a country in the World Bank list)
4569,Global Campus of Human Rights,Academic and Research Institution,Italy,High income,18,18,1.0,Academic and Research Institution,ReliefWeb type,
3499,Global Partnership for the Prevention of Armed Conflict,Non-governmental Organization,Netherlands,High income,18,18,0.944,International NGO,rule,home country is high-income (or not a country in the World Bank list)
33116,Green Belt Movement,Non-governmental Organization,Kenya,Lower middle income,18,18,1.0,Locally based NGO,rule,home country is low/middle-income and 100% of located posts are there
3192,HOPE International,Non-governmental Organization,United States of America,High income,18,21,0.095,International NGO,rule,home country is high-income (or not a country in the World Bank list)
45289,HumaniTerra International,Non-governmental Organization,France,High income,18,16,0.438,International NGO,rule,home country is high-income (or not a country in the World Bank list)
26481,Kilifi Plantations Ltd,Other,Kenya,Lower middle income,18,18,1.0,Other,ReliefWeb type,
2623,Louvain Coopération,Non-governmental Organization,Belgium,High income,18,20,0.2,International NGO,rule,home country is high-income (or not a country in the World Bank list)
1159,Norwegian Afghanistan Committee,Non-governmental Organization,Norway,High income,18,19,0.053,International NGO,rule,home country is high-income (or not a country in the World Bank list)
13041,"Organization for Refuge, Asylum and Migration",Non-governmental Organization,United States of America,High income,18,19,0.053,International NGO,rule,home country is high-income (or not a country in the World Bank list)
3142,Oxfam Canada,Non-governmental Organization,Canada,High income,18,18,0.5,International NGO,rule,home country is high-income (or not a country in the World Bank list)
45834,Oxford Epidemiology Services,Other,United States of America,High income,18,16,0.0,Other,ReliefWeb type,
29541,Partners for Health and Development in Africa,Non-governmental Organization,Kenya,Lower middle income,18,18,1.0,Locally based NGO,rule,home country is low/middle-income and 100% of located posts are there
2507,Stromme Foundation,Non-governmental Organization,Norway,High income,18,22,0.0,International NGO,rule,home country is high-income (or not a country in the World Bank list)
12053,Team Rubicon,Non-governmental Organization,United States of America,High income,18,17,0.824,International NGO,rule,home country is high-income (or not a country in the World Bank list)
45804,The Alliance for Child Protection in Humanitarian Action,International Organization,United States of America,High income,18,0,,International Organization,ReliefWeb type,
14612,UN Multidimensional Integrated Stabilization Mission in the Central African Republic,International Organization,Central African Republic,Low income,18,18,1.0,International Organization,ReliefWeb type,
1380,US Department of State,Government,United States of America,High income,18,18,0.333,Government,ReliefWeb type,
2551,University of Central Asia,Academic and Research Institution,Kyrgyzstan,Lower middle income,18,17,0.824,Academic and Research Institution,ReliefWeb type,
45019,Water for Good,Non-governmental Organization,United States of America,High income,18,16,0.125,International NGO,rule,home country is high-income (or not a country in the World Bank list)
2667,WomenCraft,Non-governmental Organization,United Republic of Tanzania,Lower middle income,18,18,1.0,Locally based NGO,rule,home country is low/middle-income and 100% of located posts are there
14641,World Cocoa Foundation,Other,United States of America,High income,18,23,0.217,Other,ReliefWeb type,
8512,A Glimmer of Hope Foundation,Non-governmental Organization,United States of America,High income,17,14,0.857,International NGO,rule,home country is high-income (or not a country in the World Bank list)
354,AGIAMONDO,Other,Germany,High income,17,18,0.0,Other,ReliefWeb type,
50576,AKADEMIYA2063,Non-governmental Organization,Rwanda,Low income,17,18,0.444,Regional NGO (global South base),rule,home country is low/middle-income but only 44% of located posts are there
2853,African Medical and Research Foundation,Academic and Research Institution,Kenya,Lower middle income,17,17,0.412,Academic and Research Institution,ReliefWeb type,
51454,Alinea International,Other,Australia; Canada; United Kingdom of Great Britain and Northern Ireland,High income,17,24,0.0,Other,ReliefWeb type,
39004,Australian Federation of AIDS Organisations,Other,Australia,High income,17,17,0.0,Other,ReliefWeb type,
8926,Bidna Capoeira,Non-governmental Organization,United Kingdom of Great Britain and Northern Ireland,High income,17,19,0.053,International NGO,rule,home country is high-income (or not a country in the World Bank list)
50817,Biovision Africa Trust,Non-governmental Organization,Kenya,Lower middle income,17,17,1.0,Locally based NGO,rule,home country is low/middle-income and 100% of located posts are there
4351,Caritas Luxembourg,Non-governmental Organization,Luxembourg,High income,17,18,0.167,International NGO,rule,home country is high-income (or not a country in the World Bank list)
45164,Center for Civil Society and Democracy,Non-governmental Organization,Türkiye,Upper middle income,17,19,0.579,Locally based NGO,rule,based in Türkiye or Syria: treated as locally based (Syria response)
51648,Centre for Public Impact,Non-governmental Organization,United Kingdom of Great Britain and Northern Ireland,High income,17,22,0.182,International NGO,rule,home country is high-income (or not a country in the World Bank list)
15010,Chance For Childhood,Non-governmental Organization,United Kingdom of Great Britain and Northern Ireland,High income,17,17,0.176,International NGO,rule,home country is high-income (or not a country in the World Bank list)
7624,Control Arms,Non-governmental Organization,United States of America,High income,17,11,0.727,International NGO,rule,home country is high-income (or not a country in the World Bank list)
48223,Damnok Toek,Non-governmental Organization,Cambodia,Lower middle income,17,16,1.0,Locally based NGO,rule,home country is low/middle-income and 100% of located posts are there
3094,Danya International,Other,United States of America,High income,17,17,0.0,Other,ReliefWeb type,
9822,Douleurs Sans Frontières,Non-governmental Organization,France,High income,17,15,0.733,International NGO,rule,home country is high-income (or not a country in the World Bank list)
14352,ESCR-Net,Other,United States of America,High income,17,14,1.0,Other,ReliefWeb type,
41419,Edukans,Non-governmental Organization,Netherlands,High income,17,17,0.118,International NGO,rule,home country is high-income (or not a country in the World Bank list)
15240,Equality For Peace and Development,Non-governmental Organization,Afghanistan,Low income,17,17,1.0,Locally based NGO,rule,home country is low/middle-income and 100% of located posts are there
50663,Fenix Humanitarian Legal Aid,Non-governmental Organization,Greece,High income,17,17,1.0,International NGO,rule,home country is high-income (or not a country in the World Bank list)
1886,Institute of Development Studies,Academic and Research Institution,United Kingdom of Great Britain and Northern Ireland,High income,17,14,0.786,Academic and Research Institution,ReliefWeb type,
1113,International Finance Corporation,International Organization,United States of America,High income,17,15,0.133,International Organization,ReliefWeb type,
8517,International Procurement Agency Africa Ltd,Other,Uganda,Low income,17,14,0.429,Other,ReliefWeb type,
3745,John Dau Sudan Foundation,Other,United States of America,High income,17,17,0.0,Other,ReliefWeb type,
9263,Justice Rapid Response,Non-governmental Organization,Switzerland,High income,17,18,0.722,International NGO,rule,home country is high-income (or not a country in the World Bank list)
8131,KIT Royal Tropical Institute,Academic and Research Institution,Netherlands,High income,17,17,0.588,Academic and Research Institution,ReliefWeb type,
2058,Killefit Consulting Division,Other,Colombia,Upper middle income,17,14,0.143,Other,ReliefWeb type,
3119,Mae Tao Clinic,Non-governmental Organization,Thailand,Upper middle income,17,16,1.0,Locally based NGO,rule,home country is low/middle-income and 100% of located posts are there
3996,Malaria No More,Non-governmental Organization,United Kingdom of Great Britain and Northern Ireland,High income,17,16,0.125,International NGO,rule,home country is high-income (or not a country in the World Bank list)
15816,Mildmay Uganda,Non-governmental Organization,Uganda,Low income,17,17,1.0,Locally based NGO,rule,home country is low/middle-income and 100% of located posts are there
4006,Oxford Policy Management,Academic and Research Institution,United Kingdom of Great Britain and Northern Ireland,High income,17,17,0.353,Academic and Research Institution,ReliefWeb type,
14017,Pamela Steele Associates Ltd,Other,Kenya,Lower middle income,17,16,0.0,Other,ReliefWeb type,
3498,PricewaterhouseCoopers,Other,United States of America,High income,17,17,0.0,Other,ReliefWeb type,
50308,Prospero Zambia,Non-governmental Organization,Zambia,Lower middle income,17,15,1.0,Locally based NGO,rule,home country is low/middle-income and 100% of located posts are there
4138,Publish What You Fund,Non-governmental Organization,United Kingdom of Great Britain and Northern Ireland,High income,17,15,0.8,International NGO,rule,home country is high-income (or not a country in the World Bank list)
3617,Quaker United Nations Office (QUNO),Non-governmental Organization,United States of America,High income,17,17,0.765,International NGO,rule,home country is high-income (or not a country in the World Bank list)
47179,RED NOSES Clowndoctors International,Non-governmental Organization,Austria,High income,17,13,0.538,International NGO,rule,home country is high-income (or not a country in the World Bank list)
47113,Rescue Dada Centre,Non-governmental Organization,Kenya,Lower middle income,17,17,1.0,Locally based NGO,rule,home country is low/middle-income and 100% of located posts are there
30346,Smile Again Africa Development Organization,Non-governmental Organization,South Sudan,Low income,17,17,1.0,Locally based NGO,rule,home country is low/middle-income and 100% of located posts are there
3518,Thabyay Education Network,Non-governmental Organization,Thailand,Upper middle income,17,16,0.312,Regional NGO (global South base),rule,home country is low/middle-income but only 31% of located posts are there
39724,The Khana Group,Other,United States of America,High income,17,13,0.154,Other,ReliefWeb type,
12155,The Royal Society for the Protection of Birds,Non-governmental Organization,United Kingdom of Great Britain and Northern Ireland,High income,17,18,0.167,International NGO,rule,home country is high-income (or not a country in the World Bank list)
13656,Tropical Health,Non-governmental Organization,United Kingdom of Great Britain and Northern Ireland,High income,17,14,0.071,International NGO,rule,home country is high-income (or not a country in the World Bank list)
1313,Tufts University,Academic and Research Institution,United States of America,High income,17,16,0.5,Academic and Research Institution,ReliefWeb type,
1998,Télécoms Sans Frontières,Non-governmental Organization,France,High income,17,16,0.625,International NGO,rule,home country is high-income (or not a country in the World Bank list)
4376,UN Integrated Peacebuilding Office in Guinea-Bissau,International Organization,Guinea-Bissau,Low income,17,16,1.0,International Organization,ReliefWeb type,
1802,University of Manchester,Academic and Research Institution,United Kingdom of Great Britain and Northern Ireland,High income,17,17,1.0,Academic and Research Institution,ReliefWeb type,
3612,Vanderbilt University,Academic and Research Institution,United States of America,High income,17,17,0.0,Academic and Research Institution,ReliefWeb type,
41664,We Love Reading,Non-governmental Organization,Jordan,Upper middle income,17,17,1.0,Locally based NGO,rule,home country is low/middle-income and 100% of located posts are there
4550,World Federalist Movement-Institute for Global Policy,Non-governmental Organization,United States of America,High income,17,17,0.941,International NGO,rule,home country is high-income (or not a country in the World Bank list)
653,AMAR International Charitable Foundation,Non-governmental Organization,United Kingdom of Great Britain and Northern Ireland,High income,16,15,0.0,International NGO,rule,home country is high-income (or not a country in the World Bank list)
29591,AdvocAid,Non-governmental Organization,Sierra Leone,Low income,16,15,1.0,Locally based NGO,rule,home country is low/middle-income and 100% of located posts are there
3861,Africa Rice Center,Academic and Research Institution,Benin,Lower middle income,16,16,0.0,Academic and Research Institution,ReliefWeb type,
4528,African Refugee Development Center,Non-governmental Organization,Israel,High income,16,16,1.0,International NGO,rule,home country is high-income (or not a country in the World Bank list)
49288,AlSeeraj for Development and Healthcare,Non-governmental Organization,Türkiye,Upper middle income,16,16,1.0,Locally based NGO,rule,based in Türkiye or Syria: treated as locally based (Syria response)
50310,Anglican Development Services Kenya,Non-governmental Organization,Kenya,Lower middle income,16,16,1.0,Locally based NGO,rule,home country is low/middle-income and 100% of located posts are there
43284,Auranitis Life Line,Non-governmental Organization,Jordan,Upper middle income,16,16,1.0,Locally based NGO,rule,home country is low/middle-income and 100% of located posts are there
491,Bonn International Centre for Conflict Studies,Academic and Research Institution,Germany,High income,16,14,0.571,Academic and Research Institution,ReliefWeb type,
8316,ChildFinance,Other,Netherlands,High income,16,16,1.0,Other,ReliefWeb type,
14725,Chinko Project,Non-governmental Organization,Central African Republic,Low income,16,16,1.0,Locally based NGO,rule,home country is low/middle-income and 100% of located posts are there
10320,Church of Sweden,Other,Sweden,High income,16,18,0.5,Other,ReliefWeb type,
12606,Dobey International Ltd,Other,Bangladesh,Lower middle income,16,16,0.938,Other,ReliefWeb type,
51920,Earth Island,Non-governmental Organization,United States of America,High income,16,3,0.0,International NGO,rule,home country is high-income (or not a country in the World Bank list)
43954,Engineers Without Borders USA,Non-governmental Organization,United States of America,High income,16,11,0.182,International NGO,rule,home country is high-income (or not a country in the World Bank list)
13877,European Union Border Assistance Mission to Moldova and Ukraine,International Organization,World,Not classified,16,16,0.0,International Organization,ReliefWeb type,
48769,Exigo Research and Communications,Academic and Research Institution,Spain,High income,16,8,0.0,Academic and Research Institution,ReliefWeb type,
11598,Fairfood International,Non-governmental Organization,Netherlands,High income,16,16,0.875,International NGO,rule,home country is high-income (or not a country in the World Bank list)
51410,Field Production,Other,Türkiye,Upper middle income,16,45,0.133,Other,ReliefWeb type,
30856,Franks Family Foundation,Non-governmental Organization,United Kingdom of Great Britain and Northern Ireland,High income,16,16,0.438,International NGO,rule,home country is high-income (or not a country in the World Bank list)
476,Gesellschaft fur Technische Zusammenarbeit,Non-governmental Organization,Germany,High income,16,16,0.0,International NGO,rule,home country is high-income (or not a country in the World Bank list)
50656,Global Center on Adaptation,Non-governmental Organization,Netherlands,High income,16,18,0.833,International NGO,rule,home country is high-income (or not a country in the World Bank list)
3595,Heart to Heart International,Non-governmental Organization,United States of America,High income,16,16,0.375,International NGO,rule,home country is high-income (or not a country in the World Bank list)
24461,Human Care Syria,Non-governmental Organization,United Kingdom of Great Britain and Northern Ireland,High income,16,16,0.812,International NGO,rule,home country is high-income (or not a country in the World Bank list)
50853,Hurras Network,Non-governmental Organization,Türkiye,Upper middle income,16,15,1.0,Locally based NGO,rule,based in Türkiye or Syria: treated as locally based (Syria response)
1566,International Aids Vaccine Intitiative,Non-governmental Organization,United States of America,High income,16,17,0.353,International NGO,rule,home country is high-income (or not a country in the World Bank list)
26931,KonTerra Group,Other,United States of America,High income,16,15,0.267,Other,ReliefWeb type,
52355,Le Comité International pour l’Aide d’Urgence et le Développement Canada,Non-governmental Organization,Canada,High income,16,16,0.0,International NGO,rule,home country is high-income (or not a country in the World Bank list)
48903,MA-UK Myanmar,Non-governmental Organization,Myanmar,Lower middle income,16,16,1.0,Locally based NGO,rule,home country is low/middle-income and 100% of located posts are there
43969,Migrant Offshore Aid Station,Non-governmental Organization,Malta,High income,16,16,0.375,International NGO,rule,home country is high-income (or not a country in the World Bank list)
8757,Mokoro,Non-governmental Organization,United Kingdom of Great Britain and Northern Ireland,High income,16,15,1.0,International NGO,rule,home country is high-income (or not a country in the World Bank list)
46948,Ona Systems Inc.,Non-governmental Organization,Kenya,Lower middle income,16,15,0.733,Regional NGO (global South base),rule,home country is low/middle-income but only 73% of located posts are there
2668,Opportunities Industrialization Centers International,Non-governmental Organization,United States of America,High income,16,14,0.571,International NGO,rule,home country is high-income (or not a country in the World Bank list)
51401,Oxfam Denmark,Non-governmental Organization,Denmark,High income,16,5,0.4,International NGO,rule,home country is high-income (or not a country in the World Bank list)
3264,Oxfam Ireland,Non-governmental Organization,Ireland,High income,16,17,0.706,International NGO,rule,home country is high-income (or not a country in the World Bank list)
3831,PeaceNexus,Non-governmental Organization,Switzerland,High income,16,19,0.526,International NGO,rule,home country is high-income (or not a country in the World Bank list)
31191,Pharo Foundation,Non-governmental Organization,United Kingdom of Great Britain and Northern Ireland,High income,16,16,0.062,International NGO,rule,home country is high-income (or not a country in the World Bank list)
47528,Primary Care International,Non-governmental Organization,United Kingdom of Great Britain and Northern Ireland,High income,16,1,0.0,International NGO,rule,home country is high-income (or not a country in the World Bank list)
51445,Principles for Peace,Non-governmental Organization,Switzerland,High income,16,13,0.846,International NGO,rule,home country is high-income (or not a country in the World Bank list)
18616,Rang De,Non-governmental Organization,India,Lower middle income,16,16,1.0,Locally based NGO,rule,home country is low/middle-income and 100% of located posts are there
44059,Saed Charity Association,Non-governmental Organization,Türkiye,Upper middle income,16,16,1.0,Locally based NGO,rule,based in Türkiye or Syria: treated as locally based (Syria response)
50942,Salam Charity for Development & Democracy,Non-governmental Organization,Syrian Arab Republic,Low income,16,16,1.0,Locally based NGO,rule,based in Türkiye or Syria: treated as locally based (Syria response)
50566,Somalia Stability Fund,Non-governmental Organization,Somalia,Low income,16,17,0.765,Regional NGO (global South base),rule,home country is low/middle-income but only 76% of located posts are there
15020,Southern Agricultural Growth Corridor of Tanzania,Other,United Republic of Tanzania,Lower middle income,16,16,1.0,Other,ReliefWeb type,
41444,Stichting Female Journalists Network,Non-governmental Organization,Netherlands,High income,16,7,0.714,International NGO,rule,home country is high-income (or not a country in the World Bank list)
25571,Tanzanian Children’s Fund,Non-governmental Organization,United States of America,High income,16,16,0.0,International NGO,rule,home country is high-income (or not a country in the World Bank list)
46993,Viatores Christi,Non-governmental Organization,Ireland,High income,16,12,0.0,International NGO,rule,home country is high-income (or not a country in the World Bank list)
10946,Viva Rio,Non-governmental Organization,Brazil,Upper middle income,16,16,0.0,Regional NGO (global South base),rule,home country is low/middle-income but only 0% of located posts are there
8241,WellShare International,Non-governmental Organization,United States of America,High income,16,13,0.0,International NGO,rule,home country is high-income (or not a country in the World Bank list)
46913,eyeWitness,Non-governmental Organization,United Kingdom of Great Britain and Northern Ireland,High income,16,17,0.882,International NGO,rule,home country is high-income (or not a country in the World Bank list)
3747,i+solutions,Non-governmental Organization,Netherlands,High income,16,18,0.778,International NGO,rule,home country is high-income (or not a country in the World Bank list)
51617,AIDS and Rights Alliance for Southern Africa,Non-governmental Organization,Namibia,Lower middle income,15,4,1.0,Locally based NGO,rule,home country is low/middle-income and 100% of located posts are there
46399,Action Network for the Disabled,Non-governmental Organization,Kenya,Lower middle income,15,15,1.0,Locally based NGO,rule,home country is low/middle-income and 100% of located posts are there
50332,Adyan Foundation,Non-governmental Organization,Lebanon,Lower middle income,15,8,1.0,Locally based NGO,rule,home country is low/middle-income and 100% of located posts are there
37601,Afghanistan Organization for Civil Society,Non-governmental Organization,Afghanistan,Low income,15,14,0.714,Regional NGO (global South base),rule,home country is low/middle-income but only 71% of located posts are there
10865,African Field Epidemiology Network,Other,Uganda,Low income,15,15,0.6,Other,ReliefWeb type,
698,Australian Volunteers International,Non-governmental Organization,Australia,High income,15,14,0.0,International NGO,rule,home country is high-income (or not a country in the World Bank list)
47554,Bousla Training and Innovation,Non-governmental Organization,Türkiye,Upper middle income,15,14,1.0,Locally based NGO,rule,based in Türkiye or Syria: treated as locally based (Syria response)
4036,BØRNEfonden,Other,Denmark,High income,15,15,0.0,Other,ReliefWeb type,
2438,CURE International,Non-governmental Organization,United States of America,High income,15,13,0.0,International NGO,rule,home country is high-income (or not a country in the World Bank list)
39429,Canadian Association of Midwives,Non-governmental Organization,Canada,High income,15,15,0.4,International NGO,rule,home country is high-income (or not a country in the World Bank list)
12554,Caribbean HIV&AIDS Alliance,Other,Trinidad and Tobago,High income,15,15,0.867,Other,ReliefWeb type,
49728,Centre de Recherche sur l’Anti-Corruption,Non-governmental Organization,Democratic Republic of the Congo,Low income,15,15,1.0,Locally based NGO,rule,home country is low/middle-income and 100% of located posts are there
1536,Chatham House,Academic and Research Institution,United Kingdom of Great Britain and Northern Ireland,High income,15,15,1.0,Academic and Research Institution,ReliefWeb type,
13232,Comprehensive Community Based Rehabilitation in Tanzania,Non-governmental Organization,United Republic of Tanzania,Lower middle income,15,15,1.0,Locally based NGO,rule,home country is low/middle-income and 100% of located posts are there
51318,DAI-Policy LINK,Other,United States of America,High income,15,14,0.0,Other,ReliefWeb type,
25566,Enfants du Monde,Non-governmental Organization,Switzerland,High income,15,14,0.071,International NGO,rule,home country is high-income (or not a country in the World Bank list)
24996,Equality Now,Non-governmental Organization,Kenya; Lebanon; United Kingdom of Great Britain and Northern Ireland; United States of America,High income; Lower middle income,15,12,0.75,International NGO,rule,home country is high-income (or not a country in the World Bank list)
44664,FAIRMED,Non-governmental Organization,Switzerland,High income,15,15,0.067,International NGO,rule,home country is high-income (or not a country in the World Bank list)
15300,Frankfurt Zoological Society,Non-governmental Organization,Germany,High income,15,13,0.308,International NGO,rule,home country is high-income (or not a country in the World Bank list)
4152,G4S International Employment Services,Other,United Kingdom of Great Britain and Northern Ireland,High income,15,15,0.067,Other,ReliefWeb type,
11711,Global Coalition to Protect Education from Attack,Non-governmental Organization,United States of America,High income,15,11,0.909,International NGO,rule,home country is high-income (or not a country in the World Bank list)
51737,Global Greengrants Fund,Non-governmental Organization,United States of America,High income,15,5,0.8,International NGO,rule,home country is high-income (or not a country in the World Bank list)
9842,Good Return,Other,Australia,High income,15,30,0.167,Other,ReliefWeb type,
429,Government of Rwanda,Government,Rwanda,Low income,15,15,1.0,Government,ReliefWeb type,
12414,Grassroots Reconciliation Group,Non-governmental Organization,Uganda,Low income,15,13,0.846,Locally based NGO,rule,home country is low/middle-income and 85% of located posts are there
12639,INASP,Non-governmental Organization,United Kingdom of Great Britain and Northern Ireland,High income,15,13,1.0,International NGO,rule,home country is high-income (or not a country in the World Bank list)
12855,Injaz,Non-governmental Organization,Jordan,Upper middle income,15,15,1.0,Locally based NGO,rule,home country is low/middle-income and 100% of located posts are there
31431,Jane Goodall Institute,Non-governmental Organization,United States of America,High income,15,15,0.133,International NGO,rule,home country is high-income (or not a country in the World Bank list)
49483,Kamara,Non-governmental Organization,United Kingdom of Great Britain and Northern Ireland,High income,15,5,0.8,International NGO,rule,home country is high-income (or not a country in the World Bank list)
1618,Leonard Cheshire International,Non-governmental Organization,,,15,14,0.0,NGO (home country unknown),rule,ReliefWeb lists no home country
51664,MASAR for Humanitarian & Development,Non-governmental Organization,Türkiye,Upper middle income,15,15,1.0,Locally based NGO,rule,based in Türkiye or Syria: treated as locally based (Syria response)
7629,Medicines for Humanity,Non-governmental Organization,United States of America,High income,15,16,0.125,International NGO,rule,home country is high-income (or not a country in the World Bank list)
1321,Mekong River Commission,International Organization,Lao People's Democratic Republic (the),Lower middle income,15,18,0.278,International Organization,ReliefWeb type,
46803,Mowgli Mentoring,Non-governmental Organization,United Kingdom of Great Britain and Northern Ireland,High income,15,10,0.8,International NGO,rule,home country is high-income (or not a country in the World Bank list)
9476,National Cooperative Business Association,Other,United States of America,High income,15,15,0.933,Other,ReliefWeb type,
10497,National Parliament of Timor-Leste,Government,Timor-Leste,Lower middle income,15,15,1.0,Government,ReliefWeb type,
1123,Organisation for Economic Co-operation and Development,International Organization,France,High income,15,12,0.917,International Organization,ReliefWeb type,
3799,Oxfam Hong Kong,Non-governmental Organization,China - Hong Kong (Special Administrative Region),High income,15,13,0.615,International NGO,rule,home country is high-income (or not a country in the World Bank list)
9178,Pakistan Humanitarian Forum,Non-governmental Organization,Pakistan,Lower middle income,15,15,1.0,Locally based NGO,rule,home country is low/middle-income and 100% of located posts are there
11221,Parliamentarians for Global Action,Non-governmental Organization,United States of America,High income,15,15,0.0,International NGO,rule,home country is high-income (or not a country in the World Bank list)
50434,Peace Paradigms Organization,Non-governmental Organization,Iraq,Upper middle income,15,15,1.0,Locally based NGO,rule,home country is low/middle-income and 100% of located posts are there
44524,Proximity International,Other,United States of America,High income,15,13,0.077,Other,ReliefWeb type,
39994,Pure Earth Blacksmith Institute,Non-governmental Organization,United States of America,High income,15,15,0.467,International NGO,rule,home country is high-income (or not a country in the World Bank list)
3657,RETRAK,Non-governmental Organization,United Kingdom of Great Britain and Northern Ireland,High income,15,14,0.143,International NGO,rule,home country is high-income (or not a country in the World Bank list)
1166,Raleigh International,Other,United Kingdom of Great Britain and Northern Ireland,High income,15,26,0.192,Other,ReliefWeb type,
43364,Red Cross Red Crescent Climate Centre,Red Cross/Red Crescent Movement,Netherlands,High income,15,2,1.0,Red Cross/Red Crescent Movement,ReliefWeb type,
10265,Royal College of Paediatrics and Child Health,Academic and Research Institution,United Kingdom of Great Britain and Northern Ireland,High income,15,17,0.118,Academic and Research Institution,ReliefWeb type,
13567,Silk Route Training and Research Organization,Non-governmental Organization,Afghanistan,Low income,15,13,1.0,Locally based NGO,rule,home country is low/middle-income and 100% of located posts are there
12647,The Code,Non-governmental Organization,Thailand,Upper middle income,15,16,0.938,Locally based NGO,rule,home country is low/middle-income and 94% of located posts are there
50497,The Hague Institute for Innovation of Law,Other,Netherlands,High income,15,12,0.75,Other,ReliefWeb type,
13026,The Institute for Collaborative Development,Non-governmental Organization,United States of America,High income,15,15,0.2,International NGO,rule,home country is high-income (or not a country in the World Bank list)
36011,WaterLex,Non-governmental Organization,Switzerland,High income,15,15,1.0,International NGO,rule,home country is high-income (or not a country in the World Bank list)
51345,Way of Hope to Life Organization,Non-governmental Organization,Afghanistan,Low income,15,17,0.706,Regional NGO (global South base),rule,home country is low/middle-income but only 71% of located posts are there
1375,WomanKind Worldwide,Non-governmental Organization,United Kingdom of Great Britain and Northern Ireland,High income,15,14,0.857,International NGO,rule,home country is high-income (or not a country in the World Bank list)
50315,World Coalition Against the Death Penalty,Non-governmental Organization,France,High income,15,13,0.615,International NGO,rule,home country is high-income (or not a country in the World Bank list)
1763,World Federation of Hemophilia,Non-governmental Organization,Canada,High income,15,21,0.333,International NGO,rule,home country is high-income (or not a country in the World Bank list)
2595,World Trade Organization,International Organization,Switzerland,High income,15,15,1.0,International Organization,ReliefWeb type,
27386,ZanaAfrica,Non-governmental Organization,Kenya,Lower middle income,15,14,1.0,Locally based NGO,rule,home country is low/middle-income and 100% of located posts are there
51118,ADRA Deutschland e.V.,Non-governmental Organization,Germany,High income,14,10,0.4,International NGO,rule,home country is high-income (or not a country in the World Bank list)
353,AGRER,Other,Belgium,High income,14,14,0.071,Other,ReliefWeb type,
3668,ANESVAD Foundation,Non-governmental Organization,Spain,High income,14,10,0.5,International NGO,rule,home country is high-income (or not a country in the World Bank list)
50522,APT Action on Poverty,Non-governmental Organization,United Kingdom of Great Britain and Northern Ireland,High income,14,15,0.133,International NGO,rule,home country is high-income (or not a country in the World Bank list)
31316,AWO International,Non-governmental Organization,Germany,High income,14,15,0.067,International NGO,rule,home country is high-income (or not a country in the World Bank list)
4489,Abdul Jameel Latif Poverty Action Lab,Academic and Research Institution,United States of America,High income,14,15,0.0,Academic and Research Institution,ReliefWeb type,
2890,Aegis Trust,Non-governmental Organization,United Kingdom of Great Britain and Northern Ireland,High income,14,14,0.643,International NGO,rule,home country is high-income (or not a country in the World Bank list)
4360,African Economic Research Consortium,Non-governmental Organization,Kenya,Lower middle income,14,14,1.0,Locally based NGO,rule,home country is low/middle-income and 100% of located posts are there
52157,Alsama Project,Non-governmental Organization,Lebanon,Lower middle income,14,13,1.0,Locally based NGO,rule,home country is low/middle-income and 100% of located posts are there
17441,Amel Association International,Non-governmental Organization,Lebanon,Lower middle income,14,14,1.0,Locally based NGO,rule,home country is low/middle-income and 100% of located posts are there
50919,Ana Aqra Association,Non-governmental Organization,Lebanon,Lower middle income,14,14,1.0,Locally based NGO,rule,home country is low/middle-income and 100% of located posts are there
721,Axios,Other,Ireland,High income,14,24,0.0,Other,ReliefWeb type,
52028,Be Aware and Share,International Organization,Switzerland,High income,14,13,0.0,International Organization,ReliefWeb type,
49198,Center for Defending Freedom of Journalists,Non-governmental Organization,Jordan,Upper middle income,14,14,1.0,Locally based NGO,rule,home country is low/middle-income and 100% of located posts are there
8685,Center for Resource & System Management,Other,,,14,15,0.0,Other,ReliefWeb type,
12689,Clinics4All,Non-governmental Organization,South Africa,Upper middle income,14,14,1.0,Locally based NGO,rule,home country is low/middle-income and 100% of located posts are there
43999,Comprehensive Rehabilitation Services in Uganda,Non-governmental Organization,Uganda,Low income,14,9,1.0,Locally based NGO,rule,home country is low/middle-income and 100% of located posts are there
49138,Consuelo Foundation,Non-governmental Organization,United States of America,High income,14,14,0.0,International NGO,rule,home country is high-income (or not a country in the World Bank list)
904,Danish Assistance to Afghan Rehabilitation and Technical Training,Non-governmental Organization,Denmark,High income,14,13,0.0,International NGO,rule,home country is high-income (or not a country in the World Bank list)
4207,Development Initiative Access Link,Non-governmental Organization,Somalia,Low income,14,14,1.0,Locally based NGO,rule,home country is low/middle-income and 100% of located posts are there
12767,Dignitas Project,Non-governmental Organization,United States of America,High income,14,14,0.0,International NGO,rule,home country is high-income (or not a country in the World Bank list)
51300,Eau et Vie,Non-governmental Organization,France,High income,14,14,0.0,International NGO,rule,home country is high-income (or not a country in the World Bank list)
15417,Educate!,Non-governmental Organization,United States of America,High income,14,17,0.059,International NGO,rule,home country is high-income (or not a country in the World Bank list)
2690,Enabling Peace in Iraq Center,Non-governmental Organization,United States of America,High income,14,13,0.538,International NGO,rule,home country is high-income (or not a country in the World Bank list)
13178,Equate International,Other,Uganda,Low income,14,16,0.25,Other,ReliefWeb type,
2678,Eurecna,Other,Italy,High income,14,17,0.0,Other,ReliefWeb type,
2838,Foundation for Innovative New Diagnostics,Non-governmental Organization,Switzerland,High income,14,16,0.438,International NGO,rule,home country is high-income (or not a country in the World Bank list)
51782,Future Resilience and Development Foundation,Non-governmental Organization,Nigeria,Lower middle income,14,14,1.0,Locally based NGO,rule,home country is low/middle-income and 100% of located posts are there
51728,Global Diaspora Confederation,Non-governmental Organization,Netherlands,High income,14,1,0.0,International NGO,rule,home country is high-income (or not a country in the World Bank list)
8115,Gmedia Center,Media,,,14,14,0.0,Media,ReliefWeb type,
422,Government of Denmark,Government,Denmark,High income,14,14,0.0,Government,ReliefWeb type,
14597,HKL Global Solutions,Non-governmental Organization,Australia,High income,14,13,0.077,International NGO,rule,home country is high-income (or not a country in the World Bank list)
4010,Health NGOs Network,Non-governmental Organization,Kenya,Lower middle income,14,10,1.0,Locally based NGO,rule,home country is low/middle-income and 100% of located posts are there
828,Hope Rises International,Non-governmental Organization,United States of America,High income,14,15,0.333,International NGO,rule,home country is high-income (or not a country in the World Bank list)
50606,Hope for Haiti,Non-governmental Organization,Haiti,Lower middle income,14,14,1.0,Locally based NGO,rule,home country is low/middle-income and 100% of located posts are there
38081,Humanity Crew,Non-governmental Organization,Netherlands,High income,14,2,0.0,International NGO,rule,home country is high-income (or not a country in the World Bank list)
2679,Hunger Project,Non-governmental Organization,United States of America,High income,14,14,0.714,International NGO,rule,home country is high-income (or not a country in the World Bank list)
45059,ICCO COOPERATION,Non-governmental Organization,Netherlands,High income,14,14,0.0,International NGO,rule,home country is high-income (or not a country in the World Bank list)
50988,ILGA ASIA,Non-governmental Organization,Thailand,Upper middle income,14,8,1.0,Locally based NGO,rule,home country is low/middle-income and 100% of located posts are there
8233,Indepth Research Services,Other,,,14,14,0.0,Other,ReliefWeb type,
44124,International Association of Universities,Academic and Research Institution,France,High income,14,14,1.0,Academic and Research Institution,ReliefWeb type,
22756,Irish Rule of Law International,Other,Ireland,High income,14,13,0.385,Other,ReliefWeb type,
12702,Joint IDP Profiling Service,International Organization,Switzerland,High income,14,14,0.857,International Organization,ReliefWeb type,
4337,Kimetrica,Other,Kenya; United States of America,High income; Lower middle income,14,10,0.9,Other,ReliefWeb type,
50128,Kudra Social Development Solutions,Non-governmental Organization,Türkiye,Upper middle income,14,14,1.0,Locally based NGO,rule,based in Türkiye or Syria: treated as locally based (Syria response)
13548,Li Ch'utam,Non-governmental Organization,Guatemala,Upper middle income,14,13,1.0,Locally based NGO,rule,home country is low/middle-income and 100% of located posts are there
1544,MAP International,Non-governmental Organization,United States of America,High income,14,13,0.846,International NGO,rule,home country is high-income (or not a country in the World Bank list)
51411,"ME&A, Inc.",Other,United States of America,High income,14,14,0.429,Other,ReliefWeb type,
51498,Malteser International Americas,Non-governmental Organization,United States of America,High income,14,17,0.471,International NGO,rule,home country is high-income (or not a country in the World Bank list)
31281,Medical Action Myanmar,Non-governmental Organization,Myanmar,Lower middle income,14,14,1.0,Locally based NGO,rule,home country is low/middle-income and 100% of located posts are there
2252,Medical Refresher Courses for Afghans,Non-governmental Organization,France,High income,14,14,0.0,International NGO,rule,home country is high-income (or not a country in the World Bank list)
11983,Millennium Challenge Account - Indonesia,Government,Indonesia,Upper middle income,14,14,1.0,Government,ReliefWeb type,
10164,MorFiss Foundation,Non-governmental Organization,United States of America,High income,14,16,0.562,International NGO,rule,home country is high-income (or not a country in the World Bank list)
3380,Myanmar Information Management Unit,International Organization,Myanmar,Lower middle income,14,13,1.0,International Organization,ReliefWeb type,
10202,Myanmar Red Cross Society,Red Cross/Red Crescent Movement,Myanmar,Lower middle income,14,13,1.0,Red Cross/Red Crescent Movement,ReliefWeb type,
50798,Nasaem Khair,Non-governmental Organization,Türkiye,Upper middle income,14,14,1.0,Locally based NGO,rule,based in Türkiye or Syria: treated as locally based (Syria response)
1982,ODI - Humanitarian Policy Group,Academic and Research Institution,United Kingdom of Great Britain and Northern Ireland,High income,14,38,0.289,Academic and Research Institution,ReliefWeb type,
14944,Observatory of Conflict and Violence Prevention,Non-governmental Organization,Somalia,Low income,14,14,0.929,Locally based NGO,rule,home country is low/middle-income and 93% of located posts are there
1153,Pearson Peacekeeping Centre,Academic and Research Institution,Canada,High income,14,21,0.095,Academic and Research Institution,ReliefWeb type,
37836,Polish Medical Mission Association,Non-governmental Organization,Poland,High income,14,14,0.071,International NGO,rule,home country is high-income (or not a country in the World Bank list)
52330,ProLeap Development Group,Other,United Kingdom of Great Britain and Northern Ireland,High income,14,25,0.0,Other,ReliefWeb type,
50459,Project Armonia,Non-governmental Organization,Greece; Switzerland,High income,14,13,1.0,International NGO,rule,home country is high-income (or not a country in the World Bank list)
11049,Project Istwa,Non-governmental Organization,United States of America,High income,14,17,0.176,International NGO,rule,home country is high-income (or not a country in the World Bank list)
49523,Re:Coded,Non-governmental Organization,United States of America,High income,14,19,0.105,International NGO,rule,home country is high-income (or not a country in the World Bank list)
44709,Reall,Other,United Kingdom of Great Britain and Northern Ireland,High income,14,11,0.727,Other,ReliefWeb type,
52136,Reelmedia,Other,United Kingdom of Great Britain and Northern Ireland,High income,14,0,,Other,ReliefWeb type,
50554,STS International Solidarity,Non-governmental Organization,Somalia,Low income,14,14,1.0,Locally based NGO,rule,home country is low/middle-income and 100% of located posts are there
11773,Strathmore University,Academic and Research Institution,Kenya,Lower middle income,14,14,1.0,Academic and Research Institution,ReliefWeb type,
1370,Swiss Peace Foundation,Academic and Research Institution,Switzerland,High income,14,14,1.0,Academic and Research Institution,ReliefWeb type,
52093,Talk to Loop,Non-governmental Organization,Netherlands,High income,14,12,0.333,International NGO,rule,home country is high-income (or not a country in the World Bank list)
11384,The Asfari Foundation,Non-governmental Organization,United Kingdom of Great Britain and Northern Ireland,High income,14,9,0.778,International NGO,rule,home country is high-income (or not a country in the World Bank list)
43289,The Danish Family Planning Association,Non-governmental Organization,Denmark,High income,14,14,0.143,International NGO,rule,home country is high-income (or not a country in the World Bank list)
3624,UN Office of Internal Oversight Services,International Organization,United States of America,High income,14,13,0.846,International Organization,ReliefWeb type,
47389,UNICEF UK,Non-governmental Organization,United Kingdom of Great Britain and Northern Ireland,High income,14,14,1.0,International NGO,rule,home country is high-income (or not a country in the World Bank list)
12326,Uganda Society for Disabled Children,Non-governmental Organization,Uganda,Low income,14,14,1.0,Locally based NGO,rule,home country is low/middle-income and 100% of located posts are there
17736,Women Educational Researchers of Kenya,Non-governmental Organization,Kenya,Lower middle income,14,14,1.0,Locally based NGO,rule,home country is low/middle-income and 100% of located posts are there
4411,World Neighbors,Non-governmental Organization,United States of America,High income,14,14,0.071,International NGO,rule,home country is high-income (or not a country in the World Bank list)
51593,Young Women's Christian Association of Kenya,Non-governmental Organization,Kenya,Lower middle income,14,14,1.0,Locally based NGO,rule,home country is low/middle-income and 100% of located posts are there
12085,kaw Dai,Non-governmental Organization,Myanmar,Lower middle income,14,14,1.0,Locally based NGO,rule,home country is low/middle-income and 100% of located posts are there
13105,ATR Consulting,Other,Afghanistan,Low income,13,11,0.818,Other,ReliefWeb type,
12079,Across-Sudan,Non-governmental Organization,Kenya,Lower middle income,13,13,0.077,Regional NGO (global South base),rule,home country is low/middle-income but only 8% of located posts are there
1684,Africa Capacity Alliance,Academic and Research Institution,Kenya,Lower middle income,13,12,1.0,Academic and Research Institution,ReliefWeb type,
774,African Union,International Organization,Ethiopia,Low income,13,13,0.538,International Organization,ReliefWeb type,
45859,Aid for Child Trust,Other,India,Lower middle income,13,13,1.0,Other,ReliefWeb type,
49708,Al Sharq Forum,Non-governmental Organization,Switzerland,High income,13,10,0.0,International NGO,rule,home country is high-income (or not a country in the World Bank list)
33521,Association for Integration and Development,Non-governmental Organization,Türkiye,Upper middle income,13,13,1.0,Locally based NGO,rule,based in Türkiye or Syria: treated as locally based (Syria response)
27901,Associazione Amici dei Bambini,Non-governmental Organization,Italy,High income,13,14,0.0,International NGO,rule,home country is high-income (or not a country in the World Bank list)
604,Austrian Centre for Peace,Academic and Research Institution,Austria,High income,13,10,0.8,Academic and Research Institution,ReliefWeb type,
705,Austrian Development Agency,Government,Austria,High income,13,13,0.0,Government,ReliefWeb type,
8377,Ayala Consulting,Other,United States of America,High income,13,12,0.0,Other,ReliefWeb type,
51152,Brooke East Africa,Non-governmental Organization,Kenya,Lower middle income,13,13,1.0,Locally based NGO,rule,home country is low/middle-income and 100% of located posts are there
49423,Cadasta Foundation,Non-governmental Organization,United States of America,High income,13,6,0.333,International NGO,rule,home country is high-income (or not a country in the World Bank list)
4308,Cambodian Children's Fund,Non-governmental Organization,United States of America,High income,13,13,0.0,International NGO,rule,home country is high-income (or not a country in the World Bank list)
44529,CanDo International,Non-governmental Organization,United Kingdom of Great Britain and Northern Ireland,High income,13,0,,International NGO,rule,home country is high-income (or not a country in the World Bank list)
50546,Co-Impact,Other,United States of America,High income,13,15,0.0,Other,ReliefWeb type,
9582,Collectif des Familles de Disparus en Algérie,Non-governmental Organization,France,High income,13,13,0.769,International NGO,rule,home country is high-income (or not a country in the World Bank list)
49233,Dana Asia,Non-governmental Organization,Singapore,High income,13,9,0.0,International NGO,rule,home country is high-income (or not a country in the World Bank list)
12132,Darfur Women Action Group,Non-governmental Organization,United States of America,High income,13,11,1.0,International NGO,rule,home country is high-income (or not a country in the World Bank list)
48594,Earthworm Foundation,Non-governmental Organization,United Kingdom of Great Britain and Northern Ireland,High income,13,17,0.059,International NGO,rule,home country is high-income (or not a country in the World Bank list)
41784,Enfants d'Asie,Non-governmental Organization,France,High income,13,13,0.308,International NGO,rule,home country is high-income (or not a country in the World Bank list)
51978,Forgotten Parks,Non-governmental Organization,United States of America,High income,13,13,0.0,International NGO,rule,home country is high-income (or not a country in the World Bank list)
2939,Franciscans International,Non-governmental Organization,Switzerland,High income,13,13,0.769,International NGO,rule,home country is high-income (or not a country in the World Bank list)
4176,Fundación CSAI,Non-governmental Organization,Spain,High income,13,12,0.25,International NGO,rule,home country is high-income (or not a country in the World Bank list)
30101,Future Pioneers for Empowering Communities,Non-governmental Organization,Jordan,Upper middle income,13,13,1.0,Locally based NGO,rule,home country is low/middle-income and 100% of located posts are there
3319,Geneva Centre for Security Policy,Academic and Research Institution,Switzerland,High income,13,13,1.0,Academic and Research Institution,ReliefWeb type,
48719,German Toilet Organization,Non-governmental Organization,Germany,High income,13,2,0.5,International NGO,rule,home country is high-income (or not a country in the World Bank list)
50244,Global Development Incubator,Non-governmental Organization,United States of America,High income,13,15,0.0,International NGO,rule,home country is high-income (or not a country in the World Bank list)
50870,Global Reporting Initiative,Non-governmental Organization,Netherlands,High income,13,12,0.833,International NGO,rule,home country is high-income (or not a country in the World Bank list)
616,Government of the Republic of Moldova,Government,Moldova,Upper middle income,13,13,1.0,Government,ReliefWeb type,
3741,Grassroot Soccer,Other,South Africa,Upper middle income,13,13,0.385,Other,ReliefWeb type,
50411,Groundwater Relief,Non-governmental Organization,United Kingdom of Great Britain and Northern Ireland,High income,13,11,0.727,International NGO,rule,home country is high-income (or not a country in the World Bank list)
44299,Institut Pasteur de Madagascar,Academic and Research Institution,Madagascar,Low income,13,12,1.0,Academic and Research Institution,ReliefWeb type,
26051,International Centre for Biosaline Agriculture,Academic and Research Institution,United Arab Emirates,High income,13,13,0.923,Academic and Research Institution,ReliefWeb type,
45389,International Disability Alliance,Non-governmental Organization,Switzerland,High income,13,0,,International NGO,rule,home country is high-income (or not a country in the World Bank list)
3327,International Peace Information Service,Academic and Research Institution,Belgium,High income,13,13,1.0,Academic and Research Institution,ReliefWeb type,
1580,International Social Service,Non-governmental Organization,Switzerland,High income,13,7,1.0,International NGO,rule,home country is high-income (or not a country in the World Bank list)
2493,Irish Red Cross,Red Cross/Red Crescent Movement,Ireland,High income,13,8,0.375,Red Cross/Red Crescent Movement,ReliefWeb type,
51622,Jóvenes y Desarrollo,Non-governmental Organization,Spain,High income,13,12,0.0,International NGO,rule,home country is high-income (or not a country in the World Bank list)
2580,Kindernothilfe,Non-governmental Organization,Germany,High income,13,8,0.125,International NGO,rule,home country is high-income (or not a country in the World Bank list)
1983,MERCY Malaysia,Non-governmental Organization,Malaysia,Upper middle income,13,13,0.846,Locally based NGO,rule,home country is low/middle-income and 85% of located posts are there
50881,Maestral International,Other,United States of America,High income,13,6,0.167,Other,ReliefWeb type,
48504,Makini Schools,Non-governmental Organization,Kenya,Lower middle income,13,13,1.0,Locally based NGO,rule,home country is low/middle-income and 100% of located posts are there
51755,Medici del Mondo Italia,Non-governmental Organization,Italy,High income,13,10,0.7,International NGO,rule,home country is high-income (or not a country in the World Bank list)
47424,Mosaik Education,Non-governmental Organization,United Kingdom of Great Britain and Northern Ireland,High income,13,5,0.0,International NGO,rule,home country is high-income (or not a country in the World Bank list)
11091,NGO Safety Program (NSP),Other,Kenya,Lower middle income,13,13,0.385,Other,ReliefWeb type,
3088,NYC Medics,Non-governmental Organization,United States of America,High income,13,13,0.0,International NGO,rule,home country is high-income (or not a country in the World Bank list)
13076,NairoBits Trust,Non-governmental Organization,Kenya,Lower middle income,13,13,1.0,Locally based NGO,rule,home country is low/middle-income and 100% of located posts are there
14737,Nazdeek,Non-governmental Organization,United States of America,High income,13,13,0.0,International NGO,rule,home country is high-income (or not a country in the World Bank list)
27026,Novact,Non-governmental Organization,Spain,High income,13,16,0.25,International NGO,rule,home country is high-income (or not a country in the World Bank list)
24426,OIC: The Cambodia Project,Non-governmental Organization,Cambodia,Lower middle income,13,10,0.8,Locally based NGO,rule,home country is low/middle-income and 80% of located posts are there
13043,PCI Media Impact,Non-governmental Organization,United States of America,High income,13,13,0.154,International NGO,rule,home country is high-income (or not a country in the World Bank list)
2841,Peace Dividend Trust,Non-governmental Organization,Canada,High income,13,13,0.154,International NGO,rule,home country is high-income (or not a country in the World Bank list)
27406,Physicians Across Continents,Non-governmental Organization,United Kingdom of Great Britain and Northern Ireland,High income,13,12,0.0,International NGO,rule,home country is high-income (or not a country in the World Bank list)
19036,Pursue,Other,Lebanon,Lower middle income,13,13,1.0,Other,ReliefWeb type,
12953,Raabta Consultants,Other,Pakistan,Lower middle income,13,13,1.0,Other,ReliefWeb type,
1197,Refugee Studies Centre,Academic and Research Institution,United Kingdom of Great Britain and Northern Ireland,High income,13,10,0.6,Academic and Research Institution,ReliefWeb type,
3815,Rotary Against Malaria,Non-governmental Organization,Papua New Guinea,Lower middle income,13,13,1.0,Locally based NGO,rule,home country is low/middle-income and 100% of located posts are there
3014,Samusocial International,Non-governmental Organization,France,High income,13,21,0.143,International NGO,rule,home country is high-income (or not a country in the World Bank list)
11624,Security Governance Group,Other,Canada,High income,13,9,0.667,Other,ReliefWeb type,
51835,Syrian Networks League,Non-governmental Organization,Türkiye,Upper middle income,13,13,1.0,Locally based NGO,rule,based in Türkiye or Syria: treated as locally based (Syria response)
3297,TRAFFIC,Non-governmental Organization,United Kingdom of Great Britain and Northern Ireland,High income,13,19,0.053,International NGO,rule,home country is high-income (or not a country in the World Bank list)
14163,The Small Things,Non-governmental Organization,United States of America,High income,13,13,0.0,International NGO,rule,home country is high-income (or not a country in the World Bank list)
50591,Turning Tables,Non-governmental Organization,Denmark,High income,13,13,0.0,International NGO,rule,home country is high-income (or not a country in the World Bank list)
2065,UN Operation in Côte d'Ivoire,International Organization,United States of America,High income,13,13,0.0,International Organization,ReliefWeb type,
4255,University of California,Academic and Research Institution,United States of America,High income,13,13,0.923,Academic and Research Institution,ReliefWeb type,
2140,Visions in Action,Non-governmental Organization,,,13,13,0.0,NGO (home country unknown),rule,ReliefWeb lists no home country
40403,APCOM,Other,Thailand,Upper middle income,12,20,0.4,Other,ReliefWeb type,
14760,APDRA Pisciculture Paysanne,Non-governmental Organization,France,High income,12,11,0.182,International NGO,rule,home country is high-income (or not a country in the World Bank list)
46294,AVAZ Association,Non-governmental Organization,Türkiye,Upper middle income,12,12,1.0,Locally based NGO,rule,based in Türkiye or Syria: treated as locally based (Syria response)
2209,Agence européenne pour le Développement et la Santé,Non-governmental Organization,Belgium,High income,12,12,0.0,International NGO,rule,home country is high-income (or not a country in the World Bank list)
15522,Akola Project,Non-governmental Organization,Uganda,Low income,12,12,1.0,Locally based NGO,rule,home country is low/middle-income and 100% of located posts are there
8374,American International Health Alliance,Non-governmental Organization,United States of America,High income,12,12,0.083,International NGO,rule,home country is high-income (or not a country in the World Bank list)
51428,Arbeiter-Samariter-Bund of Georgia,Non-governmental Organization,Georgia,Upper middle income,12,12,0.75,Regional NGO (global South base),rule,home country is low/middle-income but only 75% of located posts are there
51027,Avocats sans frontières Canada,Non-governmental Organization,Canada,High income,12,20,0.2,International NGO,rule,home country is high-income (or not a country in the World Bank list)
3005,BMB Mott MacDonald,Other,Netherlands,High income,12,12,0.0,Other,ReliefWeb type,
3177,BroadReach,Other,United States of America,High income,12,13,0.231,Other,ReliefWeb type,
3310,CDA Collaborative Learning Projects,Non-governmental Organization,United States of America,High income,12,12,0.833,International NGO,rule,home country is high-income (or not a country in the World Bank list)
10324,Campaign for Tobacco-Free Kids,Non-governmental Organization,United States of America,High income,12,12,0.75,International NGO,rule,home country is high-income (or not a country in the World Bank list)
3778,Centre for international Migration and Development,Other,Germany,High income,12,11,0.0,Other,ReliefWeb type,
44844,Child.org,Non-governmental Organization,United Kingdom of Great Britain and Northern Ireland,High income,12,12,0.0,International NGO,rule,home country is high-income (or not a country in the World Bank list)
4083,Children's Nutrition Program of Haiti,Non-governmental Organization,United States of America,High income,12,12,0.0,International NGO,rule,home country is high-income (or not a country in the World Bank list)
45994,"Coral Triangle Initiative on Coral Reefs, Fisheries and Food Security",International Organization,Indonesia,Upper middle income,12,12,1.0,International Organization,ReliefWeb type,
9183,Developing Education,Non-governmental Organization,Switzerland,High income,12,12,1.0,International NGO,rule,home country is high-income (or not a country in the World Bank list)
922,DynCorp,Other,United States of America,High income,12,12,0.0,Other,ReliefWeb type,
17146,Ebola Jobs,Other,Netherlands,High income,12,15,0.0,Other,ReliefWeb type,
34391,European Grassroots Antiracist Movement,Non-governmental Organization,France,High income,12,12,1.0,International NGO,rule,home country is high-income (or not a country in the World Bank list)
47123,Fastenaktion,Non-governmental Organization,Switzerland,High income,12,12,0.0,International NGO,rule,home country is high-income (or not a country in the World Bank list)
12293,Freedom from Hunger,Non-governmental Organization,United States of America,High income,12,14,0.286,International NGO,rule,home country is high-income (or not a country in the World Bank list)
50648,GROUPE SOS Pulse,Non-governmental Organization,France,High income,12,15,0.4,International NGO,rule,home country is high-income (or not a country in the World Bank list)
3123,Geneva Global,Other,United States of America,High income,12,12,0.25,Other,ReliefWeb type,
9376,Global Alliance Against Traffic in Women,Non-governmental Organization,Thailand,Upper middle income,12,11,1.0,Locally based NGO,rule,home country is low/middle-income and 100% of located posts are there
4347,Global Centre for the Responsibility to Protect,Academic and Research Institution,United States of America,High income,12,12,0.833,Academic and Research Institution,ReliefWeb type,
14915,Global Development Network,Other,India,Lower middle income,12,2,0.0,Other,ReliefWeb type,
2072,Global Partnership for Afghanistan,Non-governmental Organization,Afghanistan,Low income,12,12,1.0,Locally based NGO,rule,home country is low/middle-income and 100% of located posts are there
622,Government of Canada,Government,Canada,High income,12,12,0.083,Government,ReliefWeb type,
479,Government of Italy,Government,Italy,High income,12,12,0.0,Government,ReliefWeb type,
2222,Government of Monaco,Government,Monaco,High income,12,11,0.182,Government,ReliefWeb type,
10769,Grounds for Health,Non-governmental Organization,United States of America,High income,12,11,0.545,International NGO,rule,home country is high-income (or not a country in the World Bank list)
12310,Humanitarian Affairs Asia,Other,Thailand,Upper middle income,12,11,1.0,Other,ReliefWeb type,
51554,I Have Rights,Non-governmental Organization,Germany; Greece,High income,12,9,1.0,International NGO,rule,home country is high-income (or not a country in the World Bank list)
4267,Initiatives Inc.,Other,United States of America,High income,12,12,0.0,Other,ReliefWeb type,
50638,InterEuropean Human Aid Association,Non-governmental Organization,Germany,High income,12,10,0.0,International NGO,rule,home country is high-income (or not a country in the World Bank list)
50038,International Institute for Legislative Affairs,Non-governmental Organization,Kenya,Lower middle income,12,12,1.0,Locally based NGO,rule,home country is low/middle-income and 100% of located posts are there
9588,Leadership Initiative for Transformation and Empowerment,Non-governmental Organization,Niger,Low income,12,12,0.0,Regional NGO (global South base),rule,home country is low/middle-income but only 0% of located posts are there
10432,Medicines Patent Pool,Other,Switzerland,High income,12,11,0.909,Other,ReliefWeb type,
3939,Mideast Century Partners,Other,United States of America,High income,12,12,0.0,Other,ReliefWeb type,
1834,New York University,Academic and Research Institution,United States of America,High income,12,10,0.6,Academic and Research Institution,ReliefWeb type,
52179,OUR Rescue,Non-governmental Organization,United States of America,High income,12,9,0.333,International NGO,rule,home country is high-income (or not a country in the World Bank list)
4235,Partage,Non-governmental Organization,France,High income,12,11,0.273,International NGO,rule,home country is high-income (or not a country in the World Bank list)
14467,People in Peril,Non-governmental Organization,Slovakia,High income,12,11,0.182,International NGO,rule,home country is high-income (or not a country in the World Bank list)
3466,PharmAccess Foundation,Non-governmental Organization,Netherlands,High income,12,12,0.333,International NGO,rule,home country is high-income (or not a country in the World Bank list)
44244,Pour un Sourire d’Enfant (For a Child’s Smile),Non-governmental Organization,Cambodia,Lower middle income,12,12,1.0,Locally based NGO,rule,home country is low/middle-income and 100% of located posts are there
51312,Resolve to Save Lives,Non-governmental Organization,United States of America,High income,12,25,0.2,International NGO,rule,home country is high-income (or not a country in the World Bank list)
12444,Roots of Peace,Non-governmental Organization,United States of America,High income,12,12,0.0,International NGO,rule,home country is high-income (or not a country in the World Bank list)
50750,SEND Sierra Leone,Non-governmental Organization,Sierra Leone,Low income,12,12,1.0,Locally based NGO,rule,home country is low/middle-income and 100% of located posts are there
31236,SMEC,Other,Australia,High income,12,12,0.0,Other,ReliefWeb type,
11637,Scaling Up Nutrition,International Organization,Switzerland,High income,12,10,0.7,International Organization,ReliefWeb type,
49203,Silverleaf Academy,Non-governmental Organization,United Republic of Tanzania,Lower middle income,12,12,1.0,Locally based NGO,rule,home country is low/middle-income and 100% of located posts are there
51929,Somali Lifeline Organization,Non-governmental Organization,Kenya,Lower middle income,12,12,1.0,Locally based NGO,rule,home country is low/middle-income and 100% of located posts are there
51139,Space of Peace,Non-governmental Organization,Türkiye,Upper middle income,12,12,1.0,Locally based NGO,rule,based in Türkiye or Syria: treated as locally based (Syria response)
3673,Sungi Development Foundation,Non-governmental Organization,Pakistan,Lower middle income,12,12,1.0,Locally based NGO,rule,home country is low/middle-income and 100% of located posts are there
11721,Swedish Fellowship for Reconciliation,Non-governmental Organization,Sweden,High income,12,12,0.083,International NGO,rule,home country is high-income (or not a country in the World Bank list)
45429,TATU Project,Non-governmental Organization,United Republic of Tanzania,Lower middle income,12,12,1.0,Locally based NGO,rule,home country is low/middle-income and 100% of located posts are there
52261,Taimaka,Non-governmental Organization,Nigeria; United States of America,High income; Lower middle income,12,11,1.0,International NGO,rule,home country is high-income (or not a country in the World Bank list)
51856,Teach For Pakistan,Non-governmental Organization,Pakistan,Lower middle income,12,12,1.0,Locally based NGO,rule,home country is low/middle-income and 100% of located posts are there
10091,Theatre for a Change,Non-governmental Organization,United Kingdom of Great Britain and Northern Ireland,High income,12,11,0.0,International NGO,rule,home country is high-income (or not a country in the World Bank list)
9580,VECO Vietnam,Non-governmental Organization,Viet Nam,Upper middle income,12,13,0.923,Locally based NGO,rule,home country is low/middle-income and 92% of located posts are there
50526,WHO Foundation,Other,Switzerland,High income,12,11,0.909,Other,ReliefWeb type,
34131,Water.org,Non-governmental Organization,United States of America,High income,12,9,0.333,International NGO,rule,home country is high-income (or not a country in the World Bank list)
46878,Womankind Kenya,Non-governmental Organization,Kenya,Lower middle income,12,12,1.0,Locally based NGO,rule,home country is low/middle-income and 100% of located posts are there
50528,Women's International Peace Centre,Non-governmental Organization,Uganda,Low income,12,16,0.438,Regional NGO (global South base),rule,home country is low/middle-income but only 44% of located posts are there
50931,Youth Opportunity & Transformation in Africa,Non-governmental Organization,Ghana,Lower middle income,12,11,1.0,Locally based NGO,rule,home country is low/middle-income and 100% of located posts are there
12555,Youth in Action Balochistan,Non-governmental Organization,,,12,10,0.0,NGO (home country unknown),rule,ReliefWeb lists no home country
10793,Action for Relief and Development,Non-governmental Organization,Somalia,Low income,11,9,0.667,Regional NGO (global South base),rule,home country is low/middle-income but only 67% of located posts are there
11825,African Palliative Care Association,Other,Uganda,Low income,11,5,1.0,Other,ReliefWeb type,
35281,Arid Lands Development Focus Kenya,Non-governmental Organization,Kenya,Lower middle income,11,11,1.0,Locally based NGO,rule,home country is low/middle-income and 100% of located posts are there
49868,Associazione Centro Aiuti Volontari,Non-governmental Organization,Italy,High income,11,11,0.182,International NGO,rule,home country is high-income (or not a country in the World Bank list)
14607,BSR,Non-governmental Organization,United States of America,High income,11,11,0.273,International NGO,rule,home country is high-income (or not a country in the World Bank list)
49088,Basel Agency for Sustainable Energy,Non-governmental Organization,Switzerland,High income,11,11,1.0,International NGO,rule,home country is high-income (or not a country in the World Bank list)
10165,Bridges to Prosperity,Non-governmental Organization,United States of America,High income,11,11,0.0,International NGO,rule,home country is high-income (or not a country in the World Bank list)
52183,Center for International Environmental Law,Non-governmental Organization,United States of America,High income,11,4,0.75,International NGO,rule,home country is high-income (or not a country in the World Bank list)
9419,Center for International Peace Operations,Government,Germany,High income,11,4,1.0,Government,ReliefWeb type,
3163,Centre for African Family Studies,Non-governmental Organization,Kenya,Lower middle income,11,10,1.0,Locally based NGO,rule,home country is low/middle-income and 100% of located posts are there
9480,ChildHope,Non-governmental Organization,United Kingdom of Great Britain and Northern Ireland,High income,11,11,0.364,International NGO,rule,home country is high-income (or not a country in the World Bank list)
50586,Community Consortium Uganda,Non-governmental Organization,Uganda,Low income,11,11,0.818,Locally based NGO,rule,home country is low/middle-income and 82% of located posts are there
2778,Enfants & Développement,Non-governmental Organization,France,High income,11,11,0.0,International NGO,rule,home country is high-income (or not a country in the World Bank list)
516,Episcopal Relief & Development,Non-governmental Organization,United States of America,High income,11,9,0.556,International NGO,rule,home country is high-income (or not a country in the World Bank list)
51689,Equity & Empowerment Organisation,Non-governmental Organization,Türkiye,Upper middle income,11,11,1.0,Locally based NGO,rule,based in Türkiye or Syria: treated as locally based (Syria response)
2808,Finnish Red Cross,Red Cross/Red Crescent Movement,Finland,High income,11,11,0.0,Red Cross/Red Crescent Movement,ReliefWeb type,
35796,Free To Shine,Non-governmental Organization,Cambodia,Lower middle income,11,11,1.0,Locally based NGO,rule,home country is low/middle-income and 100% of located posts are there
33176,Global Alliance of National Human Rights Institutions,Non-governmental Organization,Switzerland,High income,11,9,1.0,International NGO,rule,home country is high-income (or not a country in the World Bank list)
47614,Global Brigades,Non-governmental Organization,United States of America,High income,11,11,0.0,International NGO,rule,home country is high-income (or not a country in the World Bank list)
51360,Global EverGreening Alliance,Non-governmental Organization,Australia,High income,11,12,0.167,International NGO,rule,home country is high-income (or not a country in the World Bank list)
319,Government of Ireland,Government,Ireland,High income,11,11,0.091,Government,ReliefWeb type,
482,Green Empowerment,Non-governmental Organization,United States of America,High income,11,11,0.636,International NGO,rule,home country is high-income (or not a country in the World Bank list)
13005,Greenleaf Integrative Strategies,Non-governmental Organization,United States of America,High income,11,11,1.0,International NGO,rule,home country is high-income (or not a country in the World Bank list)
49768,Health Care Without Harm,Non-governmental Organization,United States of America,High income,11,12,0.083,International NGO,rule,home country is high-income (or not a country in the World Bank list)
45114,Humanitarian Relief Association,Non-governmental Organization,Türkiye,Upper middle income,11,10,1.0,Locally based NGO,rule,based in Türkiye or Syria: treated as locally based (Syria response)
36166,Hunger Relief International,Non-governmental Organization,United States of America,High income,11,11,0.0,International NGO,rule,home country is high-income (or not a country in the World Bank list)
50851,IFJD - Institut Louis Joinet,Academic and Research Institution,France,High income,11,9,0.0,Academic and Research Institution,ReliefWeb type,
3604,Impunity Watch,Non-governmental Organization,Netherlands,High income,11,9,0.333,International NGO,rule,home country is high-income (or not a country in the World Bank list)
42229,International Budget Partnership,Non-governmental Organization,United States of America,High income,11,7,0.714,International NGO,rule,home country is high-income (or not a country in the World Bank list)
51051,International Care Ministries,Other,Philippines,Upper middle income,11,11,1.0,Other,ReliefWeb type,
19936,International Centre for Genetic Engineering and Biotechnology (ICGEB),Non-governmental Organization,Italy,High income,11,11,1.0,International NGO,rule,home country is high-income (or not a country in the World Bank list)
36276,International Christian Concern,Other,United States of America,High income,11,11,1.0,Other,ReliefWeb type,
7608,International Civil Aviation Organization,International Organization,Canada,High income,11,11,0.0,International Organization,ReliefWeb type,
11659,International Confederation of Midwives,Other,Netherlands,High income,11,6,1.0,Other,ReliefWeb type,
2191,International Conference on the Great Lakes Region,International Organization,Burundi,Low income,11,11,1.0,International Organization,ReliefWeb type,
3485,International Humanity Foundation,Non-governmental Organization,United States of America,High income,11,11,0.0,International NGO,rule,home country is high-income (or not a country in the World Bank list)
3195,Iraqi Red Crescent Society,Red Cross/Red Crescent Movement,Iraq,Upper middle income,11,11,1.0,Red Cross/Red Crescent Movement,ReliefWeb type,
50603,Just Associates,Non-governmental Organization,United States of America,High income,11,1,0.0,International NGO,rule,home country is high-income (or not a country in the World Bank list)
48213,Justice and Peace Netherlands,Non-governmental Organization,Netherlands,High income,11,11,1.0,International NGO,rule,home country is high-income (or not a country in the World Bank list)
10135,Ligingi Community Learning Centre,Other,Uganda,Low income,11,11,1.0,Other,ReliefWeb type,
48794,MENA Rights Group,Non-governmental Organization,Switzerland,High income,11,7,0.857,International NGO,rule,home country is high-income (or not a country in the World Bank list)
45239,Middle East Consulting Solutions,Other,Türkiye,Upper middle income,11,8,0.625,Other,ReliefWeb type,
3643,Muslim Charities Forum,Non-governmental Organization,United Kingdom of Great Britain and Northern Ireland,High income,11,11,0.909,International NGO,rule,home country is high-income (or not a country in the World Bank list)
51960,Natural State,Non-governmental Organization,Kenya; United States of America,High income; Lower middle income,11,8,1.0,International NGO,rule,home country is high-income (or not a country in the World Bank list)
10973,Nyaya Health,Other,United States of America,High income,11,11,0.273,Other,ReliefWeb type,
37696,Penny Appeal,Other,United Kingdom of Great Britain and Northern Ireland,High income,11,9,0.667,Other,ReliefWeb type,
51553,Plan International Belgium,Non-governmental Organization,Belgium,High income,11,10,1.0,International NGO,rule,home country is high-income (or not a country in the World Bank list)
45759,Planète Enfants & Développement,Other,France,High income,11,10,0.2,Other,ReliefWeb type,
50868,Platform to Protect Whistleblowers in Africa,Non-governmental Organization,France,High income,11,9,0.333,International NGO,rule,home country is high-income (or not a country in the World Bank list)
1952,Polish Center for International Aid,Non-governmental Organization,Poland,High income,11,9,0.222,International NGO,rule,home country is high-income (or not a country in the World Bank list)
47199,Prince's Trust,Non-governmental Organization,United Kingdom of Great Britain and Northern Ireland,High income,11,12,0.75,International NGO,rule,home country is high-income (or not a country in the World Bank list)
51638,Razom,Non-governmental Organization,Ukraine; United States of America,High income; Upper middle income,11,9,1.0,International NGO,rule,home country is high-income (or not a country in the World Bank list)
49643,Refugee Youth Service,Non-governmental Organization,France,High income,11,10,0.9,International NGO,rule,home country is high-income (or not a country in the World Bank list)
46863,Relief Experts Association,Non-governmental Organization,Türkiye,Upper middle income,11,11,1.0,Locally based NGO,rule,based in Türkiye or Syria: treated as locally based (Syria response)
41789,Renewable World,Non-governmental Organization,United Kingdom of Great Britain and Northern Ireland,High income,11,11,0.182,International NGO,rule,home country is high-income (or not a country in the World Bank list)
51319,Resonance Global,Other,United States of America,High income,11,8,0.25,Other,ReliefWeb type,
1973,Rise Against Hunger,Non-governmental Organization,United States of America,High income,11,3,0.333,International NGO,rule,home country is high-income (or not a country in the World Bank list)
1403,Salvation Army,Non-governmental Organization,United Kingdom of Great Britain and Northern Ireland,High income,11,11,0.0,International NGO,rule,home country is high-income (or not a country in the World Bank list)
51133,Save the Children Norway,Non-governmental Organization,Norway,High income,11,1,1.0,International NGO,rule,home country is high-income (or not a country in the World Bank list)
12165,Shaqodoon,Non-governmental Organization,Somalia,Low income,11,10,1.0,Locally based NGO,rule,home country is low/middle-income and 100% of located posts are there
50858,Somali Relief and Development Society,Non-governmental Organization,Somalia,Low income,11,11,1.0,Locally based NGO,rule,home country is low/middle-income and 100% of located posts are there
51740,StrongMinds,Non-governmental Organization,Uganda; United States of America,High income; Low income,11,8,0.375,International NGO,rule,home country is high-income (or not a country in the World Bank list)
13506,Sudan Democracy First Group,Other,Sudan,Low income,11,10,0.2,Other,ReliefWeb type,
4346,Swiss Solidarity,Non-governmental Organization,Switzerland,High income,11,10,0.3,International NGO,rule,home country is high-income (or not a country in the World Bank list)
2618,TESE,Non-governmental Organization,Portugal,High income,11,11,0.0,International NGO,rule,home country is high-income (or not a country in the World Bank list)
43769,The Institute for Transportation and Development Policy,Non-governmental Organization,United States of America,High income,11,14,0.0,International NGO,rule,home country is high-income (or not a country in the World Bank list)
3274,UN Framework Convention on Climate Change,International Organization,Germany,High income,11,11,0.727,International Organization,ReliefWeb type,
3546,Vodafone Foundation,Other,United Kingdom of Great Britain and Northern Ireland,High income,11,8,0.125,Other,ReliefWeb type,
51399,impl. project,Non-governmental Organization,United States of America,High income,11,11,0.0,International NGO,rule,home country is high-income (or not a country in the World Bank list)
8656,AIFO - Associazione Italiana Amici di Raoul Follereau ETS,Non-governmental Organization,Italy,High income,10,11,0.0,International NGO,rule,home country is high-income (or not a country in the World Bank list)
3270,ARS Progetti Srl,Other,Italy,High income,10,10,0.0,Other,ReliefWeb type,
34776,Abt JTA,Other,Australia,High income,10,10,0.1,Other,ReliefWeb type,
23251,Acceptance International,Other,Ukraine,Upper middle income,10,7,0.571,Other,ReliefWeb type,
13179,Afghan Barez HR Services Co,Other,Afghanistan,Low income,10,10,1.0,Other,ReliefWeb type,
12144,African Capacity Building Foundation,Non-governmental Organization,Zimbabwe,Lower middle income,10,9,0.444,Regional NGO (global South base),rule,home country is low/middle-income but only 44% of located posts are there
52309,African Futures Lab,Non-governmental Organization,Belgium,High income,10,3,0.0,International NGO,rule,home country is high-income (or not a country in the World Bank list)
18476,Agence d'Exécution des travaux d'Intérêt Public en Centrafrique,Non-governmental Organization,Central African Republic; Senegal,Low income; Lower middle income,10,10,1.0,Locally based NGO,rule,home country is low/middle-income and 100% of located posts are there
46444,Agence universitaire de la Francophonie,Non-governmental Organization,France,High income,10,10,0.2,International NGO,rule,home country is high-income (or not a country in the World Bank list)
46229,Akili Dada,Non-governmental Organization,Kenya,Lower middle income,10,10,1.0,Locally based NGO,rule,home country is low/middle-income and 100% of located posts are there
50913,Al-Hussein Society,Non-governmental Organization,Jordan,Upper middle income,10,10,1.0,Locally based NGO,rule,home country is low/middle-income and 100% of located posts are there
26486,Apostoli,Non-governmental Organization,Greece,High income,10,10,1.0,International NGO,rule,home country is high-income (or not a country in the World Bank list)
9238,Architecture for Humanity,Non-governmental Organization,United States of America,High income,10,10,0.0,International NGO,rule,home country is high-income (or not a country in the World Bank list)
4080,Arigatou International,Non-governmental Organization,Switzerland,High income,10,9,0.778,International NGO,rule,home country is high-income (or not a country in the World Bank list)
41684,Armaa Jerusalem Community Foundation,Non-governmental Organization,occupied Palestinian territory,Lower middle income,10,9,1.0,Locally based NGO,rule,home country is low/middle-income and 100% of located posts are there
44599,Ashinaga,Non-governmental Organization,Japan,High income,10,10,0.0,International NGO,rule,home country is high-income (or not a country in the World Bank list)
49658,CODE,Non-governmental Organization,Canada,High income,10,10,0.6,International NGO,rule,home country is high-income (or not a country in the World Bank list)
1326,Canadian Foodgrains Bank,Non-governmental Organization,Canada,High income,10,5,0.8,International NGO,rule,home country is high-income (or not a country in the World Bank list)
565,Canadian Physicians for Aid and Relief,Non-governmental Organization,Canada,High income,10,7,0.286,International NGO,rule,home country is high-income (or not a country in the World Bank list)
52110,Caritas Marsabit,Non-governmental Organization,Kenya,Lower middle income,10,10,1.0,Locally based NGO,rule,home country is low/middle-income and 100% of located posts are there
9122,Child Soldiers International,Non-governmental Organization,United Kingdom of Great Britain and Northern Ireland,High income,10,8,1.0,International NGO,rule,home country is high-income (or not a country in the World Bank list)
35231,Community Centre for Integrated Development,Non-governmental Organization,Cameroon,Lower middle income,10,0,,Regional NGO (global South base),rule,home country is low/middle-income; no posts carry a country
50646,Cooperation Canada,Other,Canada,High income,10,9,1.0,Other,ReliefWeb type,
27941,Coordinamento delle Organizzazioni per il Servizio Volontario,Non-governmental Organization,Italy,High income,10,9,0.0,International NGO,rule,home country is high-income (or not a country in the World Bank list)
51354,Croix Rouge Côte d'Ivoire,Red Cross/Red Crescent Movement,Côte d'Ivoire,Lower middle income,10,10,1.0,Red Cross/Red Crescent Movement,ReliefWeb type,
4075,Cáritas Española,Non-governmental Organization,Spain,High income,10,11,0.182,International NGO,rule,home country is high-income (or not a country in the World Bank list)
2753,Danish Institute for Human Rights,Other,Denmark,High income,10,10,0.4,Other,ReliefWeb type,
3346,Danish People's Aid,Non-governmental Organization,Denmark,High income,10,10,0.0,International NGO,rule,home country is high-income (or not a country in the World Bank list)
43404,Dialogue Advisory Group,Non-governmental Organization,Netherlands,High income,10,10,1.0,International NGO,rule,home country is high-income (or not a country in the World Bank list)
51795,Door Beyond War,Non-governmental Organization,Türkiye,Upper middle income,10,8,1.0,Locally based NGO,rule,based in Türkiye or Syria: treated as locally based (Syria response)
46049,ERIKS Development Partner,Non-governmental Organization,Sweden,High income,10,12,0.0,International NGO,rule,home country is high-income (or not a country in the World Bank list)
50921,Ember,Non-governmental Organization,United Kingdom of Great Britain and Northern Ireland,High income,10,1,0.0,International NGO,rule,home country is high-income (or not a country in the World Bank list)
51434,Engineering Gate for Research and Development,Other,Türkiye,Upper middle income,10,14,0.286,Other,ReliefWeb type,
14438,Environmental Justice Foundation,Non-governmental Organization,United Kingdom of Great Britain and Northern Ireland,High income,10,10,0.4,International NGO,rule,home country is high-income (or not a country in the World Bank list)
50837,Fondazione Giovanni Paolo II,Non-governmental Organization,Italy,High income,10,10,0.0,International NGO,rule,home country is high-income (or not a country in the World Bank list)
4568,Freedom Now,Non-governmental Organization,United States of America,High income,10,10,0.8,International NGO,rule,home country is high-income (or not a country in the World Bank list)
16326,Gardens for Health International,Non-governmental Organization,United States of America,High income,10,10,0.2,International NGO,rule,home country is high-income (or not a country in the World Bank list)
4242,Geopolicity,Other,United Arab Emirates,High income,10,8,0.125,Other,ReliefWeb type,
37956,Ghiras Child Care and Development Foundation,Non-governmental Organization,Türkiye,Upper middle income,10,10,1.0,Locally based NGO,rule,based in Türkiye or Syria: treated as locally based (Syria response)
43339,"Global Initiative for Economic, Social and Cultural Rights",Non-governmental Organization,Switzerland,High income,10,3,0.0,International NGO,rule,home country is high-income (or not a country in the World Bank list)
35971,Gorta-Self Help Africa,Non-governmental Organization,Ireland,High income,10,10,0.8,International NGO,rule,home country is high-income (or not a country in the World Bank list)
3930,Graduate Institute of International and Development Studies,Academic and Research Institution,Switzerland,High income,10,10,1.0,Academic and Research Institution,ReliefWeb type,
12040,Green Forest Social Initiative,Non-governmental Organization,Kenya,Lower middle income,10,10,1.0,Locally based NGO,rule,home country is low/middle-income and 100% of located posts are there
10620,Handa Foundation,Non-governmental Organization,Cambodia,Lower middle income,10,10,1.0,Locally based NGO,rule,home country is low/middle-income and 100% of located posts are there
12701,Helping Overcome Obstacles Peru,Non-governmental Organization,Peru,Upper middle income,10,10,1.0,Locally based NGO,rule,home country is low/middle-income and 100% of located posts are there
46324,Hope Restoration South Sudan,Non-governmental Organization,South Sudan,Low income,10,7,1.0,Locally based NGO,rule,home country is low/middle-income and 100% of located posts are there
51000,Hope and Homes for Children,Non-governmental Organization,United Kingdom of Great Britain and Northern Ireland,High income,10,14,0.214,International NGO,rule,home country is high-income (or not a country in the World Bank list)
47663,Horizons for Green Development,Non-governmental Organization,Jordan,Upper middle income,10,10,1.0,Locally based NGO,rule,home country is low/middle-income and 100% of located posts are there
50279,Human Development Concern,Non-governmental Organization,Somalia,Low income,10,9,1.0,Locally based NGO,rule,home country is low/middle-income and 100% of located posts are there
19976,Humanitarian Research Services,Non-governmental Organization,United States of America,High income,10,10,0.0,International NGO,rule,home country is high-income (or not a country in the World Bank list)
50815,Insana Deger Dernegi,Non-governmental Organization,Türkiye,Upper middle income,10,10,1.0,Locally based NGO,rule,based in Türkiye or Syria: treated as locally based (Syria response)
50731,Institute for Development Impact,Other,United States of America,High income,10,8,0.125,Other,ReliefWeb type,
14409,Institute of Economic Affairs,Non-governmental Organization,Kenya,Lower middle income,10,10,1.0,Locally based NGO,rule,home country is low/middle-income and 100% of located posts are there
14759,International Water Management Institute,Academic and Research Institution,Sri Lanka,Upper middle income,10,9,0.778,Academic and Research Institution,ReliefWeb type,
3000,Irish Aid,Government,Ireland,High income,10,8,0.0,Government,ReliefWeb type,
41234,Jesuit Worldwide Learning-Higher Education at the Margins,Academic and Research Institution,Switzerland,High income,10,12,0.667,Academic and Research Institution,ReliefWeb type,
49278,Join For Water,Non-governmental Organization,Belgium,High income,10,9,0.444,International NGO,rule,home country is high-income (or not a country in the World Bank list)
51168,Jordan Media Institute,Academic and Research Institution,Jordan,Upper middle income,10,10,1.0,Academic and Research Institution,ReliefWeb type,
52361,Lafiya Nigeria,Non-governmental Organization,United Kingdom of Great Britain and Northern Ireland,High income,10,10,0.0,International NGO,rule,home country is high-income (or not a country in the World Bank list)
11787,MTV EXIT,Non-governmental Organization,United Kingdom of Great Britain and Northern Ireland,High income,10,10,0.0,International NGO,rule,home country is high-income (or not a country in the World Bank list)
4415,Millennium Promise,Non-governmental Organization,United States of America,High income,10,10,0.0,International NGO,rule,home country is high-income (or not a country in the World Bank list)
10331,NGOjobsonline.com,Other,South Africa,Upper middle income,10,12,0.167,Other,ReliefWeb type,
10262,NRS International,Other,United Arab Emirates,High income,10,9,0.889,Other,ReliefWeb type,
2126,National Center for State Courts,Non-governmental Organization,United States of America,High income,10,10,0.3,International NGO,rule,home country is high-income (or not a country in the World Bank list)
50928,Northern Lights Aid,Non-governmental Organization,Greece,High income,10,10,1.0,International NGO,rule,home country is high-income (or not a country in the World Bank list)
11695,Otra Cosa Network,Non-governmental Organization,Peru,Upper middle income,10,10,1.0,Locally based NGO,rule,home country is low/middle-income and 100% of located posts are there
51708,Peace of Mind Association,Non-governmental Organization,United States of America,High income,10,8,0.0,International NGO,rule,home country is high-income (or not a country in the World Bank list)
8972,Planète Urgence,Non-governmental Organization,France,High income,10,10,0.1,International NGO,rule,home country is high-income (or not a country in the World Bank list)
50871,Promediation,Non-governmental Organization,France; Iraq,High income; Upper middle income,10,8,0.5,International NGO,rule,home country is high-income (or not a country in the World Bank list)
50736,Reclaim Finance,Non-governmental Organization,France,High income,10,12,0.583,International NGO,rule,home country is high-income (or not a country in the World Bank list)
47783,RedRose,Non-governmental Organization,United Kingdom of Great Britain and Northern Ireland,High income,10,3,0.0,International NGO,rule,home country is high-income (or not a country in the World Bank list)
51615,Refugee Biriyani & Bananas,Non-governmental Organization,United Kingdom of Great Britain and Northern Ireland,High income,10,6,0.167,International NGO,rule,home country is high-income (or not a country in the World Bank list)
1131,Responding to Conflict,Non-governmental Organization,United Kingdom of Great Britain and Northern Ireland,High income,10,10,1.0,International NGO,rule,home country is high-income (or not a country in the World Bank list)
46149,SFV Consulting Group,Non-governmental Organization,United States of America,High income,10,0,,International NGO,rule,home country is high-income (or not a country in the World Bank list)
13726,Shelter Cluster,International Organization,World,Not classified,10,3,0.0,International Organization,ReliefWeb type,
1140,Small Arms Survey,Academic and Research Institution,Switzerland,High income,10,9,1.0,Academic and Research Institution,ReliefWeb type,
51905,Spring ACT,Non-governmental Organization,Switzerland,High income,10,0,,International NGO,rule,home country is high-income (or not a country in the World Bank list)
19556,Syrian Network for Human Rights,Non-governmental Organization,Syrian Arab Republic,Low income,10,4,1.0,Locally based NGO,rule,based in Türkiye or Syria: treated as locally based (Syria response)
10972,The East and Horn of Africa Human Rights Defenders Project,Non-governmental Organization,Uganda,Low income,10,12,0.5,Regional NGO (global South base),rule,home country is low/middle-income but only 50% of located posts are there
18431,The INTASAVE-CARIBSAVE Group,Non-governmental Organization,United Kingdom of Great Britain and Northern Ireland,High income,10,10,0.6,International NGO,rule,home country is high-income (or not a country in the World Bank list)
871,The Van Leer Foundation,Other,Netherlands,High income,10,6,0.167,Other,ReliefWeb type,
50796,Tony Blair Institute for Global Change,Other,United Kingdom of Great Britain and Northern Ireland,High income,10,14,0.286,Other,ReliefWeb type,
50745,USA for UNFPA,Non-governmental Organization,United States of America,High income,10,5,0.8,International NGO,rule,home country is high-income (or not a country in the World Bank list)
52077,United Peace Organization,Non-governmental Organization,Sudan,Low income,10,9,1.0,Locally based NGO,rule,home country is low/middle-income and 100% of located posts are there
12050,Unrepresented Nations and Peoples Organization,Non-governmental Organization,Netherlands,High income,10,10,0.0,International NGO,rule,home country is high-income (or not a country in the World Bank list)
44634,Water Management Initiative,Non-governmental Organization,Jordan,Upper middle income,10,9,1.0,Locally based NGO,rule,home country is low/middle-income and 100% of located posts are there
46249,Women’s Fund Asia,Non-governmental Organization,Sri Lanka,Upper middle income,10,110,0.055,Regional NGO (global South base),rule,home country is low/middle-income but only 5% of located posts are there
18936,World Council of Credit Unions,International Organization,United States of America,High income,10,10,0.0,International Organization,ReliefWeb type,
3110,World Humanitarian Action Forum,Non-governmental Organization,United Kingdom of Great Britain and Northern Ireland,High income,10,10,0.9,International NGO,rule,home country is high-income (or not a country in the World Bank list)
51006,World Vision Ireland,Non-governmental Organization,Ireland,High income,10,7,1.0,International NGO,rule,home country is high-income (or not a country in the World Bank list)
45729,Yes We Help,Non-governmental Organization,Spain,High income,10,11,0.0,International NGO,rule,home country is high-income (or not a country in the World Bank list)
50269,ipcentre.at,Academic and Research Institution,Austria,High income,10,9,0.0,Academic and Research Institution,ReliefWeb type,
9348,ACCESS Health International,Non-governmental Organization,United States of America,High income,9,9,0.0,International NGO,rule,home country is high-income (or not a country in the World Bank list)
4469,Aga Khan Foundation Canada,Academic and Research Institution,Canada,High income,9,9,0.556,Academic and Research Institution,ReliefWeb type,
43609,Agence Française de Développement,Government,France,High income,9,8,0.5,Government,ReliefWeb type,
12803,Arab Reform Initiative,Non-governmental Organization,Jordan,Upper middle income,9,6,0.0,Regional NGO (global South base),rule,home country is low/middle-income but only 0% of located posts are there
24351,Association for Strengthening Agricultural Research in Eastern and Central Africa,Non-governmental Organization,Uganda,Low income,9,9,1.0,Locally based NGO,rule,home country is low/middle-income and 100% of located posts are there
394,Association of German Development Non-Governmental Organisations,Non-governmental Organization,Germany,High income,9,6,0.833,International NGO,rule,home country is high-income (or not a country in the World Bank list)
3633,Azafady,Non-governmental Organization,United Kingdom of Great Britain and Northern Ireland,High income,9,9,0.0,International NGO,rule,home country is high-income (or not a country in the World Bank list)
11272,Bangladesh Red Crescent Society,Red Cross/Red Crescent Movement,Bangladesh,Lower middle income,9,9,1.0,Red Cross/Red Crescent Movement,ReliefWeb type,
51962,CHASP Advisory,International Organization,Kenya,Lower middle income,9,9,1.0,International Organization,ReliefWeb type,
703,Caritas Australia,Non-governmental Organization,Australia,High income,9,6,0.333,International NGO,rule,home country is high-income (or not a country in the World Bank list)
47624,Ceasefire Centre for Civilian Rights,Non-governmental Organization,United Kingdom of Great Britain and Northern Ireland,High income,9,8,0.625,International NGO,rule,home country is high-income (or not a country in the World Bank list)
4150,Center for International Policy,Academic and Research Institution,United States of America,High income,9,9,1.0,Academic and Research Institution,ReliefWeb type,
51098,ChildFund Deutschland,Non-governmental Organization,Germany,High income,9,8,0.5,International NGO,rule,home country is high-income (or not a country in the World Bank list)
50865,Choose Love,Non-governmental Organization,United Kingdom of Great Britain and Northern Ireland; United States of America,High income,9,9,0.667,International NGO,rule,home country is high-income (or not a country in the World Bank list)
52172,Christian Aid Ireland,Non-governmental Organization,Ireland,High income,9,6,0.833,International NGO,rule,home country is high-income (or not a country in the World Bank list)
49553,Citizens' Charter National Priority Program,Government,Afghanistan,Low income,9,9,1.0,Government,ReliefWeb type,
29991,Community of Democracies,International Organization,Poland,High income,9,9,1.0,International Organization,ReliefWeb type,
10900,Comunità Volontari per il Mondo (CVM),Non-governmental Organization,Italy,High income,9,9,0.0,International NGO,rule,home country is high-income (or not a country in the World Bank list)
2159,Cruz Roja Nicaragüense,Red Cross/Red Crescent Movement,Nicaragua,Lower middle income,9,9,1.0,Red Cross/Red Crescent Movement,ReliefWeb type,
49313,Cure Blindness Project,Non-governmental Organization,United States of America,High income,9,19,0.053,International NGO,rule,home country is high-income (or not a country in the World Bank list)
556,Deakin University,Academic and Research Institution,Australia,High income,9,9,1.0,Academic and Research Institution,ReliefWeb type,
25951,Dialog Forening,Non-governmental Organization,Somalia,Low income,9,9,1.0,Locally based NGO,rule,home country is low/middle-income and 100% of located posts are there
18611,Diamond Development Initiative,Non-governmental Organization,Canada,High income,9,9,0.333,International NGO,rule,home country is high-income (or not a country in the World Bank list)
26666,Digital Green,Non-governmental Organization,India,Lower middle income,9,9,0.111,Regional NGO (global South base),rule,home country is low/middle-income but only 11% of located posts are there
46973,Digital Opportunity Trust,Non-governmental Organization,Canada,High income,9,4,0.5,International NGO,rule,home country is high-income (or not a country in the World Bank list)
46329,Disability Rights Fund,Non-governmental Organization,United States of America,High income,9,8,0.375,International NGO,rule,home country is high-income (or not a country in the World Bank list)
4130,Drosos Foundation,Non-governmental Organization,Switzerland,High income,9,8,0.125,International NGO,rule,home country is high-income (or not a country in the World Bank list)
48789,Education Relief Foundation,Non-governmental Organization,United States of America,High income,9,4,0.0,International NGO,rule,home country is high-income (or not a country in the World Bank list)
48033,Engineers in Action,Non-governmental Organization,United States of America,High income,9,14,0.071,International NGO,rule,home country is high-income (or not a country in the World Bank list)
8654,Exam Preparation Outreach Program (EPOP Asia),Academic and Research Institution,Thailand,Upper middle income,9,7,0.429,Academic and Research Institution,ReliefWeb type,
48673,FutureSense Foundation,Non-governmental Organization,United Kingdom of Great Britain and Northern Ireland,High income,9,13,0.0,International NGO,rule,home country is high-income (or not a country in the World Bank list)
50496,Global Fund for Jesus,Other,South Africa,Upper middle income,9,7,1.0,Other,ReliefWeb type,
50577,Global Press,Non-governmental Organization,United States of America,High income,9,1,0.0,International NGO,rule,home country is high-income (or not a country in the World Bank list)
45219,Green String Network,Non-governmental Organization,Kenya,Lower middle income,9,9,0.889,Locally based NGO,rule,home country is low/middle-income and 89% of located posts are there
4183,Haven,Non-governmental Organization,Ireland,High income,9,9,0.444,International NGO,rule,home country is high-income (or not a country in the World Bank list)
14202,Health Horizons International,Non-governmental Organization,United States of America,High income,9,9,0.0,International NGO,rule,home country is high-income (or not a country in the World Bank list)
51370,Healthcare Foundation Organization,Non-governmental Organization,South Sudan,Low income,9,10,0.9,Locally based NGO,rule,home country is low/middle-income and 90% of located posts are there
45179,Help Without Frontiers,Non-governmental Organization,Thailand,Upper middle income,9,9,1.0,Locally based NGO,rule,home country is low/middle-income and 100% of located posts are there
50684,Horn of Africa Peace Network,Non-governmental Organization,Kenya,Lower middle income,9,9,0.0,Regional NGO (global South base),rule,home country is low/middle-income but only 0% of located posts are there
50822,Hudara,Non-governmental Organization,Germany,High income,9,9,1.0,International NGO,rule,home country is high-income (or not a country in the World Bank list)
33926,Impact and Innovations Development Centre,Non-governmental Organization,Uganda,Low income,9,8,1.0,Locally based NGO,rule,home country is low/middle-income and 100% of located posts are there
27896,Imperial College London,Academic and Research Institution,United Kingdom of Great Britain and Northern Ireland,High income,9,10,0.8,Academic and Research Institution,ReliefWeb type,
28986,Inter Pares,Non-governmental Organization,Canada,High income,9,9,1.0,International NGO,rule,home country is high-income (or not a country in the World Bank list)
11497,International Centre for Reproductive Health,International Organization,Belgium,High income,9,9,0.222,International Organization,ReliefWeb type,
2161,International Foundation for Education and Self-Help,Non-governmental Organization,United States of America,High income,9,9,0.556,International NGO,rule,home country is high-income (or not a country in the World Bank list)
3309,International Land Coalition,Other,Italy,High income,9,7,0.286,Other,ReliefWeb type,
51389,International Solidarity Foundation,Non-governmental Organization,Finland,High income,9,9,0.0,International NGO,rule,home country is high-income (or not a country in the World Bank list)
9780,Israel/Palestine Center for Research and Information,Academic and Research Institution,occupied Palestinian territory,Lower middle income,9,8,0.375,Academic and Research Institution,ReliefWeb type,
14301,JS Consultancy Services,Other,Afghanistan,Low income,9,9,1.0,Other,ReliefWeb type,
50668,Jireh Doo Foundation,Non-governmental Organization,Nigeria,Lower middle income,9,7,1.0,Locally based NGO,rule,home country is low/middle-income and 100% of located posts are there
23286,Joan B. Kroc Institute for Peace and Justice (University of San Diego),Academic and Research Institution,United States of America,High income,9,9,1.0,Academic and Research Institution,ReliefWeb type,
11227,Journeys Within Our Community,Non-governmental Organization,United States of America,High income,9,9,0.0,International NGO,rule,home country is high-income (or not a country in the World Bank list)
22526,Kane Ya Makane,Non-governmental Organization,Morocco,Lower middle income,9,9,1.0,Locally based NGO,rule,home country is low/middle-income and 100% of located posts are there
13071,Karuna-Shechen,Non-governmental Organization,France,High income,9,11,0.636,International NGO,rule,home country is high-income (or not a country in the World Bank list)
43694,Key Aid Consulting,Other,France,High income,9,9,0.889,Other,ReliefWeb type,
31151,Lebanese Center for Human Rights,Non-governmental Organization,Lebanon,Lower middle income,9,9,1.0,Locally based NGO,rule,home country is low/middle-income and 100% of located posts are there
51717,Local Administration Councils Unit,Non-governmental Organization,Syrian Arab Republic,Low income,9,10,1.0,Locally based NGO,rule,based in Türkiye or Syria: treated as locally based (Syria response)
43369,Lwala Community Alliance,Non-governmental Organization,Kenya,Lower middle income,9,7,1.0,Locally based NGO,rule,home country is low/middle-income and 100% of located posts are there
15175,Malala Fund,Non-governmental Organization,United States of America,High income,9,9,0.111,International NGO,rule,home country is high-income (or not a country in the World Bank list)
12135,Mali Health Organizing Project,Non-governmental Organization,Mali,Low income,9,9,0.667,Regional NGO (global South base),rule,home country is low/middle-income but only 67% of located posts are there
33551,Media Legal Defence Initiative,Non-governmental Organization,United Kingdom of Great Britain and Northern Ireland,High income,9,9,1.0,International NGO,rule,home country is high-income (or not a country in the World Bank list)
4457,Moving the Goalposts Kilifi,Non-governmental Organization,Kenya,Lower middle income,9,9,0.889,Locally based NGO,rule,home country is low/middle-income and 89% of located posts are there
44004,New Ways Organization,Non-governmental Organization,Somalia,Low income,9,9,1.0,Locally based NGO,rule,home country is low/middle-income and 100% of located posts are there
50747,Nomadic Assistance for Peace and Development,Non-governmental Organization,Somalia,Low income,9,10,0.1,Regional NGO (global South base),rule,home country is low/middle-income but only 10% of located posts are there
10330,Nomi Network,Non-governmental Organization,United States of America,High income,9,10,0.1,International NGO,rule,home country is high-income (or not a country in the World Bank list)
10965,ONE,Non-governmental Organization,United Kingdom of Great Britain and Northern Ireland,High income,9,8,0.0,International NGO,rule,home country is high-income (or not a country in the World Bank list)
13324,Ontario Council for International Cooperation,Non-governmental Organization,Canada,High income,9,9,1.0,International NGO,rule,home country is high-income (or not a country in the World Bank list)
8243,PEAS,Non-governmental Organization,United Kingdom of Great Britain and Northern Ireland,High income,9,12,0.25,International NGO,rule,home country is high-income (or not a country in the World Bank list)
52010,Pacific Island Health Officers Association,Non-governmental Organization,United States of America,High income,9,8,0.25,International NGO,rule,home country is high-income (or not a country in the World Bank list)
12520,Peace Child International,Non-governmental Organization,United Kingdom of Great Britain and Northern Ireland,High income,9,12,0.417,International NGO,rule,home country is high-income (or not a country in the World Bank list)
12715,Proforest,International Organization,United Kingdom of Great Britain and Northern Ireland,High income,9,9,0.667,International Organization,ReliefWeb type,
51796,Projects Clinic Consulting,Other,Türkiye,Upper middle income,9,9,0.0,Other,ReliefWeb type,
26541,RESULTS,Non-governmental Organization,United Kingdom of Great Britain and Northern Ireland,High income,9,9,1.0,International NGO,rule,home country is high-income (or not a country in the World Bank list)
3412,RedR India,Non-governmental Organization,India,Lower middle income,9,9,1.0,Locally based NGO,rule,home country is low/middle-income and 100% of located posts are there
37131,Sexual and Reproductive Health Matters,Non-governmental Organization,United Kingdom of Great Britain and Northern Ireland,High income,9,2,1.0,International NGO,rule,home country is high-income (or not a country in the World Bank list)
3882,Solar Cookers International,Non-governmental Organization,United States of America,High income,9,6,1.0,International NGO,rule,home country is high-income (or not a country in the World Bank list)
48093,Solidarity and Development Initiative,Non-governmental Organization,United Kingdom of Great Britain and Northern Ireland,High income,9,1,0.0,International NGO,rule,home country is high-income (or not a country in the World Bank list)
26806,Somali Community Concern,Non-governmental Organization,Somalia,Low income,9,9,1.0,Locally based NGO,rule,home country is low/middle-income and 100% of located posts are there
44019,Soulcial Trust,Non-governmental Organization,India,Lower middle income,9,9,0.111,Regional NGO (global South base),rule,home country is low/middle-income but only 11% of located posts are there
1303,South Centre,Other,Switzerland,High income,9,8,0.625,Other,ReliefWeb type,
3013,Stakeholder Democracy Network,Non-governmental Organization,United Kingdom of Great Britain and Northern Ireland,High income,9,9,0.889,International NGO,rule,home country is high-income (or not a country in the World Bank list)
51078,Terre Sans Frontières,Non-governmental Organization,Canada,High income,9,9,0.333,International NGO,rule,home country is high-income (or not a country in the World Bank list)
50347,The Jerusalem Legal Aid & Human Rights Center,Non-governmental Organization,occupied Palestinian territory,Lower middle income,9,28,0.179,Regional NGO (global South base),rule,home country is low/middle-income but only 18% of located posts are there
41794,The Leprosy Mission International,Non-governmental Organization,United Kingdom of Great Britain and Northern Ireland,High income,9,9,1.0,International NGO,rule,home country is high-income (or not a country in the World Bank list)
33266,This Life Cambodia,Non-governmental Organization,Australia,High income,9,9,0.111,International NGO,rule,home country is high-income (or not a country in the World Bank list)
21616,UN Interim Security Force for Abyei,International Organization,Sudan,Low income,9,12,0.417,International Organization,ReliefWeb type,
4247,UNITAID,International Organization,Switzerland,High income,9,8,1.0,International Organization,ReliefWeb type,
11677,Union for the Mediterranean,International Organization,Spain,High income,9,7,1.0,International Organization,ReliefWeb type,
13798,United Nations Assistance to the Khmer Rouge Trials,International Organization,Cambodia,Lower middle income,9,9,1.0,International Organization,ReliefWeb type,
3508,University of Washington,Academic and Research Institution,United States of America,High income,9,9,0.556,Academic and Research Institution,ReliefWeb type,
51521,WMG Management Consultants Ltd,Other,Kenya,Lower middle income,9,12,0.667,Other,ReliefWeb type,
3839,War on Want,Non-governmental Organization,United Kingdom of Great Britain and Northern Ireland,High income,9,9,1.0,International NGO,rule,home country is high-income (or not a country in the World Bank list)
27641,Wassu Gambia Kafo,Non-governmental Organization,Gambia,Low income,9,8,1.0,Locally based NGO,rule,home country is low/middle-income and 100% of located posts are there
52033,Wave - Thessaloniki,Non-governmental Organization,Netherlands,High income,9,9,0.0,International NGO,rule,home country is high-income (or not a country in the World Bank list)
1833,Wilton Park,Academic and Research Institution,United Kingdom of Great Britain and Northern Ireland,High income,9,9,1.0,Academic and Research Institution,ReliefWeb type,
9392,Women's League of Burma,Non-governmental Organization,Thailand,Upper middle income,9,9,1.0,Locally based NGO,rule,home country is low/middle-income and 100% of located posts are there
36051,World Association of Girl Guides and Girl Scouts,Non-governmental Organization,United Kingdom of Great Britain and Northern Ireland,High income,9,5,0.2,International NGO,rule,home country is high-income (or not a country in the World Bank list)
2785,World Jewish Relief,Non-governmental Organization,United States of America,High income,9,8,0.0,International NGO,rule,home country is high-income (or not a country in the World Bank list)
42809,management4health,Non-governmental Organization,Germany,High income,9,4,0.0,International NGO,rule,home country is high-income (or not a country in the World Bank list)
12054,techfortrade,Non-governmental Organization,United Kingdom of Great Britain and Northern Ireland,High income,9,14,0.0,International NGO,rule,home country is high-income (or not a country in the World Bank list)
49923,7Hills Skatepark,Non-governmental Organization,Jordan,Upper middle income,8,8,1.0,Locally based NGO,rule,home country is low/middle-income and 100% of located posts are there
52284,7amleh,Non-governmental Organization,Israel,High income,8,3,0.0,International NGO,rule,home country is high-income (or not a country in the World Bank list)
20696,A Million Voices,Non-governmental Organization,Norway,High income,8,8,0.0,International NGO,rule,home country is high-income (or not a country in the World Bank list)
4352,AFRODAD,Other,Zimbabwe,Lower middle income,8,6,0.667,Other,ReliefWeb type,
2626,AIDS Healthcare Foundation,Non-governmental Organization,United States of America,High income,8,9,0.0,International NGO,rule,home country is high-income (or not a country in the World Bank list)
17186,Abraham Path,Non-governmental Organization,Israel,High income,8,9,0.111,International NGO,rule,home country is high-income (or not a country in the World Bank list)
11671,Advocates for Human Dignity,Non-governmental Organization,United Kingdom of Great Britain and Northern Ireland,High income,8,4,0.75,International NGO,rule,home country is high-income (or not a country in the World Bank list)
15896,Afghanistan National Horticulture Development Organization,Non-governmental Organization,Afghanistan,Low income,8,8,0.875,Locally based NGO,rule,home country is low/middle-income and 88% of located posts are there
13675,Africa Centre for Open Governance,Non-governmental Organization,Nigeria,Lower middle income,8,8,0.0,Regional NGO (global South base),rule,home country is low/middle-income but only 0% of located posts are there
49954,AidFacilitator,Non-governmental Organization,India,Lower middle income,8,15,0.067,Regional NGO (global South base),rule,home country is low/middle-income but only 7% of located posts are there
3055,Amani Children's Home,Non-governmental Organization,United Republic of Tanzania,Lower middle income,8,8,1.0,Locally based NGO,rule,home country is low/middle-income and 100% of located posts are there
52107,Amazon Frontlines,Non-governmental Organization,United States of America,High income,8,5,0.2,International NGO,rule,home country is high-income (or not a country in the World Bank list)
33341,AmeriCorps St. Louis,Non-governmental Organization,United States of America,High income,8,8,1.0,International NGO,rule,home country is high-income (or not a country in the World Bank list)
51800,Artesans-ResQ,Non-governmental Organization,Germany,High income,8,5,0.0,International NGO,rule,home country is high-income (or not a country in the World Bank list)
50414,Association for Inclusive Peace,Non-governmental Organization,Switzerland,High income,8,0,,International NGO,rule,home country is high-income (or not a country in the World Bank list)
12911,Billtop Consulting International,Other,South Africa,Upper middle income,8,8,0.375,Other,ReliefWeb type,
19666,BlueSquare,Non-governmental Organization,Belgium,High income,8,9,0.667,International NGO,rule,home country is high-income (or not a country in the World Bank list)
47329,BoP Innovation Center,Non-governmental Organization,Netherlands,High income,8,4,0.0,International NGO,rule,home country is high-income (or not a country in the World Bank list)
36781,Burma Children Medical Fund,Non-governmental Organization,Thailand,Upper middle income,8,8,1.0,Locally based NGO,rule,home country is low/middle-income and 100% of located posts are there
3989,CARANA,Other,United States of America,High income,8,8,0.0,Other,ReliefWeb type,
50885,CIMA Research Foundation,Academic and Research Institution,Italy,High income,8,7,0.286,Academic and Research Institution,ReliefWeb type,
13715,Camara,Non-governmental Organization,Ireland,High income,8,7,0.0,International NGO,rule,home country is high-income (or not a country in the World Bank list)
3140,Center for American Progress,Academic and Research Institution,United States of America,High income,8,11,0.636,Academic and Research Institution,ReliefWeb type,
46764,Central Asian Regional Environmental Center,Non-governmental Organization,Kazakhstan,Upper middle income,8,3,0.667,Regional NGO (global South base),rule,home country is low/middle-income but only 67% of located posts are there
4335,Centre International de Développement et de Recherche,Academic and Research Institution,France,High income,8,8,0.125,Academic and Research Institution,ReliefWeb type,
3756,Centre for Peace and Conflict Studies,Academic and Research Institution,Cambodia,Lower middle income,8,9,0.889,Academic and Research Institution,ReliefWeb type,
2972,Children in Crossfire,Non-governmental Organization,United Kingdom of Great Britain and Northern Ireland,High income,8,8,0.25,International NGO,rule,home country is high-income (or not a country in the World Bank list)
14393,Clinton Giustra Enterprise Partnership,Non-governmental Organization,United States of America,High income,8,9,0.0,International NGO,rule,home country is high-income (or not a country in the World Bank list)
13889,Communitere,Non-governmental Organization,Haiti,Lower middle income,8,8,0.5,Regional NGO (global South base),rule,home country is low/middle-income but only 50% of located posts are there
8453,Conflict Dynamics,Non-governmental Organization,United States of America,High income,8,8,0.75,International NGO,rule,home country is high-income (or not a country in the World Bank list)
2739,Cooperative Orthotic and Prosthetic Enterprise,Non-governmental Organization,Lao People's Democratic Republic (the),Lower middle income,8,8,1.0,Locally based NGO,rule,home country is low/middle-income and 100% of located posts are there
48658,Dahari,Non-governmental Organization,Comoros,Lower middle income,8,8,1.0,Locally based NGO,rule,home country is low/middle-income and 100% of located posts are there
49688,Danish Institute for Parties and Democracy,Non-governmental Organization,Denmark,High income,8,3,0.0,International NGO,rule,home country is high-income (or not a country in the World Bank list)
52660,Development Expertise Lab,Other,France,High income,8,17,0.0,Other,ReliefWeb type,
2593,Doctors of the World USA,Non-governmental Organization,United States of America,High income,8,7,1.0,International NGO,rule,home country is high-income (or not a country in the World Bank list)
4143,ECLT Foundation,Non-governmental Organization,Switzerland,High income,8,7,0.857,International NGO,rule,home country is high-income (or not a country in the World Bank list)
52066,ENGIM Internazionale,Non-governmental Organization,Italy,High income,8,8,0.375,International NGO,rule,home country is high-income (or not a country in the World Bank list)
50608,Edmaaj for Development and Training Consulting,Other,Jordan,Upper middle income,8,19,0.421,Other,ReliefWeb type,
3251,Education For Employment,Non-governmental Organization,United States of America,High income,8,8,0.75,International NGO,rule,home country is high-income (or not a country in the World Bank list)
4199,Enough Project,Non-governmental Organization,United States of America,High income,8,6,0.5,International NGO,rule,home country is high-income (or not a country in the World Bank list)
42844,Equilibres & Populations,Non-governmental Organization,France,High income,8,7,0.429,International NGO,rule,home country is high-income (or not a country in the World Bank list)
533,European Commission,International Organization,Belgium,High income,8,8,0.0,International Organization,ReliefWeb type,
34036,Exponential Education,Non-governmental Organization,Ghana,Lower middle income,8,7,1.0,Locally based NGO,rule,home country is low/middle-income and 100% of located posts are there
11483,Fundación Avina,Non-governmental Organization,Panama,High income,8,22,0.045,International NGO,rule,home country is high-income (or not a country in the World Bank list)
13635,Fundación CODESPA,Non-governmental Organization,Spain,High income,8,8,0.0,International NGO,rule,home country is high-income (or not a country in the World Bank list)
1854,George Washington University,Academic and Research Institution,United States of America,High income,8,8,0.875,Academic and Research Institution,ReliefWeb type,
13069,Global Earthquake Model,Non-governmental Organization,Italy,High income,8,8,1.0,International NGO,rule,home country is high-income (or not a country in the World Bank list)
51083,Health Equity International,Other,Haiti; United States of America,High income; Lower middle income,8,8,1.0,Other,ReliefWeb type,
50602,InformAction,Non-governmental Organization,Kenya,Lower middle income,8,8,1.0,Locally based NGO,rule,home country is low/middle-income and 100% of located posts are there
4513,Institute for Reproductive Health,Academic and Research Institution,United States of America,High income,8,9,0.333,Academic and Research Institution,ReliefWeb type,
1564,Institute for Sustainable Communities,Academic and Research Institution,United States of America,High income,8,8,0.625,Academic and Research Institution,ReliefWeb type,
51745,Institute of Public Finance,Other,Kenya,Lower middle income,8,7,1.0,Other,ReliefWeb type,
47269,International Association of Women Judges,Non-governmental Organization,United States of America,High income,8,7,0.286,International NGO,rule,home country is high-income (or not a country in the World Bank list)
17191,International Federation of Gynecology and Obstetrics,Other,World,Not classified,8,6,0.0,Other,ReliefWeb type,
3988,International Initiative for Impact Evaluation,Academic and Research Institution,India; United Kingdom of Great Britain and Northern Ireland; United States of America,High income; Lower middle income,8,1,1.0,Academic and Research Institution,ReliefWeb type,
49558,Investimate,Academic and Research Institution,Türkiye,Upper middle income,8,10,0.6,Academic and Research Institution,ReliefWeb type,
10678,JCP Consulting Procurement,Other,Italy,High income,8,7,0.0,Other,ReliefWeb type,
41329,Justice Coopération Internationale,Other,France,High income,8,8,0.0,Other,ReliefWeb type,
45584,KAALO Aid and Development Organization,Non-governmental Organization,Somalia,Low income,8,8,1.0,Locally based NGO,rule,home country is low/middle-income and 100% of located posts are there
14168,Kenya Human Rights Commission,Non-governmental Organization,Kenya,Lower middle income,8,11,0.727,Regional NGO (global South base),rule,home country is low/middle-income but only 73% of located posts are there
46978,Light and Leadership Initiative,Non-governmental Organization,Peru,Upper middle income,8,8,1.0,Locally based NGO,rule,home country is low/middle-income and 100% of located posts are there
9431,Linpico,Other,France,High income,8,8,0.0,Other,ReliefWeb type,
3371,Louis Berger Group,Other,United States of America,High income,8,8,0.0,Other,ReliefWeb type,
4570,MSF - Germany,Non-governmental Organization,Germany,High income,8,7,0.714,International NGO,rule,home country is high-income (or not a country in the World Bank list)
51473,Merti Integrated Development Programme,Non-governmental Organization,Kenya,Lower middle income,8,8,1.0,Locally based NGO,rule,home country is low/middle-income and 100% of located posts are there
50549,Misión Mexico,Non-governmental Organization,Mexico; United Kingdom of Great Britain and Northern Ireland,High income; Upper middle income,8,8,1.0,International NGO,rule,home country is high-income (or not a country in the World Bank list)
50318,Mission 89,Non-governmental Organization,Switzerland,High income,8,0,,International NGO,rule,home country is high-income (or not a country in the World Bank list)
2958,Mkombozi,Non-governmental Organization,United Republic of Tanzania,Lower middle income,8,8,1.0,Locally based NGO,rule,home country is low/middle-income and 100% of located posts are there
47349,Movement On The Ground,Non-governmental Organization,Netherlands,High income,8,8,0.0,International NGO,rule,home country is high-income (or not a country in the World Bank list)
10480,Mulrany International,Non-governmental Organization,United Kingdom of Great Britain and Northern Ireland,High income,8,8,0.0,International NGO,rule,home country is high-income (or not a country in the World Bank list)
3491,Mundukide Fundazioa,Non-governmental Organization,Mozambique,Low income,8,8,0.875,Locally based NGO,rule,home country is low/middle-income and 88% of located posts are there
50985,Nitidae,Non-governmental Organization,France,High income,8,10,0.6,International NGO,rule,home country is high-income (or not a country in the World Bank list)
51076,Norwegian Mission Society,Non-governmental Organization,Norway,High income,8,5,0.0,International NGO,rule,home country is high-income (or not a country in the World Bank list)
2658,OXUS Development Network,Non-governmental Organization,France,High income,8,8,0.25,International NGO,rule,home country is high-income (or not a country in the World Bank list)
11437,One Drop,Non-governmental Organization,Canada,High income,8,8,1.0,International NGO,rule,home country is high-income (or not a country in the World Bank list)
3750,PRASOL Training and Consulting Ltd,Other,Kenya,Lower middle income,8,7,1.0,Other,ReliefWeb type,
11703,Pen International,Non-governmental Organization,United Kingdom of Great Britain and Northern Ireland,High income,8,8,1.0,International NGO,rule,home country is high-income (or not a country in the World Bank list)
1162,Penal Reform International,Non-governmental Organization,United Kingdom of Great Britain and Northern Ireland,High income,8,7,0.714,International NGO,rule,home country is high-income (or not a country in the World Bank list)
4382,Planet Care/Global Health Access Program,Non-governmental Organization,United States of America,High income,8,8,0.0,International NGO,rule,home country is high-income (or not a country in the World Bank list)
47604,RAFT Myanmar,Non-governmental Organization,Myanmar,Lower middle income,8,7,1.0,Locally based NGO,rule,home country is low/middle-income and 100% of located posts are there
28631,RNW Media,Non-governmental Organization,Netherlands,High income,8,8,0.375,International NGO,rule,home country is high-income (or not a country in the World Bank list)
51684,ReFOCUS Media Labs,Non-governmental Organization,Poland,High income,8,3,0.0,International NGO,rule,home country is high-income (or not a country in the World Bank list)
11872,Reach for Change,Non-governmental Organization,Sweden,High income,8,8,0.0,International NGO,rule,home country is high-income (or not a country in the World Bank list)
8694,RedR Australia,Non-governmental Organization,Australia,High income,8,7,0.571,International NGO,rule,home country is high-income (or not a country in the World Bank list)
51238,STEP-IN,Non-governmental Organization,Slovakia,High income,8,8,0.0,International NGO,rule,home country is high-income (or not a country in the World Bank list)
15283,Sahara Conservation Fund,Non-governmental Organization,Switzerland,High income,8,8,0.0,International NGO,rule,home country is high-income (or not a country in the World Bank list)
50771,Save the Children - Germany,Non-governmental Organization,Germany,High income,8,8,1.0,International NGO,rule,home country is high-income (or not a country in the World Bank list)
12854,School-to-School International,Non-governmental Organization,United States of America,High income,8,8,0.5,International NGO,rule,home country is high-income (or not a country in the World Bank list)
12400,So They Can,Non-governmental Organization,Australia,High income,8,9,0.0,International NGO,rule,home country is high-income (or not a country in the World Bank list)
4287,South East Asia Investigations into Social and Humanitarian Activities,Non-governmental Organization,Cambodia,Lower middle income,8,8,1.0,Locally based NGO,rule,home country is low/middle-income and 100% of located posts are there
31641,Special Olympics,Non-governmental Organization,United States of America,High income,8,21,0.238,International NGO,rule,home country is high-income (or not a country in the World Bank list)
50654,Stichting TB Europe Coalition,Non-governmental Organization,Netherlands,High income,8,0,,International NGO,rule,home country is high-income (or not a country in the World Bank list)
4557,Sudanese Development Initiative,Non-governmental Organization,Sudan,Low income,8,7,1.0,Locally based NGO,rule,home country is low/middle-income and 100% of located posts are there
3660,Synergos,Other,United States of America,High income,8,8,0.875,Other,ReliefWeb type,
46649,Syria Recovery Trust Fund,International Organization,Türkiye,Upper middle income,8,8,0.375,International Organization,ReliefWeb type,
31836,TARGET e.V. Ruediger Nehberg,Non-governmental Organization,Germany,High income,8,8,0.125,International NGO,rule,home country is high-income (or not a country in the World Bank list)
19456,The Consultancy Group,Other,Guyana,High income,8,4,1.0,Other,ReliefWeb type,
51210,The Green Belt Movement,Non-governmental Organization,Kenya,Lower middle income,8,8,1.0,Locally based NGO,rule,home country is low/middle-income and 100% of located posts are there
50875,The Luminos Fund,Non-governmental Organization,United States of America,High income,8,4,0.0,International NGO,rule,home country is high-income (or not a country in the World Bank list)
15431,Trimbos Institute,Academic and Research Institution,Netherlands,High income,8,8,0.0,Academic and Research Institution,ReliefWeb type,
51400,UK Health Security Agency,Government,United Kingdom of Great Britain and Northern Ireland,High income,8,8,1.0,Government,ReliefWeb type,
47334,United for Hope,Non-governmental Organization,Germany,High income,8,8,0.0,International NGO,rule,home country is high-income (or not a country in the World Bank list)
1826,University of London,Academic and Research Institution,United Kingdom of Great Britain and Northern Ireland,High income,8,8,1.0,Academic and Research Institution,ReliefWeb type,
1752,Valid International,Academic and Research Institution,United Kingdom of Great Britain and Northern Ireland,High income,8,8,0.875,Academic and Research Institution,ReliefWeb type,
14372,Vaxtrac,Non-governmental Organization,United States of America,High income,8,8,1.0,International NGO,rule,home country is high-income (or not a country in the World Bank list)
11931,Vecna Cares,Non-governmental Organization,United States of America,High income,8,8,0.875,International NGO,rule,home country is high-income (or not a country in the World Bank list)
13941,Verbatims,Non-governmental Organization,Belgium,High income,8,8,0.0,International NGO,rule,home country is high-income (or not a country in the World Bank list)
4202,WVP Kenya,Non-governmental Organization,Kenya,Lower middle income,8,7,0.857,Locally based NGO,rule,home country is low/middle-income and 86% of located posts are there
26471,Whave,Non-governmental Organization,Uganda,Low income,8,8,1.0,Locally based NGO,rule,home country is low/middle-income and 100% of located posts are there
46908,Wildlife Justice Commission,Non-governmental Organization,Netherlands,High income,8,8,0.875,International NGO,rule,home country is high-income (or not a country in the World Bank list)
3332,Windle Trust International,Non-governmental Organization,United Kingdom of Great Britain and Northern Ireland,High income,8,8,0.0,International NGO,rule,home country is high-income (or not a country in the World Bank list)
51281,World Federation of Societies of Anaesthesiologists,Non-governmental Organization,United States of America,High income,8,4,0.0,International NGO,rule,home country is high-income (or not a country in the World Bank list)
8042,World Organization of the Scout Movement,Other,Switzerland,High income,8,8,0.5,Other,ReliefWeb type,
47324,himaya,Non-governmental Organization,Lebanon,Lower middle income,8,8,1.0,Locally based NGO,rule,home country is low/middle-income and 100% of located posts are there
17001,iguacu,Non-governmental Organization,United Kingdom of Great Britain and Northern Ireland,High income,8,8,1.0,International NGO,rule,home country is high-income (or not a country in the World Bank list)
49438,ACOGUATE,Non-governmental Organization,Guatemala,Upper middle income,7,7,1.0,Locally based NGO,rule,home country is low/middle-income and 100% of located posts are there
2335,AMURT International,Non-governmental Organization,United States of America,High income,7,7,0.0,International NGO,rule,home country is high-income (or not a country in the World Bank list)
3223,Absolute Return for Kids,Other,United Kingdom of Great Britain and Northern Ireland,High income,7,7,0.0,Other,ReliefWeb type,
51711,Acceso,Non-governmental Organization,United States of America,High income,7,4,0.0,International NGO,rule,home country is high-income (or not a country in the World Bank list)
583,Access Aid International,Non-governmental Organization,Australia,High income,7,7,0.0,International NGO,rule,home country is high-income (or not a country in the World Bank list)
51599,Africa Legal Aid,Non-governmental Organization,Netherlands,High income,7,1,1.0,International NGO,rule,home country is high-income (or not a country in the World Bank list)
4548,African Centre for Justice and Peace Studies,Non-governmental Organization,Sudan,Low income,7,7,0.143,Regional NGO (global South base),rule,home country is low/middle-income but only 14% of located posts are there
8464,African Media Initiative,Media,Kenya,Lower middle income,7,6,0.833,Media,ReliefWeb type,
11462,African Peace Support Trainers' Association,Non-governmental Organization,Kenya,Lower middle income,7,7,1.0,Locally based NGO,rule,home country is low/middle-income and 100% of located posts are there
23841,Airlink,Non-governmental Organization,United States of America,High income,7,5,1.0,International NGO,rule,home country is high-income (or not a country in the World Bank list)
2125,Al-Haq,Non-governmental Organization,occupied Palestinian territory,Lower middle income,7,7,1.0,Locally based NGO,rule,home country is low/middle-income and 100% of located posts are there
50748,All For Peace And Dignity,Non-governmental Organization,Canada,High income,7,7,0.0,International NGO,rule,home country is high-income (or not a country in the World Bank list)
831,American Councils for International Education,Non-governmental Organization,United States of America,High income,7,6,0.5,International NGO,rule,home country is high-income (or not a country in the World Bank list)
385,American Jewish World Service,Non-governmental Organization,United States of America,High income,7,4,0.25,International NGO,rule,home country is high-income (or not a country in the World Bank list)
51364,Aquaya,Non-governmental Organization,Ghana; Kenya; United States of America,High income; Lower middle income,7,8,0.875,International NGO,rule,home country is high-income (or not a country in the World Bank list)
321,Ashoka,Other,United States of America,High income,7,7,0.143,Other,ReliefWeb type,
31321,Asia Pacific Network of People Living with HIV/AIDS,Non-governmental Organization,Thailand,Upper middle income,7,7,1.0,Locally based NGO,rule,home country is low/middle-income and 100% of located posts are there
4500,Asian Institute of Technology,Academic and Research Institution,Thailand,Upper middle income,7,7,1.0,Academic and Research Institution,ReliefWeb type,
14948,Australian Doctors International,Non-governmental Organization,Australia,High income,7,7,0.143,International NGO,rule,home country is high-income (or not a country in the World Bank list)
50754,Baylor College of Medicine Children’s Foundation Malawi - Tingathe Program,Non-governmental Organization,Malawi,Low income,7,7,1.0,Locally based NGO,rule,home country is low/middle-income and 100% of located posts are there
47793,Better World,Non-governmental Organization,Jordan,Upper middle income,7,7,1.0,Locally based NGO,rule,home country is low/middle-income and 100% of located posts are there
41459,Beyond Borders Media,Media,Netherlands,High income,7,4,0.25,Media,ReliefWeb type,
27421,Bremen Overseas Research and Development Association,Non-governmental Organization,Germany,High income,7,7,0.0,International NGO,rule,home country is high-income (or not a country in the World Bank list)
9653,Busoga Trust,Non-governmental Organization,United Kingdom of Great Britain and Northern Ireland,High income,7,8,0.5,International NGO,rule,home country is high-income (or not a country in the World Bank list)
12127,Butterfly Works,Non-governmental Organization,Netherlands,High income,7,7,0.857,International NGO,rule,home country is high-income (or not a country in the World Bank list)
10818,C40 Cities,Other,World,Not classified,7,1,0.0,Other,ReliefWeb type,
51704,CBM Ireland,Non-governmental Organization,Ireland,High income,7,5,1.0,International NGO,rule,home country is high-income (or not a country in the World Bank list)
50722,Campaign to Stop Killer Robots,Non-governmental Organization,Canada,High income,7,3,0.0,International NGO,rule,home country is high-income (or not a country in the World Bank list)
2708,Cardno Emerging Markets (UK) Ltd,Other,United Kingdom of Great Britain and Northern Ireland,High income,7,6,0.0,Other,ReliefWeb type,
51380,Caritas International Belgium,Non-governmental Organization,Belgium,High income,7,7,0.0,International NGO,rule,home country is high-income (or not a country in the World Bank list)
3559,Central Asia Development Group,Other,Singapore,High income,7,7,0.143,Other,ReliefWeb type,
12950,Centre de Formation et d'Encadrement Technique,Other,Haiti,Lower middle income,7,7,1.0,Other,ReliefWeb type,
45169,Centre on Integrated Rural Development for Asia and the Pacific,Non-governmental Organization,Bangladesh,Lower middle income,7,7,1.0,Locally based NGO,rule,home country is low/middle-income and 100% of located posts are there
14083,Champions Mind,Non-governmental Organization,United States of America,High income,7,7,0.0,International NGO,rule,home country is high-income (or not a country in the World Bank list)
44794,Citizens for Syria,Non-governmental Organization,Germany,High income,7,7,0.571,International NGO,rule,home country is high-income (or not a country in the World Bank list)
3833,Club de Madrid,Other,Spain,High income,7,6,1.0,Other,ReliefWeb type,
28516,Compañeros en Salud,Non-governmental Organization,Mexico,Upper middle income,7,7,1.0,Locally based NGO,rule,home country is low/middle-income and 100% of located posts are there
10407,Conflict Early Warning and Response Mechanism,Other,Ethiopia,Low income,7,6,1.0,Other,ReliefWeb type,
11909,Conflict Risk Network,Non-governmental Organization,United States of America,High income,7,7,1.0,International NGO,rule,home country is high-income (or not a country in the World Bank list)
1926,Conrad N. Hilton Foundation,Other,United States of America,High income,7,7,1.0,Other,ReliefWeb type,
47743,Croix-Rouge Burkinabé (Burkina Faso Red Cross),Red Cross/Red Crescent Movement,Burkina Faso,Low income,7,7,1.0,Red Cross/Red Crescent Movement,ReliefWeb type,
50356,Danmission,Non-governmental Organization,Denmark,High income,7,3,0.0,International NGO,rule,home country is high-income (or not a country in the World Bank list)
51366,Depaul International,Non-governmental Organization,United Kingdom of Great Britain and Northern Ireland,High income,7,5,0.6,International NGO,rule,home country is high-income (or not a country in the World Bank list)
11998,DloHaiti,Other,Haiti,Lower middle income,7,7,1.0,Other,ReliefWeb type,
33441,Dochas - Irish Association of Non-Governmental Development Organisations,Non-governmental Organization,Ireland,High income,7,6,1.0,International NGO,rule,home country is high-income (or not a country in the World Bank list)
2801,EQUIP Liberia,Non-governmental Organization,Liberia,Low income,7,7,1.0,Locally based NGO,rule,home country is low/middle-income and 100% of located posts are there
10118,ESSOR,Non-governmental Organization,France,High income,7,6,0.167,International NGO,rule,home country is high-income (or not a country in the World Bank list)
50133,Education Sub-Saharan Africa,Non-governmental Organization,United Kingdom of Great Britain and Northern Ireland,High income,7,6,0.0,International NGO,rule,home country is high-income (or not a country in the World Bank list)
41399,Eleanor Crook Foundation,Non-governmental Organization,United States of America,High income,7,5,0.6,International NGO,rule,home country is high-income (or not a country in the World Bank list)
39849,Evoke KYNE,Other,United States of America,High income,7,10,0.0,Other,ReliefWeb type,
2588,FINCON,Non-governmental Organization,Canada,High income,7,8,0.0,International NGO,rule,home country is high-income (or not a country in the World Bank list)
43469,Fiji Higher Education Commission,Non-governmental Organization,Fiji,Upper middle income,7,6,1.0,Locally based NGO,rule,home country is low/middle-income and 100% of located posts are there
12252,Forest Peoples Programme,Non-governmental Organization,United Kingdom of Great Britain and Northern Ireland,High income,7,5,0.6,International NGO,rule,home country is high-income (or not a country in the World Bank list)
2106,Forum Syd,Non-governmental Organization,Sweden,High income,7,7,0.143,International NGO,rule,home country is high-income (or not a country in the World Bank list)
44369,Fred Hollows Foundation NZ,Non-governmental Organization,New Zealand,High income,7,7,0.143,International NGO,rule,home country is high-income (or not a country in the World Bank list)
10937,Friends Of The United Nations Europe,Non-governmental Organization,Italy,High income,7,7,0.143,International NGO,rule,home country is high-income (or not a country in the World Bank list)
51106,Geneva Global Hub for Education in Emergencies,International Organization,Switzerland,High income,7,2,1.0,International Organization,ReliefWeb type,
34691,Global Apprenticeships Network,Non-governmental Organization,Switzerland,High income,7,7,0.857,International NGO,rule,home country is high-income (or not a country in the World Bank list)
531,Government of the United States of America,Government,United States of America,High income,7,7,0.714,Government,ReliefWeb type,
51230,Headlight Consulting Services,Other,United States of America,High income,7,7,0.143,Other,ReliefWeb type,
51881,Human Rights Legal Project,Non-governmental Organization,France,High income,7,5,0.0,International NGO,rule,home country is high-income (or not a country in the World Bank list)
51344,ICARS,Other,Denmark,High income,7,6,1.0,Other,ReliefWeb type,
4229,IDS International,Other,United States of America,High income,7,7,0.0,Other,ReliefWeb type,
50595,IMAAR Reconstruction,Non-governmental Organization,Türkiye,Upper middle income,7,6,1.0,Locally based NGO,rule,based in Türkiye or Syria: treated as locally based (Syria response)
52006,Innovative and Powerful Vision,Non-governmental Organization,Iraq,Upper middle income,7,9,0.222,Regional NGO (global South base),rule,home country is low/middle-income but only 22% of located posts are there
10914,Institut Pasteur,Academic and Research Institution,World,Not classified,7,7,0.0,Academic and Research Institution,ReliefWeb type,
32831,Institute for Climate Change and Adaptation,Academic and Research Institution,Kenya,Lower middle income,7,7,1.0,Academic and Research Institution,ReliefWeb type,
1341,Inter-American Development Bank,International Organization,United States of America,High income,7,7,0.286,International Organization,ReliefWeb type,
22696,International Movement Against All Forms of Discrimination and Racism,Non-governmental Organization,Japan,High income,7,7,0.143,International NGO,rule,home country is high-income (or not a country in the World Bank list)
13433,International Trypanotolerance Centre,Non-governmental Organization,Gambia,Low income,7,10,0.7,Regional NGO (global South base),rule,home country is low/middle-income but only 70% of located posts are there
1186,Japan International Cooperation Agency,Government,Japan,High income,7,7,0.0,Government,ReliefWeb type,
50781,Jewish Family Service - Seattle,Non-governmental Organization,United States of America,High income,7,7,1.0,International NGO,rule,home country is high-income (or not a country in the World Bank list)
50947,Kaleidoscope Diversity Trust,Non-governmental Organization,United Kingdom of Great Britain and Northern Ireland,High income,7,3,1.0,International NGO,rule,home country is high-income (or not a country in the World Bank list)
15126,Kangu,Non-governmental Organization,United States of America,High income,7,7,1.0,International NGO,rule,home country is high-income (or not a country in the World Bank list)
50614,KoboToolbox,Non-governmental Organization,United States of America,High income,7,0,,International NGO,rule,home country is high-income (or not a country in the World Bank list)
12172,Law & Development Partnership,Other,United Kingdom of Great Britain and Northern Ireland,High income,7,7,0.857,Other,ReliefWeb type,
50715,Levante International Development,Other,United Kingdom of Great Britain and Northern Ireland,High income,7,11,0.0,Other,ReliefWeb type,
9412,LifeNet International,Non-governmental Organization,United States of America,High income,7,9,0.222,International NGO,rule,home country is high-income (or not a country in the World Bank list)
37071,Linnaeus University,Academic and Research Institution,Sweden,High income,7,7,0.0,Academic and Research Institution,ReliefWeb type,
18886,MicroJustice4All,Non-governmental Organization,Netherlands,High income,7,8,0.25,International NGO,rule,home country is high-income (or not a country in the World Bank list)
50321,Migration and Asylum Project,Non-governmental Organization,India,Lower middle income,7,7,1.0,Locally based NGO,rule,home country is low/middle-income and 100% of located posts are there
3746,Mine Tech International,Other,United Kingdom of Great Britain and Northern Ireland,High income,7,7,0.143,Other,ReliefWeb type,
3313,Monash University,Academic and Research Institution,Australia,High income,7,6,0.833,Academic and Research Institution,ReliefWeb type,
4298,Nanyang Technological University,Academic and Research Institution,Singapore,High income,7,7,1.0,Academic and Research Institution,ReliefWeb type,
9518,Oak Foundation,Non-governmental Organization,Switzerland,High income,7,7,0.429,International NGO,rule,home country is high-income (or not a country in the World Bank list)
47143,On Our Radar,Non-governmental Organization,United Kingdom of Great Britain and Northern Ireland,High income,7,5,1.0,International NGO,rule,home country is high-income (or not a country in the World Bank list)
14920,Operational Research and Impact Evaluation Project,Academic and Research Institution,United Kingdom of Great Britain and Northern Ireland,High income,7,7,0.0,Academic and Research Institution,ReliefWeb type,
51387,Organisation pour la Prévention de la Cécité,Non-governmental Organization,France,High income,7,7,0.429,International NGO,rule,home country is high-income (or not a country in the World Bank list)
8450,PMU InterLife,Non-governmental Organization,Sweden,High income,7,7,0.0,International NGO,rule,home country is high-income (or not a country in the World Bank list)
14196,Parenting in Africa,Other,Kenya,Lower middle income,7,10,0.7,Other,ReliefWeb type,
51104,Partners in Justice International,Non-governmental Organization,United States of America,High income,7,0,,International NGO,rule,home country is high-income (or not a country in the World Bank list)
40299,Peace Villages,Non-governmental Organization,Dominican Republic,Upper middle income,7,7,1.0,Locally based NGO,rule,home country is low/middle-income and 100% of located posts are there
37421,Pestalozzi Children’s Foundation,Non-governmental Organization,Switzerland,High income,7,7,0.0,International NGO,rule,home country is high-income (or not a country in the World Bank list)
4118,Pharmacie & Aide Humanitaire,Non-governmental Organization,France,High income,7,7,0.0,International NGO,rule,home country is high-income (or not a country in the World Bank list)
50467,Policy and Management Consulting Group,Other,United States of America,High income,7,6,0.0,Other,ReliefWeb type,
51294,Polish Red Cross,Red Cross/Red Crescent Movement,Poland,High income,7,7,1.0,Red Cross/Red Crescent Movement,ReliefWeb type,
50391,Poulias Foundation,Non-governmental Organization,Guatemala,Upper middle income,7,6,1.0,Locally based NGO,rule,home country is low/middle-income and 100% of located posts are there
4156,REACH,Non-governmental Organization,Italy,High income,7,6,0.333,International NGO,rule,home country is high-income (or not a country in the World Bank list)
12758,Railway Children,Non-governmental Organization,United Kingdom of Great Britain and Northern Ireland,High income,7,6,0.0,International NGO,rule,home country is high-income (or not a country in the World Bank list)
1456,Reuters - Thomson Reuters Foundation,Non-governmental Organization,United Kingdom of Great Britain and Northern Ireland,High income,7,6,0.333,International NGO,rule,home country is high-income (or not a country in the World Bank list)
44669,Right to Education Initiative,Non-governmental Organization,United Kingdom of Great Britain and Northern Ireland,High income,7,8,0.5,International NGO,rule,home country is high-income (or not a country in the World Bank list)
47503,Right to Protection,Non-governmental Organization,Ukraine,Upper middle income,7,7,0.0,Regional NGO (global South base),rule,home country is low/middle-income but only 0% of located posts are there
18326,Rustic Pathways,Non-governmental Organization,United States of America,High income,7,28,0.036,International NGO,rule,home country is high-income (or not a country in the World Bank list)
51398,Scofield Associates,Other,Kenya,Lower middle income,7,28,0.214,Other,ReliefWeb type,
2163,Service Civil International,Non-governmental Organization,Belgium,High income,7,5,1.0,International NGO,rule,home country is high-income (or not a country in the World Bank list)
1689,Sheladia Associates,Other,United States of America,High income,7,7,0.857,Other,ReliefWeb type,
1231,Solidar,Non-governmental Organization,Belgium,High income,7,7,0.0,International NGO,rule,home country is high-income (or not a country in the World Bank list)
52065,Solutions CRM,Other,Türkiye,Upper middle income,7,10,0.1,Other,ReliefWeb type,
4368,Souktel,Other,United States of America,High income,7,7,0.571,Other,ReliefWeb type,
40204,Stichting Aidsfonds – Soa Aids Nederland,Non-governmental Organization,Netherlands,High income,7,5,0.6,International NGO,rule,home country is high-income (or not a country in the World Bank list)
51371,Syria Direct,Non-governmental Organization,Germany,High income,7,4,0.75,International NGO,rule,home country is high-income (or not a country in the World Bank list)
51633,Tanager,Non-governmental Organization,United States of America,High income,7,7,0.0,International NGO,rule,home country is high-income (or not a country in the World Bank list)
51338,The Human Dignity Trust,Non-governmental Organization,United Kingdom of Great Britain and Northern Ireland,High income,7,0,,International NGO,rule,home country is high-income (or not a country in the World Bank list)
10053,The LEGS Project,Non-governmental Organization,United Kingdom of Great Britain and Northern Ireland,High income,7,0,,International NGO,rule,home country is high-income (or not a country in the World Bank list)
13701,The World Vegetable Center,Academic and Research Institution,China - Taiwan Province,Not classified,7,7,0.0,Academic and Research Institution,ReliefWeb type,
21581,TrustAfrica,Non-governmental Organization,Senegal,Lower middle income,7,7,0.571,Regional NGO (global South base),rule,home country is low/middle-income but only 57% of located posts are there
1434,UN Economic and Social Commission for Western Asia,International Organization,Lebanon,Lower middle income,7,5,0.6,International Organization,ReliefWeb type,
1977,UN Foundation,Non-governmental Organization,United States of America,High income,7,6,0.833,International NGO,rule,home country is high-income (or not a country in the World Bank list)
8793,UN Mission in South Sudan,International Organization,South Sudan,Low income,7,7,1.0,International Organization,ReliefWeb type,
3481,UN Office for Disarmament Affairs,International Organization,United States of America,High income,7,7,0.0,International Organization,ReliefWeb type,
1408,UNHCR Regional Centre for Emergency Preparedness (eCentre),International Organization,Japan,High income,7,7,0.0,International Organization,ReliefWeb type,
49143,United Mission for Relief & Development,Non-governmental Organization,United States of America,High income,7,7,0.429,International NGO,rule,home country is high-income (or not a country in the World Bank list)
1262,University of Oxford,Academic and Research Institution,United Kingdom of Great Britain and Northern Ireland,High income,7,10,0.5,Academic and Research Institution,ReliefWeb type,
31441,Upwardly Global,Other,United States of America,High income,7,7,1.0,Other,ReliefWeb type,
3171,Veterinarios Sin Fronteras,Non-governmental Organization,Spain,High income,7,7,0.0,International NGO,rule,home country is high-income (or not a country in the World Bank list)
1888,Vredeseilanden,Non-governmental Organization,Belgium,High income,7,7,0.0,International NGO,rule,home country is high-income (or not a country in the World Bank list)
51149,Vétérinaires Sans Frontières International,Non-governmental Organization,Belgium,High income,7,5,0.2,International NGO,rule,home country is high-income (or not a country in the World Bank list)
17056,Well Grounded,Non-governmental Organization,United Kingdom of Great Britain and Northern Ireland,High income,7,8,0.75,International NGO,rule,home country is high-income (or not a country in the World Bank list)
3438,Wellspring Advisors,Non-governmental Organization,United States of America,High income,7,7,0.857,International NGO,rule,home country is high-income (or not a country in the World Bank list)
4503,West African Health Organisation,International Organization,Burkina Faso,Low income,7,7,1.0,International Organization,ReliefWeb type,
3058,White Ribbon Alliance for Safe Motherhood,Non-governmental Organization,United States of America,High income,7,7,1.0,International NGO,rule,home country is high-income (or not a country in the World Bank list)
51421,Women in Global Health,Non-governmental Organization,United States of America,High income,7,2,1.0,International NGO,rule,home country is high-income (or not a country in the World Bank list)
2776,Y Care International,Non-governmental Organization,United Kingdom of Great Britain and Northern Ireland,High income,7,7,0.714,International NGO,rule,home country is high-income (or not a country in the World Bank list)
52214,YALI Africa,Other,United States of America,High income,7,7,0.0,Other,ReliefWeb type,
47379,Youth Business International,Non-governmental Organization,United Kingdom of Great Britain and Northern Ireland,High income,7,4,1.0,International NGO,rule,home country is high-income (or not a country in the World Bank list)
50650,Yspaniola,Non-governmental Organization,United States of America,High income,7,7,0.0,International NGO,rule,home country is high-income (or not a country in the World Bank list)
13571,identity-center,Non-governmental Organization,Jordan,Upper middle income,7,7,1.0,Locally based NGO,rule,home country is low/middle-income and 100% of located posts are there
42294,wedoWE,Non-governmental Organization,Netherlands,High income,7,7,1.0,International NGO,rule,home country is high-income (or not a country in the World Bank list)
27821,410 Bridge,Non-governmental Organization,Haiti,Lower middle income,6,6,0.833,Locally based NGO,rule,home country is low/middle-income and 83% of located posts are there
2057,AKE Group Ltd,Other,United Kingdom of Great Britain and Northern Ireland,High income,6,4,0.75,Other,ReliefWeb type,
50531,Ability for Human Investment,Non-governmental Organization,Yemen,Low income,6,5,1.0,Locally based NGO,rule,home country is low/middle-income and 100% of located posts are there
50879,Access Aid Foundation,Non-governmental Organization,Iraq,Upper middle income,6,6,0.333,Regional NGO (global South base),rule,home country is low/middle-income but only 33% of located posts are there
50768,Access to Nutrition initiative,Non-governmental Organization,Netherlands,High income,6,7,0.714,International NGO,rule,home country is high-income (or not a country in the World Bank list)
3358,Addameer,Non-governmental Organization,Israel,High income,6,6,0.0,International NGO,rule,home country is high-income (or not a country in the World Bank list)
2673,Africa Humanitarian Action,Non-governmental Organization,Ethiopia,Low income,6,6,0.5,Regional NGO (global South base),rule,home country is low/middle-income but only 50% of located posts are there
3789,Africa Progress Panel,Other,Switzerland,High income,6,6,1.0,Other,ReliefWeb type,
4458,African Conservation Tillage Network,Non-governmental Organization,Kenya,Lower middle income,6,5,0.8,Locally based NGO,rule,home country is low/middle-income and 80% of located posts are there
3678,African Technology Policy Studies Network,Other,Kenya,Lower middle income,6,6,1.0,Other,ReliefWeb type,
1754,Agronomes et Vétérinaires Sans Frontières,Non-governmental Organization,France,High income,6,5,0.2,International NGO,rule,home country is high-income (or not a country in the World Bank list)
4071,Aidspan,Non-governmental Organization,Kenya,Lower middle income,6,7,0.714,Regional NGO (global South base),rule,home country is low/middle-income but only 71% of located posts are there
11533,Anthrologica,Other,United Kingdom of Great Britain and Northern Ireland,High income,6,0,,Other,ReliefWeb type,
50482,Anti-Racism Movement,Non-governmental Organization,Lebanon,Lower middle income,6,5,1.0,Locally based NGO,rule,home country is low/middle-income and 100% of located posts are there
50410,Asia Pacific Forum of National Human Rights Institutions,Non-governmental Organization,Australia,High income,6,2,1.0,International NGO,rule,home country is high-income (or not a country in the World Bank list)
14768,Asian Productivity Organization,Non-governmental Organization,Japan,High income,6,6,1.0,International NGO,rule,home country is high-income (or not a country in the World Bank list)
637,Association of International Development Agencies,Non-governmental Organization,occupied Palestinian territory,Lower middle income,6,6,0.833,Locally based NGO,rule,home country is low/middle-income and 83% of located posts are there
50448,Asylum Seekers Information Services Team,Non-governmental Organization,Greece,High income,6,3,1.0,International NGO,rule,home country is high-income (or not a country in the World Bank list)
3018,Aviation sans Frontières Belgique,Non-governmental Organization,Belgium,High income,6,5,0.2,International NGO,rule,home country is high-income (or not a country in the World Bank list)
50765,Ayuda,Non-governmental Organization,United States of America,High income,6,6,1.0,International NGO,rule,home country is high-income (or not a country in the World Bank list)
51839,BDO LLP,Other,United Kingdom of Great Britain and Northern Ireland,High income,6,0,,Other,ReliefWeb type,
4574,Berlin Civil Society Center,Non-governmental Organization,Germany,High income,6,6,1.0,International NGO,rule,home country is high-income (or not a country in the World Bank list)
19751,Boat People SOS,Non-governmental Organization,United States of America,High income,6,6,0.0,International NGO,rule,home country is high-income (or not a country in the World Bank list)
50517,Boxtribute,Non-governmental Organization,Netherlands,High income,6,0,,International NGO,rule,home country is high-income (or not a country in the World Bank list)
25746,Build It International,Non-governmental Organization,United Kingdom of Great Britain and Northern Ireland,High income,6,6,0.0,International NGO,rule,home country is high-income (or not a country in the World Bank list)
12324,CITYNET,Other,Republic of Korea,High income,6,6,1.0,Other,ReliefWeb type,
15077,Cambodian Center for Human Rights,Non-governmental Organization,Cambodia,Lower middle income,6,6,1.0,Locally based NGO,rule,home country is low/middle-income and 100% of located posts are there
13033,Capacity Building of People with Disability in the Community Organization,Non-governmental Organization,Cambodia,Lower middle income,6,6,1.0,Locally based NGO,rule,home country is low/middle-income and 100% of located posts are there
50959,Catalan Agency for Development Cooperation,Government,Spain,High income,6,6,0.0,Government,ReliefWeb type,
49723,Center for Human Rights Defender Association,Non-governmental Organization,France,High income,6,6,0.0,International NGO,rule,home country is high-income (or not a country in the World Bank list)
51760,Centre de Support en Santé Internationale,Non-governmental Organization,Chad,Low income,6,6,0.5,Regional NGO (global South base),rule,home country is low/middle-income but only 50% of located posts are there
45259,"Centre de documentation, de recherche et d’information des peuples autochtones",Academic and Research Institution,Switzerland,High income,6,6,0.833,Academic and Research Institution,ReliefWeb type,
13892,Centre for Security Governance,Academic and Research Institution,Canada,High income,6,0,,Academic and Research Institution,ReliefWeb type,
51201,Centre for Sustainable Peace and Democratic Development,Academic and Research Institution,Cyprus,High income,6,6,0.0,Academic and Research Institution,ReliefWeb type,
51565,Centre of Competence on Humanitarian Negotiation,Other,Switzerland,High income,6,6,1.0,Other,ReliefWeb type,
51726,Child Houses,Non-governmental Organization,Netherlands; United States of America,High income,6,5,0.0,International NGO,rule,home country is high-income (or not a country in the World Bank list)
3669,Children's Investment Fund Foundation,Other,United Kingdom of Great Britain and Northern Ireland,High income,6,7,0.286,Other,ReliefWeb type,
1903,Comitato di Coordinamento delle Organizzazioni per il Servizio Volontario,Non-governmental Organization,Italy,High income,6,6,0.0,International NGO,rule,home country is high-income (or not a country in the World Bank list)
50386,Comité de Coordination des ONGI en RCA,Non-governmental Organization,Central African Republic,Low income,6,6,1.0,Locally based NGO,rule,home country is low/middle-income and 100% of located posts are there
42589,Communication for Development Ltd,Other,United Kingdom of Great Britain and Northern Ireland,High income,6,0,,Other,ReliefWeb type,
12732,Community-based Management of Acute Malnutrition,Non-governmental Organization,United Kingdom of Great Britain and Northern Ireland,High income,6,3,0.0,International NGO,rule,home country is high-income (or not a country in the World Bank list)
1920,Concord,Non-governmental Organization,Belgium,High income,6,6,1.0,International NGO,rule,home country is high-income (or not a country in the World Bank list)
13101,Cotton On Foundation,Non-governmental Organization,Australia,High income,6,6,0.0,International NGO,rule,home country is high-income (or not a country in the World Bank list)
15107,Daryeel Bulsho Guud,Non-governmental Organization,Somalia,Low income,6,6,0.833,Locally based NGO,rule,home country is low/middle-income and 83% of located posts are there
4535,Development Transformations,Other,United States of America,High income,6,6,0.0,Other,ReliefWeb type,
2622,Dutch Committee for Afghanistan - Livestock Programs,Non-governmental Organization,Netherlands,High income,6,6,0.0,International NGO,rule,home country is high-income (or not a country in the World Bank list)
3451,Educational Research Network for West and Central Africa,Academic and Research Institution,Mali,Low income,6,6,1.0,Academic and Research Institution,ReliefWeb type,
3209,Elders,Non-governmental Organization,United Kingdom of Great Britain and Northern Ireland,High income,6,6,1.0,International NGO,rule,home country is high-income (or not a country in the World Bank list)
12847,Elva,Non-governmental Organization,Georgia,Upper middle income,6,2,0.5,Regional NGO (global South base),rule,home country is low/middle-income but only 50% of located posts are there
52274,EmpowerVan,Non-governmental Organization,Switzerland,High income,6,4,0.0,International NGO,rule,home country is high-income (or not a country in the World Bank list)
52328,Empow’Her,Non-governmental Organization,France,High income,6,9,0.0,International NGO,rule,home country is high-income (or not a country in the World Bank list)
51519,Environmental Law Alliance Worldwide,Non-governmental Organization,United States of America,High income,6,1,1.0,International NGO,rule,home country is high-income (or not a country in the World Bank list)
20541,Equity Group Foundation,Non-governmental Organization,Kenya,Lower middle income,6,6,0.833,Locally based NGO,rule,home country is low/middle-income and 83% of located posts are there
4136,European Centre for Minority Issues Kosovo,Non-governmental Organization,Serbia,Upper middle income,6,5,1.0,Locally based NGO,rule,home country is low/middle-income and 100% of located posts are there
563,EveryChild,Non-governmental Organization,United Kingdom of Great Britain and Northern Ireland,High income,6,5,0.8,International NGO,rule,home country is high-income (or not a country in the World Bank list)
49028,FairSquare Projects,Non-governmental Organization,United Kingdom of Great Britain and Northern Ireland,High income,6,6,0.333,International NGO,rule,home country is high-income (or not a country in the World Bank list)
44499,Feminist Approach to Technology,Non-governmental Organization,India,Lower middle income,6,6,1.0,Locally based NGO,rule,home country is low/middle-income and 100% of located posts are there
49813,First Step Cambodia,Non-governmental Organization,Cambodia,Lower middle income,6,6,1.0,Locally based NGO,rule,home country is low/middle-income and 100% of located posts are there
44904,Fistula Foundation,Non-governmental Organization,United States of America,High income,6,6,0.833,International NGO,rule,home country is high-income (or not a country in the World Bank list)
14201,Fondation Panzi RDC,Non-governmental Organization,Democratic Republic of the Congo,Low income,6,6,1.0,Locally based NGO,rule,home country is low/middle-income and 100% of located posts are there
29091,France Médias Monde,Non-governmental Organization,France,High income,6,5,0.8,International NGO,rule,home country is high-income (or not a country in the World Bank list)
8342,Friends of the Earth Europe,Other,Belgium,High income,6,6,1.0,Other,ReliefWeb type,
50553,Fundación A-KASA,Non-governmental Organization,Colombia,Upper middle income,6,5,1.0,Locally based NGO,rule,home country is low/middle-income and 100% of located posts are there
47818,Global Antibiotic Research and Development Partnership,Non-governmental Organization,Switzerland,High income,6,2,0.5,International NGO,rule,home country is high-income (or not a country in the World Bank list)
31336,Global Fund for Cities Development,Non-governmental Organization,France,High income,6,6,0.0,International NGO,rule,home country is high-income (or not a country in the World Bank list)
12972,Global Giving UK,Non-governmental Organization,United Kingdom of Great Britain and Northern Ireland,High income,6,5,0.8,International NGO,rule,home country is high-income (or not a country in the World Bank list)
51306,Global Network of People living with HIV,Non-governmental Organization,Netherlands,High income,6,2,0.0,International NGO,rule,home country is high-income (or not a country in the World Bank list)
2743,Good Neighbors International,Non-governmental Organization,Republic of Korea,High income,6,6,0.0,International NGO,rule,home country is high-income (or not a country in the World Bank list)
451,Government of France,Government,France,High income,6,12,0.0,Government,ReliefWeb type,
50791,Habibi Association,Non-governmental Organization,Italy; Jordan,High income; Upper middle income,6,6,1.0,International NGO,rule,home country is high-income (or not a country in the World Bank list)
11021,Hand in Hand,Non-governmental Organization,United Kingdom of Great Britain and Northern Ireland,High income,6,6,0.167,International NGO,rule,home country is high-income (or not a country in the World Bank list)
10311,Human Rights Education Institute of Burma,Non-governmental Organization,Thailand,Upper middle income,6,6,0.167,Regional NGO (global South base),rule,home country is low/middle-income but only 17% of located posts are there
12402,Humanitarian Resources Group,Other,United States of America,High income,6,4,0.0,Other,ReliefWeb type,
50995,Humanity for Sustainable Development,Non-governmental Organization,Kenya,Lower middle income,6,2,1.0,Locally based NGO,rule,home country is low/middle-income and 100% of located posts are there
4465,Hunter College,Academic and Research Institution,United States of America,High income,6,6,0.0,Academic and Research Institution,ReliefWeb type,
3579,IDS-HAMKAAR,Other,Afghanistan,Low income,6,6,1.0,Other,ReliefWeb type,
39734,ILGA-Europe,Non-governmental Organization,Belgium,High income,6,6,1.0,International NGO,rule,home country is high-income (or not a country in the World Bank list)
10239,IMPAQ International,Other,United States of America,High income,6,6,0.0,Other,ReliefWeb type,
21966,"INSTITUT POUR LA RECHERCHE, LE DEVELOPPEMENT SOCIO-ECONOMIQUE ET LA COMMUNICATION",Non-governmental Organization,Cameroon,Lower middle income,6,6,1.0,Locally based NGO,rule,home country is low/middle-income and 100% of located posts are there
10022,ITAD,Other,United States of America,High income,6,6,0.0,Other,ReliefWeb type,
51974,Innovation Consulting & Solutions,Other,United Kingdom of Great Britain and Northern Ireland,High income,6,0,,Other,ReliefWeb type,
50726,Innovation Norway,Government,Norway,High income,6,0,,Government,ReliefWeb type,
9671,Institute for Human Rights and Development in Africa,Non-governmental Organization,Gambia,Low income,6,6,1.0,Locally based NGO,rule,home country is low/middle-income and 100% of located posts are there
2186,Inter-agency Network for Education in Emergencies,International Organization,United States of America,High income,6,4,0.25,International Organization,ReliefWeb type,
1364,International Blue Crescent Relief and Development Foundation,Non-governmental Organization,Türkiye,Upper middle income,6,5,1.0,Locally based NGO,rule,based in Türkiye or Syria: treated as locally based (Syria response)
46109,International Campaign for Women's Right to Safe Abortion,Non-governmental Organization,Peru,Upper middle income,6,5,0.0,Regional NGO (global South base),rule,home country is low/middle-income but only 0% of located posts are there
44729,International Legal Assistance Consortium,Other,Sweden,High income,6,4,0.75,Other,ReliefWeb type,
45939,International Refugee Trust,Non-governmental Organization,United Kingdom of Great Britain and Northern Ireland,High income,6,6,1.0,International NGO,rule,home country is high-income (or not a country in the World Bank list)
50795,Intersex Asia,Non-governmental Organization,Thailand,Upper middle income,6,2,0.0,Regional NGO (global South base),rule,home country is low/middle-income but only 0% of located posts are there
51571,Islamic Relief Pakistan,Non-governmental Organization,Pakistan,Lower middle income,6,6,1.0,Locally based NGO,rule,home country is low/middle-income and 100% of located posts are there
4313,Italian Association for Solidarity among People,Non-governmental Organization,Italy,High income,6,6,0.0,International NGO,rule,home country is high-income (or not a country in the World Bank list)
3200,KALU - Humanitarian Aid Studies Centre,Other,Spain,High income,6,3,0.333,Other,ReliefWeb type,
9458,Kenya Pharma,Non-governmental Organization,Kenya,Lower middle income,6,6,1.0,Locally based NGO,rule,home country is low/middle-income and 100% of located posts are there
2751,KfW Development Bank,Other,Germany,High income,6,7,0.0,Other,ReliefWeb type,
51257,Kwame Nkrumah University of Science and Technology,Academic and Research Institution,Ghana,Lower middle income,6,7,0.714,Academic and Research Institution,ReliefWeb type,
11461,La Isla Foundation,Non-governmental Organization,Nicaragua,Lower middle income,6,6,1.0,Locally based NGO,rule,home country is low/middle-income and 100% of located posts are there
15506,Lapis - Moby Group,Media,Afghanistan,Low income,6,6,0.167,Media,ReliefWeb type,
49683,Life Makers Foundation,Non-governmental Organization,Egypt,Lower middle income,6,6,1.0,Locally based NGO,rule,home country is low/middle-income and 100% of located posts are there
11186,"Liverpool VCT, Care & Treatment (LVCT)",Non-governmental Organization,Kenya,Lower middle income,6,6,1.0,Locally based NGO,rule,home country is low/middle-income and 100% of located posts are there
1342,MANGO,Non-governmental Organization,United Kingdom of Great Britain and Northern Ireland,High income,6,4,0.5,International NGO,rule,home country is high-income (or not a country in the World Bank list)
4252,Meds and Food for Kids,Non-governmental Organization,United States of America,High income,6,6,0.167,International NGO,rule,home country is high-income (or not a country in the World Bank list)
26286,Mekong Institute,Non-governmental Organization,Cambodia,Lower middle income,6,6,0.0,Regional NGO (global South base),rule,home country is low/middle-income but only 0% of located posts are there
52249,Millennium Challenge Account-Timor Leste,Government,Timor-Leste,Lower middle income,6,6,1.0,Government,ReliefWeb type,
48863,Mission Alliance,Non-governmental Organization,Norway,High income,6,6,0.0,International NGO,rule,home country is high-income (or not a country in the World Bank list)
8683,Moroccan Children’s Trust (MCT),Non-governmental Organization,United Kingdom of Great Britain and Northern Ireland,High income,6,6,0.5,International NGO,rule,home country is high-income (or not a country in the World Bank list)
2693,Motivation,Non-governmental Organization,United Kingdom of Great Britain and Northern Ireland,High income,6,6,0.667,International NGO,rule,home country is high-income (or not a country in the World Bank list)
47963,Mundubat,Non-governmental Organization,Spain,High income,6,7,0.143,International NGO,rule,home country is high-income (or not a country in the World Bank list)
15203,Médecins Sans Frontières Logistique,Non-governmental Organization,France,High income,6,9,0.556,International NGO,rule,home country is high-income (or not a country in the World Bank list)
3908,NATO Civil-Military Fusion Centre,International Organization,United States of America,High income,6,5,1.0,International Organization,ReliefWeb type,
20991,NFCC International,Non-governmental Organization,United States of America,High income,6,6,1.0,International NGO,rule,home country is high-income (or not a country in the World Bank list)
4221,NGO Management School,Non-governmental Organization,Switzerland,High income,6,2,1.0,International NGO,rule,home country is high-income (or not a country in the World Bank list)
8923,New York Academy of Sciences,Academic and Research Institution,United States of America,High income,6,6,1.0,Academic and Research Institution,ReliefWeb type,
3842,No Peace Without Justice,Non-governmental Organization,United States of America,High income,6,6,0.0,International NGO,rule,home country is high-income (or not a country in the World Bank list)
50816,Obsalytics,Other,Canada,High income,6,1,1.0,Other,ReliefWeb type,
3030,PARTICIP,Other,Germany,High income,6,6,0.667,Other,ReliefWeb type,
46369,PM4NGOs,Non-governmental Organization,United States of America,High income,6,0,,International NGO,rule,home country is high-income (or not a country in the World Bank list)
50998,Panzi Foundation,Non-governmental Organization,United States of America,High income,6,4,0.5,International NGO,rule,home country is high-income (or not a country in the World Bank list)
2783,Parliamentary Forum on Small Arms and Light Weapons,Other,Sweden,High income,6,6,1.0,Other,ReliefWeb type,
1144,Partner Aid International,Non-governmental Organization,Germany,High income,6,6,0.0,International NGO,rule,home country is high-income (or not a country in the World Bank list)
11252,Partnership on Avian and Human Pandemic Influenza (PAHI),Other,Viet Nam,Upper middle income,6,5,1.0,Other,ReliefWeb type,
1449,Pax Christi,Non-governmental Organization,Belgium,High income,6,5,1.0,International NGO,rule,home country is high-income (or not a country in the World Bank list)
15515,Peace for Africa & Economic Development,Non-governmental Organization,Kenya,Lower middle income,6,6,1.0,Locally based NGO,rule,home country is low/middle-income and 100% of located posts are there
45824,Platform for International Cooperation on Undocumented Migrants,Non-governmental Organization,Belgium,High income,6,6,1.0,International NGO,rule,home country is high-income (or not a country in the World Bank list)
51216,Precision Development,Non-governmental Organization,United States of America,High income,6,4,0.0,International NGO,rule,home country is high-income (or not a country in the World Bank list)
2910,Prince Leopold Institute of Tropical Medicine,Academic and Research Institution,Belgium,High income,6,6,1.0,Academic and Research Institution,ReliefWeb type,
52018,Project Expedite Justice,Non-governmental Organization,United States of America,High income,6,2,1.0,International NGO,rule,home country is high-income (or not a country in the World Bank list)
8437,Project Medishare,Non-governmental Organization,United States of America,High income,6,6,0.0,International NGO,rule,home country is high-income (or not a country in the World Bank list)
14938,Promundo,Non-governmental Organization,Brazil,Upper middle income,6,8,0.0,Regional NGO (global South base),rule,home country is low/middle-income but only 0% of located posts are there
17451,Protect and Save The Children,Non-governmental Organization,Malaysia,Upper middle income,6,6,1.0,Locally based NGO,rule,home country is low/middle-income and 100% of located posts are there
50869,"Rehabilitation, Education and Community Health",Non-governmental Organization,Iraq,Upper middle income,6,6,1.0,Locally based NGO,rule,home country is low/middle-income and 100% of located posts are there
39124,Rural Education and Agriculture Development Organization,Non-governmental Organization,Somalia,Low income,6,7,0.857,Locally based NGO,rule,home country is low/middle-income and 86% of located posts are there
2443,SOS Sahel,Non-governmental Organization,United Kingdom of Great Britain and Northern Ireland,High income,6,6,0.5,International NGO,rule,home country is high-income (or not a country in the World Bank list)
10695,Safer Edge,Other,United Kingdom of Great Britain and Northern Ireland,High income,6,5,1.0,Other,ReliefWeb type,
13693,Salud por Derecho,Non-governmental Organization,Spain,High income,6,6,1.0,International NGO,rule,home country is high-income (or not a country in the World Bank list)
34056,Same Skies,Non-governmental Organization,Switzerland,High income,6,3,0.0,International NGO,rule,home country is high-income (or not a country in the World Bank list)
46659,Segal Family Foundation,Non-governmental Organization,United States of America,High income,6,9,0.222,International NGO,rule,home country is high-income (or not a country in the World Bank list)
45014,Shaml Coalition,Non-governmental Organization,Türkiye,Upper middle income,6,6,1.0,Locally based NGO,rule,based in Türkiye or Syria: treated as locally based (Syria response)
42359,"Social, Humanitarian, Economical Intervention for Local Development",Other,Lebanon,Lower middle income,6,6,1.0,Other,ReliefWeb type,
14166,Somaliland Youth Development and Voluntary Organization,Non-governmental Organization,Somalia,Low income,6,6,1.0,Locally based NGO,rule,home country is low/middle-income and 100% of located posts are there
1089,Southern African Development Community,International Organization,Botswana,Upper middle income,6,6,0.0,International Organization,ReliefWeb type,
40129,Southern African Development Community Groundwater Management Institute,Other,South Africa,Upper middle income,6,5,1.0,Other,ReliefWeb type,
4268,Strategic Asia,Other,Indonesia,Upper middle income,6,6,1.0,Other,ReliefWeb type,
43089,Sustainable Development Goals Center for Africa,Non-governmental Organization,Rwanda,Low income,6,6,0.667,Regional NGO (global South base),rule,home country is low/middle-income but only 67% of located posts are there
51156,Swiss Federal Department of Foreign Affairs,Government,Switzerland,High income,6,6,0.0,Government,ReliefWeb type,
45004,Syrian Association for supporting humanitarian and development,Non-governmental Organization,Türkiye,Upper middle income,6,6,1.0,Locally based NGO,rule,based in Türkiye or Syria: treated as locally based (Syria response)
45244,Syrian NGO Alliance,Non-governmental Organization,Türkiye,Upper middle income,6,6,1.0,Locally based NGO,rule,based in Türkiye or Syria: treated as locally based (Syria response)
51806,Syrians for Truth and Justice,Non-governmental Organization,France,High income,6,1,1.0,International NGO,rule,home country is high-income (or not a country in the World Bank list)
2035,Technical Centre for Agricultural and Rural Cooperation,Non-governmental Organization,Netherlands,High income,6,5,1.0,International NGO,rule,home country is high-income (or not a country in the World Bank list)
50918,The Association of Commonwealth Universities,Non-governmental Organization,United Kingdom of Great Britain and Northern Ireland,High income,6,6,1.0,International NGO,rule,home country is high-income (or not a country in the World Bank list)
23321,The International Federation of Anti-Leprosy Associations,Non-governmental Organization,Switzerland,High income,6,4,1.0,International NGO,rule,home country is high-income (or not a country in the World Bank list)
26106,The Kaizen Company,Other,United States of America,High income,6,5,0.0,Other,ReliefWeb type,
51731,The Share Trust,Non-governmental Organization,United States of America,High income,6,1,1.0,International NGO,rule,home country is high-income (or not a country in the World Bank list)
1436,UN Conference on Trade and Development,International Organization,Switzerland,High income,6,6,1.0,International Organization,ReliefWeb type,
1737,UN Department of Economic and Social Affairs,International Organization,United States of America,High income,6,5,1.0,International Organization,ReliefWeb type,
2826,UN Department of Safety and Security,International Organization,United States of America,High income,6,6,0.167,International Organization,ReliefWeb type,
2654,UN Inter-Agency Project on Human Trafficking in the Greater Mekong Sub-region,International Organization,Thailand,Upper middle income,6,6,0.0,International Organization,ReliefWeb type,
2329,UN Office for West Africa,International Organization,Senegal,Lower middle income,6,7,0.429,International Organization,ReliefWeb type,
44749,UNICEF Netherlands,Non-governmental Organization,Netherlands,High income,6,6,0.0,International NGO,rule,home country is high-income (or not a country in the World Bank list)
48228,Ukrainian Red Cross Society,Red Cross/Red Crescent Movement,Ukraine,Upper middle income,6,6,1.0,Red Cross/Red Crescent Movement,ReliefWeb type,
3664,United Cities and Local Governments Asia-Pacific,Other,Indonesia,Upper middle income,6,6,1.0,Other,ReliefWeb type,
29726,Universal Rights Group,Other,Switzerland,High income,6,4,1.0,Other,ReliefWeb type,
2049,University College London,Academic and Research Institution,United Kingdom of Great Britain and Northern Ireland,High income,6,6,0.167,Academic and Research Institution,ReliefWeb type,
12527,University of Chicago,Academic and Research Institution,United States of America,High income,6,6,0.5,Academic and Research Institution,ReliefWeb type,
38369,University of Oslo,Academic and Research Institution,Norway,High income,6,3,1.0,Academic and Research Institution,ReliefWeb type,
12449,University of the Western Cape,Academic and Research Institution,South Africa,Upper middle income,6,6,1.0,Academic and Research Institution,ReliefWeb type,
50518,VIYAN Organization for Medical Relief and Development,Non-governmental Organization,Germany; Iraq,High income; Upper middle income,6,8,0.5,International NGO,rule,home country is high-income (or not a country in the World Bank list)
4289,Volunteers for Economic Growth Alliance,Other,United States of America,High income,6,6,1.0,Other,ReliefWeb type,
38181,Wasafiri Consulting Ltd.,Other,United Kingdom of Great Britain and Northern Ireland,High income,6,4,0.0,Other,ReliefWeb type,
44704,Welfare Association,Non-governmental Organization,occupied Palestinian territory,Lower middle income,6,5,0.6,Regional NGO (global South base),rule,home country is low/middle-income but only 60% of located posts are there
42624,Whitaker Peace & Development Initiative,Non-governmental Organization,United States of America,High income,6,6,0.0,International NGO,rule,home country is high-income (or not a country in the World Bank list)
50509,Women's Global Education Project,Non-governmental Organization,United States of America,High income,6,4,0.0,International NGO,rule,home country is high-income (or not a country in the World Bank list)
11187,World Vision Advocacy Forum,Non-governmental Organization,Nepal,Lower middle income,6,6,1.0,Locally based NGO,rule,home country is low/middle-income and 100% of located posts are there
50627,XOESE The Francophone Women's Fund,Non-governmental Organization,Togo,Lower middle income,6,1,1.0,Locally based NGO,rule,home country is low/middle-income and 100% of located posts are there
15352,Youth to End Sexual Violence,Other,United States of America,High income,6,2,0.0,Other,ReliefWeb type,
29321,7elements,Non-governmental Organization,Dominican Republic,Upper middle income,5,5,1.0,Locally based NGO,rule,home country is low/middle-income and 100% of located posts are there
751,A M Qattan Foundation,Non-governmental Organization,United Kingdom of Great Britain and Northern Ireland,High income,5,5,0.0,International NGO,rule,home country is high-income (or not a country in the World Bank list)
47013,Aangan Trust,Non-governmental Organization,India,Lower middle income,5,5,1.0,Locally based NGO,rule,home country is low/middle-income and 100% of located posts are there
9538,Acid Survivors Trust International,Non-governmental Organization,United Kingdom of Great Britain and Northern Ireland,High income,5,5,0.6,International NGO,rule,home country is high-income (or not a country in the World Bank list)
11685,Afghanistan Peace Education Development Organization,Non-governmental Organization,Afghanistan,Low income,5,5,1.0,Locally based NGO,rule,home country is low/middle-income and 100% of located posts are there
12011,Africa Governance Initiative,Non-governmental Organization,United Kingdom of Great Britain and Northern Ireland,High income,5,9,0.0,International NGO,rule,home country is high-income (or not a country in the World Bank list)
3215,African Vision Malawi,Non-governmental Organization,United Kingdom of Great Britain and Northern Ireland,High income,5,5,0.0,International NGO,rule,home country is high-income (or not a country in the World Bank list)
51968,Agriculteurs Français et Développement International,Non-governmental Organization,France,High income,5,5,0.6,International NGO,rule,home country is high-income (or not a country in the World Bank list)
52303,Aide internationale à l'enfance,Non-governmental Organization,Canada,High income,5,5,0.0,International NGO,rule,home country is high-income (or not a country in the World Bank list)
50284,Amala,Non-governmental Organization,United Kingdom of Great Britain and Northern Ireland,High income,5,5,0.0,International NGO,rule,home country is high-income (or not a country in the World Bank list)
44759,Baraka Humintarian Organization,Non-governmental Organization,Türkiye,Upper middle income,5,5,1.0,Locally based NGO,rule,based in Türkiye or Syria: treated as locally based (Syria response)
50890,Build Health International,Non-governmental Organization,United States of America,High income,5,5,1.0,International NGO,rule,home country is high-income (or not a country in the World Bank list)
9056,C2G Conseil,Other,France,High income,5,2,0.0,Other,ReliefWeb type,
39374,CMI - Chr. Michelsen Institute,Academic and Research Institution,Norway,High income,5,5,1.0,Academic and Research Institution,ReliefWeb type,
49248,Canadian Aid Organization for International Society Rehab,Non-governmental Organization,Canada,High income,5,5,0.0,International NGO,rule,home country is high-income (or not a country in the World Bank list)
51121,Caritas Polska,Non-governmental Organization,Poland,High income,5,5,1.0,International NGO,rule,home country is high-income (or not a country in the World Bank list)
52617,Catalyste+,Non-governmental Organization,Canada,High income,5,11,0.182,International NGO,rule,home country is high-income (or not a country in the World Bank list)
22376,Centre Medical International,Non-governmental Organization,Viet Nam,Upper middle income,5,5,1.0,Locally based NGO,rule,home country is low/middle-income and 100% of located posts are there
23276,Centre d'Ecoute et d'Encadrement pour un Développement Durable,Non-governmental Organization,Senegal,Lower middle income,5,5,1.0,Locally based NGO,rule,home country is low/middle-income and 100% of located posts are there
3386,Centre for Conflict Resolution,Academic and Research Institution,South Africa,Upper middle income,5,5,1.0,Academic and Research Institution,ReliefWeb type,
49228,Centre for Humanitarian Leadership,Academic and Research Institution,Australia,High income,5,2,1.0,Academic and Research Institution,ReliefWeb type,
4015,Cherie Blair Foundation,Non-governmental Organization,United Kingdom of Great Britain and Northern Ireland,High income,5,5,1.0,International NGO,rule,home country is high-income (or not a country in the World Bank list)
52666,Children Not Numbers,Non-governmental Organization,United Kingdom of Great Britain and Northern Ireland,High income,5,2,0.0,International NGO,rule,home country is high-income (or not a country in the World Bank list)
37756,Circle Economy,Non-governmental Organization,Netherlands,High income,5,5,1.0,International NGO,rule,home country is high-income (or not a country in the World Bank list)
48233,Clean Air Fund,Non-governmental Organization,United Kingdom of Great Britain and Northern Ireland,High income,5,3,1.0,International NGO,rule,home country is high-income (or not a country in the World Bank list)
14264,ClientEarth,Other,United Kingdom of Great Britain and Northern Ireland,High income,5,8,0.25,Other,ReliefWeb type,
11452,Coady International Institute,Academic and Research Institution,Canada,High income,5,5,1.0,Academic and Research Institution,ReliefWeb type,
14819,College of Ophthalmology of Eastern Central and Southern Africa,Academic and Research Institution,Kenya,Lower middle income,5,5,1.0,Academic and Research Institution,ReliefWeb type,
44254,College of the Rockies,Academic and Research Institution,Canada,High income,5,5,0.2,Academic and Research Institution,ReliefWeb type,
44784,Communities in Transition,Non-governmental Organization,United States of America,High income,5,5,0.4,International NGO,rule,home country is high-income (or not a country in the World Bank list)
21971,Community Help Community,Non-governmental Organization,Pakistan,Lower middle income,5,4,0.5,Regional NGO (global South base),rule,home country is low/middle-income but only 50% of located posts are there
10505,Cooperation for Peace and Unity,Non-governmental Organization,Afghanistan,Low income,5,5,1.0,Locally based NGO,rule,home country is low/middle-income and 100% of located posts are there
976,Coventry University,Academic and Research Institution,United Kingdom of Great Britain and Northern Ireland,High income,5,5,1.0,Academic and Research Institution,ReliefWeb type,
3667,Cruz Roja Dominicana,Red Cross/Red Crescent Movement,Dominican Republic,Upper middle income,5,5,1.0,Red Cross/Red Crescent Movement,ReliefWeb type,
29146,DMT Consult,Non-governmental Organization,Malawi,Low income,5,5,1.0,Locally based NGO,rule,home country is low/middle-income and 100% of located posts are there
52366,DOZ International,Non-governmental Organization,Germany; Syrian Arab Republic,High income; Low income,5,5,1.0,International NGO,rule,home country is high-income (or not a country in the World Bank list)
2963,DVV International,Academic and Research Institution,Germany,High income,5,5,0.0,Academic and Research Institution,ReliefWeb type,
2219,Damien Foundation,Non-governmental Organization,Belgium,High income,5,5,0.8,International NGO,rule,home country is high-income (or not a country in the World Bank list)
21571,Days for Girls International,Non-governmental Organization,United States of America,High income,5,3,0.667,International NGO,rule,home country is high-income (or not a country in the World Bank list)
3350,Duke University,Academic and Research Institution,United States of America,High income,5,5,0.0,Academic and Research Institution,ReliefWeb type,
10623,ECO Consulting Group,Other,Germany,High income,5,5,0.0,Other,ReliefWeb type,
21336,EMpower,Other,China - Hong Kong (Special Administrative Region),High income,5,10,0.2,Other,ReliefWeb type,
46259,ETI,Non-governmental Organization,Lebanon,Lower middle income,5,5,0.4,Regional NGO (global South base),rule,home country is low/middle-income but only 40% of located posts are there
11631,EUREKA Research,Academic and Research Institution,Afghanistan,Low income,5,5,1.0,Academic and Research Institution,ReliefWeb type,
4164,Eastern Congo Initiative,Non-governmental Organization,United States of America,High income,5,5,0.2,International NGO,rule,home country is high-income (or not a country in the World Bank list)
10085,Educasia,Non-governmental Organization,Myanmar,Lower middle income,5,4,1.0,Locally based NGO,rule,home country is low/middle-income and 100% of located posts are there
9131,Egis Bdpa,Other,France,High income,5,5,0.2,Other,ReliefWeb type,
8738,Emory University,Academic and Research Institution,United States of America,High income,5,5,0.4,Academic and Research Institution,ReliefWeb type,
45364,Emotional Intelligence and life skills training Team,Non-governmental Organization,Sri Lanka,Upper middle income,5,5,1.0,Locally based NGO,rule,home country is low/middle-income and 100% of located posts are there
11487,Enlightened Vision Association,Non-governmental Organization,Switzerland,High income,5,5,1.0,International NGO,rule,home country is high-income (or not a country in the World Bank list)
11623,Environmental Rehabilitation Program,Non-governmental Organization,South Sudan,Low income,5,5,1.0,Locally based NGO,rule,home country is low/middle-income and 100% of located posts are there
50491,Equality Insights,Other,Canada,High income,5,1,1.0,Other,ReliefWeb type,
15503,Ethiopia-Canada Cooperation Office,Government,Ethiopia,Low income,5,5,1.0,Government,ReliefWeb type,
10888,Ethiopian Education Foundation (EEF),Non-governmental Organization,United Kingdom of Great Britain and Northern Ireland,High income,5,5,0.0,International NGO,rule,home country is high-income (or not a country in the World Bank list)
2202,EurAc,Non-governmental Organization,Belgium,High income,5,4,1.0,International NGO,rule,home country is high-income (or not a country in the World Bank list)
25091,Eurasia Partnership Foundation,Non-governmental Organization,Armenia,Upper middle income,5,4,0.0,Regional NGO (global South base),rule,home country is low/middle-income but only 0% of located posts are there
12629,European Centre for Electoral Support,Academic and Research Institution,Belgium,High income,5,4,0.5,Academic and Research Institution,ReliefWeb type,
31416,European Forest Institute,Other,Finland,High income,5,5,0.0,Other,ReliefWeb type,
44549,Fellgroup,Other,United States of America,High income,5,5,0.4,Other,ReliefWeb type,
2505,Fellowship for African Relief,Non-governmental Organization,Sudan,Low income,5,4,1.0,Locally based NGO,rule,home country is low/middle-income and 100% of located posts are there
3950,Firelight Foundation,Non-governmental Organization,United States of America,High income,5,3,1.0,International NGO,rule,home country is high-income (or not a country in the World Bank list)
51770,Focsiv ETS,Non-governmental Organization,Italy,High income,5,5,0.0,International NGO,rule,home country is high-income (or not a country in the World Bank list)
9693,Gender and Mine Action Programme,Other,Switzerland,High income,5,5,1.0,Other,ReliefWeb type,
50584,German Institute for Development Evaluation,Academic and Research Institution,Germany,High income,5,5,0.2,Academic and Research Institution,ReliefWeb type,
15602,Glencree Centre for Peace and Reconciliation,Non-governmental Organization,Ireland,High income,5,5,1.0,International NGO,rule,home country is high-income (or not a country in the World Bank list)
52150,Global Impact Consultancy Limited,Other,United Kingdom of Great Britain and Northern Ireland,High income,5,3,0.0,Other,ReliefWeb type,
52313,Global School Leaders,Non-governmental Organization,United States of America,High income,5,11,0.0,International NGO,rule,home country is high-income (or not a country in the World Bank list)
762,Government of Ecuador,Government,Ecuador,Upper middle income,5,5,1.0,Government,ReliefWeb type,
39924,HELP Logistics,Other,Switzerland,High income,5,5,0.0,Other,ReliefWeb type,
50394,HOPE Worldwide Kenya,Non-governmental Organization,Kenya,Lower middle income,5,5,1.0,Locally based NGO,rule,home country is low/middle-income and 100% of located posts are there
11322,HS & BR,Other,Haiti,Lower middle income,5,5,1.0,Other,ReliefWeb type,
28276,Haitian Education & Leadership Program,Non-governmental Organization,Haiti,Lower middle income,5,5,1.0,Locally based NGO,rule,home country is low/middle-income and 100% of located posts are there
10936,Harapan Rainforest,Other,Indonesia,Upper middle income,5,5,1.0,Other,ReliefWeb type,
45034,Health Works,Non-governmental Organization,Netherlands,High income,5,5,0.4,International NGO,rule,home country is high-income (or not a country in the World Bank list)
51976,Heartland Alliance International,Non-governmental Organization,United States of America,High income,5,5,0.0,International NGO,rule,home country is high-income (or not a country in the World Bank list)
14753,Hope Foundation,Non-governmental Organization,Germany,High income,5,5,1.0,International NGO,rule,home country is high-income (or not a country in the World Bank list)
13662,Horn of Africa Regional Environment Centre and Network,Academic and Research Institution,Ethiopia,Low income,5,5,1.0,Academic and Research Institution,ReliefWeb type,
50908,HuMENA for Human Rights and Civic Engagement,Non-governmental Organization,Belgium,High income,5,1,0.0,International NGO,rule,home country is high-income (or not a country in the World Bank list)
42739,Human Dignity,Non-governmental Organization,France,High income,5,1,1.0,International NGO,rule,home country is high-income (or not a country in the World Bank list)
13613,Human Network International,Non-governmental Organization,United States of America,High income,5,4,0.0,International NGO,rule,home country is high-income (or not a country in the World Bank list)
37736,Human Rights House Foundation,Non-governmental Organization,Norway,High income,5,4,0.0,International NGO,rule,home country is high-income (or not a country in the World Bank list)
4151,Human Rights House Network,Non-governmental Organization,Kenya,Lower middle income,5,5,0.0,Regional NGO (global South base),rule,home country is low/middle-income but only 0% of located posts are there
25266,Humanitarian Logistics Association,Non-governmental Organization,United Kingdom of Great Britain and Northern Ireland,High income,5,2,1.0,International NGO,rule,home country is high-income (or not a country in the World Bank list)
45754,Impact Water,Other,United States of America,High income,5,6,0.167,Other,ReliefWeb type,
51586,Inkomoko,Other,Rwanda; United States of America,High income; Low income,5,13,0.308,Other,ReliefWeb type,
4546,Institute of International Education/Southeast Asia,Academic and Research Institution,Thailand,Upper middle income,5,5,1.0,Academic and Research Institution,ReliefWeb type,
10747,Inter-University Postgraduate Program (PTCI),Academic and Research Institution,Burkina Faso,Low income,5,5,1.0,Academic and Research Institution,ReliefWeb type,
23876,International Center for Children and Family,Non-governmental Organization,Italy,High income,5,5,0.0,International NGO,rule,home country is high-income (or not a country in the World Bank list)
1201,International Council on Human Rights Policy,Non-governmental Organization,Switzerland,High income,5,5,1.0,International NGO,rule,home country is high-income (or not a country in the World Bank list)
51764,International Psychosocial Organisation,Non-governmental Organization,Germany,High income,5,0,,International NGO,rule,home country is high-income (or not a country in the World Bank list)
1096,International Relief Teams,Non-governmental Organization,United States of America,High income,5,5,1.0,International NGO,rule,home country is high-income (or not a country in the World Bank list)
3117,Iram,Non-governmental Organization,France,High income,5,5,0.0,International NGO,rule,home country is high-income (or not a country in the World Bank list)
11193,Iraqi Mine UXO Clearance Organization,Non-governmental Organization,Iraq,Upper middle income,5,5,1.0,Locally based NGO,rule,home country is low/middle-income and 100% of located posts are there
51064,JMO Communications,Other,United States of America,High income,5,1,1.0,Other,ReliefWeb type,
51164,Jugend Eine Welt,Non-governmental Organization,Austria,High income,5,4,0.0,International NGO,rule,home country is high-income (or not a country in the World Bank list)
3517,Junior Achievement,Non-governmental Organization,United States of America,High income,5,5,0.0,International NGO,rule,home country is high-income (or not a country in the World Bank list)
26736,KISIMA Peace & Development,Non-governmental Organization,Somalia,Low income,5,5,1.0,Locally based NGO,rule,home country is low/middle-income and 100% of located posts are there
40849,KTK-BELT,Non-governmental Organization,United States of America,High income,5,5,0.0,International NGO,rule,home country is high-income (or not a country in the World Bank list)
19791,Kids Home Foundation,Non-governmental Organization,Thailand,Upper middle income,5,5,1.0,Locally based NGO,rule,home country is low/middle-income and 100% of located posts are there
8682,Konrad Adenauer Stiftung (KAS),Other,Germany,High income,5,8,0.0,Other,ReliefWeb type,
12143,L'Ecole de Choix - School of Choice,Non-governmental Organization,United States of America,High income,5,5,0.0,International NGO,rule,home country is high-income (or not a country in the World Bank list)
2484,LEPRA,Non-governmental Organization,United Kingdom of Great Britain and Northern Ireland,High income,5,4,1.0,International NGO,rule,home country is high-income (or not a country in the World Bank list)
4085,La Guilde,Non-governmental Organization,France,High income,5,5,0.8,International NGO,rule,home country is high-income (or not a country in the World Bank list)
47449,Laissez-Passer,Non-governmental Organization,Estonia,High income,5,1,0.0,International NGO,rule,home country is high-income (or not a country in the World Bank list)
1607,Landell Mills Ltd.,Other,United Kingdom of Great Britain and Northern Ireland,High income,5,5,0.2,Other,ReliefWeb type,
3062,Lifewater,Non-governmental Organization,United States of America,High income,5,4,1.0,International NGO,rule,home country is high-income (or not a country in the World Bank list)
37021,Live & Learn Environmental Education,Other,Australia,High income,5,9,0.333,Other,ReliefWeb type,
4464,Ma'an Network,Media,occupied Palestinian territory,Lower middle income,5,5,1.0,Media,ReliefWeb type,
45234,Macro Vantage Levant,Other,United Arab Emirates,High income,5,5,0.0,Other,ReliefWeb type,
11846,Man-Rod Academy,Non-governmental Organization,United States of America,High income,5,4,0.0,International NGO,rule,home country is high-income (or not a country in the World Bank list)
2549,Maxwell Stamp,Other,United Kingdom of Great Britain and Northern Ireland,High income,5,5,0.4,Other,ReliefWeb type,
52307,Medical Aid Films,Non-governmental Organization,United Kingdom of Great Britain and Northern Ireland,High income,5,3,0.667,International NGO,rule,home country is high-income (or not a country in the World Bank list)
44434,Medical Committee Netherlands-Vietnam,Non-governmental Organization,Netherlands,High income,5,5,0.0,International NGO,rule,home country is high-income (or not a country in the World Bank list)
10300,Mountain Societies Development Support Programme (MSDSP),Other,Tajikistan,Lower middle income,5,5,0.6,Other,ReliefWeb type,
52652,Movement in Refuge,Non-governmental Organization,United States of America,High income,5,0,,International NGO,rule,home country is high-income (or not a country in the World Bank list)
45944,NCVO,Non-governmental Organization,United Kingdom of Great Britain and Northern Ireland,High income,5,5,1.0,International NGO,rule,home country is high-income (or not a country in the World Bank list)
2038,"NGO Working Group on Women, Peace and Security",Non-governmental Organization,United States of America,High income,5,5,1.0,International NGO,rule,home country is high-income (or not a country in the World Bank list)
1794,NOHA Network on Humanitarian Action,Academic and Research Institution,World,Not classified,5,5,0.0,Academic and Research Institution,ReliefWeb type,
9137,National Alliance of State and Territorial AIDS Directors,Other,United States of America,High income,5,5,0.2,Other,ReliefWeb type,
11566,Nature Iraq,Non-governmental Organization,Iraq,Upper middle income,5,5,1.0,Locally based NGO,rule,home country is low/middle-income and 100% of located posts are there
11550,Nippon International Cooperation for Community Development,Non-governmental Organization,Japan,High income,5,5,0.0,International NGO,rule,home country is high-income (or not a country in the World Bank list)
10310,Non State Actors Support Programme,Government,Kenya,Lower middle income,5,5,1.0,Government,ReliefWeb type,
50675,Norwegian Association of Disabled,Non-governmental Organization,Norway,High income,5,2,0.0,International NGO,rule,home country is high-income (or not a country in the World Bank list)
13674,Not for Sale,Non-governmental Organization,United States of America,High income,5,5,0.6,International NGO,rule,home country is high-income (or not a country in the World Bank list)
50505,ORB International,Academic and Research Institution,United States of America,High income,5,6,0.0,Academic and Research Institution,ReliefWeb type,
9203,One Disease at a Time,Non-governmental Organization,Australia,High income,5,5,1.0,International NGO,rule,home country is high-income (or not a country in the World Bank list)
50757,Operations and Policy Center,Other,Türkiye,Upper middle income,5,3,1.0,Other,ReliefWeb type,
28561,Pakistan Poverty Alleviation Fund,Non-governmental Organization,Pakistan,Lower middle income,5,5,1.0,Locally based NGO,rule,home country is low/middle-income and 100% of located posts are there
12010,Partners in the Horn of Africa,Non-governmental Organization,Canada,High income,5,5,0.0,International NGO,rule,home country is high-income (or not a country in the World Bank list)
51443,Pasteur Network,Academic and Research Institution,France,High income,5,3,0.667,Academic and Research Institution,ReliefWeb type,
13169,Paz y Desarrollo,Non-governmental Organization,Spain,High income,5,7,0.0,International NGO,rule,home country is high-income (or not a country in the World Bank list)
1322,People In Aid,Non-governmental Organization,United Kingdom of Great Britain and Northern Ireland,High income,5,5,0.8,International NGO,rule,home country is high-income (or not a country in the World Bank list)
51798,Progress Inc.,Other,Nepal,Lower middle income,5,2,0.0,Other,ReliefWeb type,
52336,Protect Humanitarians,Non-governmental Organization,Belgium,High income,5,5,0.8,International NGO,rule,home country is high-income (or not a country in the World Bank list)
3269,RESULTS Educational Fund,Non-governmental Organization,United States of America,High income,5,5,0.0,International NGO,rule,home country is high-income (or not a country in the World Bank list)
51276,Raising The Village,Non-governmental Organization,Uganda,Low income,5,5,0.0,Regional NGO (global South base),rule,home country is low/middle-income but only 0% of located posts are there
37796,Raks Thai Foundation,Non-governmental Organization,Thailand,Upper middle income,5,5,1.0,Locally based NGO,rule,home country is low/middle-income and 100% of located posts are there
49338,ReDI School of Digital Integration,Non-governmental Organization,Germany,High income,5,5,1.0,International NGO,rule,home country is high-income (or not a country in the World Bank list)
51255,Refugee Info Bus,Non-governmental Organization,United Kingdom of Great Britain and Northern Ireland,High income,5,5,0.0,International NGO,rule,home country is high-income (or not a country in the World Bank list)
43924,Refugee Rights Europe,Non-governmental Organization,United Kingdom of Great Britain and Northern Ireland,High income,5,4,1.0,International NGO,rule,home country is high-income (or not a country in the World Bank list)
51868,Rikolto,Non-governmental Organization,Belgium,High income,5,4,0.0,International NGO,rule,home country is high-income (or not a country in the World Bank list)
52338,SHAHKAR,Non-governmental Organization,Afghanistan,Low income,5,5,1.0,Locally based NGO,rule,home country is low/middle-income and 100% of located posts are there
50977,SOLIDARITY RESPECT & PROTECT,Non-governmental Organization,Türkiye,Upper middle income,5,5,1.0,Locally based NGO,rule,based in Türkiye or Syria: treated as locally based (Syria response)
50429,Saba Relief,Non-governmental Organization,United Kingdom of Great Britain and Northern Ireland,High income,5,3,1.0,International NGO,rule,home country is high-income (or not a country in the World Bank list)
25931,Sanayee Development Organization,Non-governmental Organization,Afghanistan,Low income,5,5,0.8,Locally based NGO,rule,home country is low/middle-income and 80% of located posts are there
34121,Sanivation,Non-governmental Organization,Kenya,Lower middle income,5,5,1.0,Locally based NGO,rule,home country is low/middle-income and 100% of located posts are there
50548,Save Somali Women and Children,Non-governmental Organization,Somalia,Low income,5,5,1.0,Locally based NGO,rule,home country is low/middle-income and 100% of located posts are there
51739,Scruples Research,Other,Estonia,High income,5,12,0.0,Other,ReliefWeb type,
8422,Shayler Foundation,Non-governmental Organization,United Kingdom of Great Britain and Northern Ireland,High income,5,3,1.0,International NGO,rule,home country is high-income (or not a country in the World Bank list)
1690,Shining Life Children's Trust,Non-governmental Organization,United Kingdom of Great Britain and Northern Ireland,High income,5,5,0.0,International NGO,rule,home country is high-income (or not a country in the World Bank list)
45309,Shri Vishwakarma Foundation,Non-governmental Organization,India,Lower middle income,5,5,1.0,Locally based NGO,rule,home country is low/middle-income and 100% of located posts are there
48663,Similie,Non-governmental Organization,Timor-Leste,Lower middle income,5,5,1.0,Locally based NGO,rule,home country is low/middle-income and 100% of located posts are there
3953,Social Capital Bank,Other,Denmark,High income,5,11,0.0,Other,ReliefWeb type,
12838,Society for International Development,Non-governmental Organization,United States of America,High income,5,5,0.6,International NGO,rule,home country is high-income (or not a country in the World Bank list)
2313,Somali Animal Health Services Project,Non-governmental Organization,Kenya,Lower middle income,5,5,0.2,Regional NGO (global South base),rule,home country is low/middle-income but only 20% of located posts are there
15385,Sonja Kill Memorial Hospital,Other,Cambodia,Lower middle income,5,5,1.0,Other,ReliefWeb type,
14997,Southern Africa Litigation Centre,Non-governmental Organization,South Africa,Upper middle income,5,5,1.0,Locally based NGO,rule,home country is low/middle-income and 100% of located posts are there
11030,Sustainet East Africa,Non-governmental Organization,Kenya,Lower middle income,5,5,0.4,Regional NGO (global South base),rule,home country is low/middle-income but only 40% of located posts are there
13673,TFO Canada,Other,Canada,High income,5,5,1.0,Other,ReliefWeb type,
50369,"Tactics Group, LLC",Non-governmental Organization,United States of America,High income,5,5,0.0,International NGO,rule,home country is high-income (or not a country in the World Bank list)
10171,Tanzania Natural Resource Forum,Other,United Republic of Tanzania,Lower middle income,5,5,1.0,Other,ReliefWeb type,
43064,The African Foundation for Development,Non-governmental Organization,United Kingdom of Great Britain and Northern Ireland,High income,5,5,0.8,International NGO,rule,home country is high-income (or not a country in the World Bank list)
52113,The Better Cotton Initiative,Non-governmental Organization,United Kingdom of Great Britain and Northern Ireland,High income,5,14,0.286,International NGO,rule,home country is high-income (or not a country in the World Bank list)
50850,The ELMA Philanthropies Services,Other,United States of America,High income,5,5,0.4,Other,ReliefWeb type,
45144,The Freedom Story,Non-governmental Organization,United States of America,High income,5,5,0.0,International NGO,rule,home country is high-income (or not a country in the World Bank list)
40453,The Learning Institute,Other,Cambodia,Lower middle income,5,5,1.0,Other,ReliefWeb type,
13827,The Lego Foundation,Other,Denmark,High income,5,8,0.375,Other,ReliefWeb type,
11715,The Mastercard Foundation,Non-governmental Organization,Canada,High income,5,6,0.667,International NGO,rule,home country is high-income (or not a country in the World Bank list)
13166,The School Club Zambia,Non-governmental Organization,Zambia,Lower middle income,5,5,1.0,Locally based NGO,rule,home country is low/middle-income and 100% of located posts are there
29106,Trek Medics International,Non-governmental Organization,United States of America,High income,5,2,0.0,International NGO,rule,home country is high-income (or not a country in the World Bank list)
47544,Trust for Democratic Education and Accountability,Non-governmental Organization,Pakistan,Lower middle income,5,5,1.0,Locally based NGO,rule,home country is low/middle-income and 100% of located posts are there
51746,U-Saved,Non-governmental Organization,Ukraine,Upper middle income,5,5,1.0,Locally based NGO,rule,home country is low/middle-income and 100% of located posts are there
4316,UN Organization Stabilization Mission in the Democratic Republic of the Congo,International Organization,Democratic Republic of the Congo,Low income,5,5,1.0,International Organization,ReliefWeb type,
16556,United Nations Regional Centre for Peace and Disarmament in Africa,International Organization,Togo,Lower middle income,5,4,0.5,International Organization,ReliefWeb type,
45614,Uraia Trust,Non-governmental Organization,Kenya,Lower middle income,5,5,1.0,Locally based NGO,rule,home country is low/middle-income and 100% of located posts are there
13326,VHS Bhaktapur,Non-governmental Organization,Nepal,Lower middle income,5,5,1.0,Locally based NGO,rule,home country is low/middle-income and 100% of located posts are there
25286,Varkey Foundation,Non-governmental Organization,United Kingdom of Great Britain and Northern Ireland,High income,5,5,0.0,International NGO,rule,home country is high-income (or not a country in the World Bank list)
51298,Vita,Non-governmental Organization,Ireland,High income,5,5,0.4,International NGO,rule,home country is high-income (or not a country in the World Bank list)
1005,Voluntary Organisations in Cooperation in Emergencies,Non-governmental Organization,Belgium,High income,5,5,1.0,International NGO,rule,home country is high-income (or not a country in the World Bank list)
10856,Wageningen University & Research,Academic and Research Institution,Netherlands,High income,5,3,1.0,Academic and Research Institution,ReliefWeb type,
10247,Water Supply and Sanitation Collaborative Council,International Organization,Switzerland,High income,5,3,1.0,International Organization,ReliefWeb type,
4273,Whole Child International,Non-governmental Organization,United States of America,High income,5,5,0.4,International NGO,rule,home country is high-income (or not a country in the World Bank list)
2086,Women's Campaign International,Non-governmental Organization,United States of America,High income,5,5,0.8,International NGO,rule,home country is high-income (or not a country in the World Bank list)
50986,WomenStrong International,Non-governmental Organization,United States of America,High income,5,0,,International NGO,rule,home country is high-income (or not a country in the World Bank list)
15079,World Action Fund,Non-governmental Organization,Uganda,Low income,5,4,0.5,Regional NGO (global South base),rule,home country is low/middle-income but only 50% of located posts are there
16036,World Education Australia,Non-governmental Organization,Australia,High income,5,5,0.0,International NGO,rule,home country is high-income (or not a country in the World Bank list)
4406,World Initiative for Soy in Human Health,Other,United States of America,High income,5,5,0.0,Other,ReliefWeb type,
12981,Yei Teacher Training College,Academic and Research Institution,South Sudan,Low income,5,5,1.0,Academic and Research Institution,ReliefWeb type,
47873,Youth Advocates Ghana,Non-governmental Organization,Ghana,Lower middle income,5,5,1.0,Locally based NGO,rule,home country is low/middle-income and 100% of located posts are there
29921,Zimbabwe National Network for People Living with HIV/AIDS,Non-governmental Organization,Zimbabwe,Lower middle income,5,5,1.0,Locally based NGO,rule,home country is low/middle-income and 100% of located posts are there
4195,evaplan GmbH at the University Hospital Heidelberg,Other,Germany,High income,5,5,0.6,Other,ReliefWeb type,
45384,i-Care Foundation,Non-governmental Organization,Pakistan,Lower middle income,5,5,1.0,Locally based NGO,rule,home country is low/middle-income and 100% of located posts are there
45819,impactfulAID,Other,United Kingdom of Great Britain and Northern Ireland,High income,5,1,0.0,Other,ReliefWeb type,
12462,Étude Économique Conseil,Other,Canada,High income,5,5,0.0,Other,ReliefWeb type,
47419,11.11.11,Other,Belgium,High income,4,4,0.25,Other,ReliefWeb type,
30946,17 Triggers,Other,Cambodia,Lower middle income,4,4,1.0,Other,ReliefWeb type,
52308,AF Development Care,Other,India,Lower middle income,4,4,0.0,Other,ReliefWeb type,
51023,AIFO Liberia,Non-governmental Organization,Liberia,Low income,4,4,1.0,Locally based NGO,rule,home country is low/middle-income and 100% of located posts are there
12603,AMURT-Haiti,Non-governmental Organization,Haiti,Lower middle income,4,4,1.0,Locally based NGO,rule,home country is low/middle-income and 100% of located posts are there
50899,Accountability Counsel,Non-governmental Organization,United States of America,High income,4,3,0.333,International NGO,rule,home country is high-income (or not a country in the World Bank list)
50342,Accountable Now,Non-governmental Organization,Germany,High income,4,2,1.0,International NGO,rule,home country is high-income (or not a country in the World Bank list)
813,Actions de Solidarité Internationale,Non-governmental Organization,Congo,Lower middle income,4,4,0.5,Regional NGO (global South base),rule,home country is low/middle-income but only 50% of located posts are there
811,Adalah,Non-governmental Organization,Israel,High income,4,3,1.0,International NGO,rule,home country is high-income (or not a country in the World Bank list)
360,Afghanistan Information Management Service,International Organization,Afghanistan,Low income,4,4,0.5,International Organization,ReliefWeb type,
4250,Afghanistan Public Policy Research Organization,Non-governmental Organization,Afghanistan,Low income,4,4,0.75,Regional NGO (global South base),rule,home country is low/middle-income but only 75% of located posts are there
11269,Afghanpharma,Other,Afghanistan,Low income,4,4,1.0,Other,ReliefWeb type,
3333,African Centre for Security and Development Praxis (ACSIP),Other,South Africa,Upper middle income,4,1,1.0,Other,ReliefWeb type,
13974,African Forum for Agricultural Advisory Services,Other,Uganda,Low income,4,3,1.0,Other,ReliefWeb type,
51566,African Visionary Fund,Non-governmental Organization,United States of America,High income,4,0,,International NGO,rule,home country is high-income (or not a country in the World Bank list)
3091,Afromedi@net,Other,France,High income,4,3,1.0,Other,ReliefWeb type,
2187,Agencia Española de Cooperación Internacional para el Desarrollo,Government,Spain,High income,4,4,0.0,Government,ReliefWeb type,
44519,Agency for Research and Development Initiative,Non-governmental Organization,South Sudan,Low income,4,3,0.667,Regional NGO (global South base),rule,home country is low/middle-income but only 67% of located posts are there
2064,Al Mezan Center for Human Rights,Non-governmental Organization,occupied Palestinian territory,Lower middle income,4,3,1.0,Locally based NGO,rule,home country is low/middle-income and 100% of located posts are there
37161,Al-Khatim Adlan Centre for Enlightenment and Human Development,Non-governmental Organization,Uganda,Low income,4,4,0.75,Regional NGO (global South base),rule,home country is low/middle-income but only 75% of located posts are there
47863,Al-Shabaka,Non-governmental Organization,occupied Palestinian territory,Lower middle income,4,0,,Regional NGO (global South base),rule,home country is low/middle-income; no posts carry a country
3089,Alive and Kicking UK,Non-governmental Organization,United Kingdom of Great Britain and Northern Ireland,High income,4,4,0.75,International NGO,rule,home country is high-income (or not a country in the World Bank list)
51591,Alma Consult,Other,Somalia,Low income,4,6,0.5,Other,ReliefWeb type,
33741,Antenne de Développement de l’Afrique Francophone Occidentale,Non-governmental Organization,Côte d'Ivoire,Lower middle income,4,3,0.333,Regional NGO (global South base),rule,home country is low/middle-income but only 33% of located posts are there
50705,Arms Trade Treaty Secretariat,International Organization,Switzerland,High income,4,4,1.0,International Organization,ReliefWeb type,
11756,Asean Foundation,International Organization,Indonesia,Upper middle income,4,4,1.0,International Organization,ReliefWeb type,
3384,Association Libanaise pour l'Education et la Formation,Non-governmental Organization,Lebanon,Lower middle income,4,4,1.0,Locally based NGO,rule,home country is low/middle-income and 100% of located posts are there
44474,Avram Corporation,Other,United States of America,High income,4,4,0.0,Other,ReliefWeb type,
29866,BRE Trust,Non-governmental Organization,United Kingdom of Great Britain and Northern Ireland,High income,4,4,1.0,International NGO,rule,home country is high-income (or not a country in the World Bank list)
11640,Beyond 2015,Non-governmental Organization,Belgium,High income,4,3,0.333,International NGO,rule,home country is high-income (or not a country in the World Bank list)
47493,Beyond Zero,Non-governmental Organization,Kenya,Lower middle income,4,4,1.0,Locally based NGO,rule,home country is low/middle-income and 100% of located posts are there
4227,Blue Mountain Project,Non-governmental Organization,Jamaica,Upper middle income,4,4,1.0,Locally based NGO,rule,home country is low/middle-income and 100% of located posts are there
52359,Bodmando Consulting Group,Other,Uganda,Low income,4,3,0.667,Other,ReliefWeb type,
50949,Border Violence Monitoring Network,Non-governmental Organization,Germany,High income,4,0,,International NGO,rule,home country is high-income (or not a country in the World Bank list)
4185,Burma Border Projects,Non-governmental Organization,United States of America,High income,4,3,0.0,International NGO,rule,home country is high-income (or not a country in the World Bank list)
4204,Burma Partnership,Other,Myanmar,Lower middle income,4,4,0.0,Other,ReliefWeb type,
46574,C-lever.org,Non-governmental Organization,Belgium,High income,4,3,1.0,International NGO,rule,home country is high-income (or not a country in the World Bank list)
51415,CBM Kenya,Non-governmental Organization,Kenya,Lower middle income,4,3,1.0,Locally based NGO,rule,home country is low/middle-income and 100% of located posts are there
42634,CELIM,Non-governmental Organization,Italy,High income,4,4,0.0,International NGO,rule,home country is high-income (or not a country in the World Bank list)
49178,CRIMEDIM - Università del Piemonte Orientale,Academic and Research Institution,Italy,High income,4,4,1.0,Academic and Research Institution,ReliefWeb type,
10281,CRIN,Non-governmental Organization,United Kingdom of Great Britain and Northern Ireland,High income,4,2,1.0,International NGO,rule,home country is high-income (or not a country in the World Bank list)
11164,Cambodian Defenders Project,Non-governmental Organization,Cambodia,Lower middle income,4,4,1.0,Locally based NGO,rule,home country is low/middle-income and 100% of located posts are there
3672,Cambridge Education,Other,United Kingdom of Great Britain and Northern Ireland,High income,4,3,0.0,Other,ReliefWeb type,
15234,Canadian Bar Association,Other,Canada,High income,4,3,0.0,Other,ReliefWeb type,
51986,Canadian Lutheran World Relief,Non-governmental Organization,Canada,High income,4,3,0.667,International NGO,rule,home country is high-income (or not a country in the World Bank list)
4499,Caritas Lebanon Migrant Center,Non-governmental Organization,Lebanon,Lower middle income,4,4,1.0,Locally based NGO,rule,home country is low/middle-income and 100% of located posts are there
13722,CasaSito,Non-governmental Organization,Guatemala,Upper middle income,4,4,1.0,Locally based NGO,rule,home country is low/middle-income and 100% of located posts are there
480,Center for Excellence in Disaster Management and Humanitarian Assistance,Academic and Research Institution,United States of America,High income,4,4,1.0,Academic and Research Institution,ReliefWeb type,
48938,Center for International Private Enterprise,Non-governmental Organization,United States of America,High income,4,3,0.0,International NGO,rule,home country is high-income (or not a country in the World Bank list)
50812,Central Asia Institute,Non-governmental Organization,United States of America,High income,4,3,0.333,International NGO,rule,home country is high-income (or not a country in the World Bank list)
50990,Cheshire Services Uganda,Non-governmental Organization,Uganda,Low income,4,4,1.0,Locally based NGO,rule,home country is low/middle-income and 100% of located posts are there
12192,Children Believe,Non-governmental Organization,Canada,High income,4,4,0.0,International NGO,rule,home country is high-income (or not a country in the World Bank list)
48514,Children’s Mission Africa,Non-governmental Organization,Kenya,Lower middle income,4,4,1.0,Locally based NGO,rule,home country is low/middle-income and 100% of located posts are there
51022,Clean Air Asia,Non-governmental Organization,Philippines,Upper middle income,4,4,1.0,Locally based NGO,rule,home country is low/middle-income and 100% of located posts are there
1889,Cleared Ground Demining,Non-governmental Organization,United Kingdom of Great Britain and Northern Ireland,High income,4,4,0.0,International NGO,rule,home country is high-income (or not a country in the World Bank list)
10318,Clock Tower International,Other,United Kingdom of Great Britain and Northern Ireland,High income,4,4,1.0,Other,ReliefWeb type,
51904,Co-operative Development Foundation of Canada,Non-governmental Organization,Canada,High income,4,3,0.333,International NGO,rule,home country is high-income (or not a country in the World Bank list)
51419,Cohere,Non-governmental Organization,Kenya; Uganda; United Kingdom of Great Britain and Northern Ireland,High income; Low income; Lower middle income,4,6,1.0,International NGO,rule,home country is high-income (or not a country in the World Bank list)
47369,Community Advocacy for Relief and Development Organization,Non-governmental Organization,Sierra Leone,Low income,4,1,1.0,Locally based NGO,rule,home country is low/middle-income and 100% of located posts are there
49258,Comusanas,Non-governmental Organization,Mozambique,Low income,4,4,1.0,Locally based NGO,rule,home country is low/middle-income and 100% of located posts are there
11119,Concept Foundation,Non-governmental Organization,Thailand,Upper middle income,4,5,0.4,Regional NGO (global South base),rule,home country is low/middle-income but only 40% of located posts are there
12708,Consorzio Etimos,Other,Italy,High income,4,4,0.5,Other,ReliefWeb type,
10292,Constru Casa,Non-governmental Organization,Guatemala,Upper middle income,4,4,1.0,Locally based NGO,rule,home country is low/middle-income and 100% of located posts are there
50383,Convention Against Torture Initiative,Non-governmental Organization,Switzerland,High income,4,3,1.0,International NGO,rule,home country is high-income (or not a country in the World Bank list)
45189,Coordination Center for the Prevention of Natural Disaster Prevention in Central America,International Organization,Guatemala,Upper middle income,4,3,1.0,International Organization,ReliefWeb type,
50611,Council of the Baltic Sea States,Other,Sweden,High income,4,2,1.0,Other,ReliefWeb type,
42824,Critical Needs Support Foundation,Non-governmental Organization,Iraq,Upper middle income,4,4,1.0,Locally based NGO,rule,home country is low/middle-income and 100% of located posts are there
2167,Cruz Roja Peruana,Red Cross/Red Crescent Movement,Peru,Upper middle income,4,4,1.0,Red Cross/Red Crescent Movement,ReliefWeb type,
4585,"Curamericas Global, Inc.",Media,United States of America,High income,4,4,0.0,Media,ReliefWeb type,
45474,DefendDefenders,Non-governmental Organization,Uganda,Low income,4,4,1.0,Locally based NGO,rule,home country is low/middle-income and 100% of located posts are there
3571,Democracy Council,Other,United States of America,High income,4,3,0.667,Other,ReliefWeb type,
11245,DevCAFE,Non-governmental Organization,Kenya,Lower middle income,4,3,0.333,Regional NGO (global South base),rule,home country is low/middle-income but only 33% of located posts are there
52126,Deve Consult,Other,Réunion (France),Not classified,4,2,1.0,Other,ReliefWeb type,
10714,Development and Education Programme for Daughters and Communities (DEPDC),Non-governmental Organization,Thailand,Upper middle income,4,4,1.0,Locally based NGO,rule,home country is low/middle-income and 100% of located posts are there
47108,Diaconia ECCB,Non-governmental Organization,Czechia,High income,4,4,1.0,International NGO,rule,home country is high-income (or not a country in the World Bank list)
40884,EAGLE Network,Other,Cameroon,Lower middle income,4,4,0.0,Other,ReliefWeb type,
4361,ELG FZE,Other,United Arab Emirates,High income,4,0,,Other,ReliefWeb type,
14459,EU Consulting,Non-governmental Organization,Austria,High income,4,5,0.0,International NGO,rule,home country is high-income (or not a country in the World Bank list)
50043,Eastern Partnership Civil Society Forum,Non-governmental Organization,Belgium,High income,4,4,1.0,International NGO,rule,home country is high-income (or not a country in the World Bank list)
50741,Emerging Impact,Other,United States of America,High income,4,0,,Other,ReliefWeb type,
2229,Entreculturas,Non-governmental Organization,Spain,High income,4,4,0.0,International NGO,rule,home country is high-income (or not a country in the World Bank list)
49448,Equal Rights Beyond Borders,Non-governmental Organization,Germany,High income,4,4,0.0,International NGO,rule,home country is high-income (or not a country in the World Bank list)
417,Equitas,Non-governmental Organization,Canada,High income,4,3,1.0,International NGO,rule,home country is high-income (or not a country in the World Bank list)
15646,Erudait,Non-governmental Organization,United Kingdom of Great Britain and Northern Ireland,High income,4,4,1.0,International NGO,rule,home country is high-income (or not a country in the World Bank list)
51687,Ethical Tea Partnership,Other,United Kingdom of Great Britain and Northern Ireland,High income,4,2,1.0,Other,ReliefWeb type,
29586,"European Agency for the Operational Management of large-scale IT Systems in the Area of Freedom, Security and Justice",Other,Estonia,High income,4,4,0.5,Other,ReliefWeb type,
52056,European Center for Constitutional and Human Rights,Non-governmental Organization,Germany,High income,4,4,1.0,International NGO,rule,home country is high-income (or not a country in the World Bank list)
3402,European Centre for Development Policy Management,Academic and Research Institution,Netherlands,High income,4,3,0.0,Academic and Research Institution,ReliefWeb type,
4127,European Cooperative for Rural Development,Non-governmental Organization,Belgium,High income,4,4,1.0,International NGO,rule,home country is high-income (or not a country in the World Bank list)
2587,European Council on Foreign Relations,Academic and Research Institution,Germany,High income,4,3,0.333,Academic and Research Institution,ReliefWeb type,
48564,"European Union Expert Facility on Employment, Labour and Social Protection",International Organization,Belgium,High income,4,4,0.75,International Organization,ReliefWeb type,
15243,Evidence Aid,Academic and Research Institution,United Kingdom of Great Britain and Northern Ireland,High income,4,4,1.0,Academic and Research Institution,ReliefWeb type,
51562,Evidence for Change,Non-governmental Organization,Kenya,Lower middle income,4,4,0.25,Regional NGO (global South base),rule,home country is low/middle-income but only 25% of located posts are there
2659,FIAN International,Non-governmental Organization,Germany,High income,4,4,1.0,International NGO,rule,home country is high-income (or not a country in the World Bank list)
2620,FORUT,Non-governmental Organization,Norway,High income,4,4,0.0,International NGO,rule,home country is high-income (or not a country in the World Bank list)
2428,Fairtrade Labelling Organizations International,Non-governmental Organization,Germany,High income,4,2,1.0,International NGO,rule,home country is high-income (or not a country in the World Bank list)
11297,Farm Input Promotions Africa,Non-governmental Organization,Kenya,Lower middle income,4,5,0.6,Regional NGO (global South base),rule,home country is low/middle-income but only 60% of located posts are there
50633,Fleet Forum,Other,Switzerland,High income,4,0,,Other,ReliefWeb type,
14748,Florida International University,Academic and Research Institution,United States of America,High income,4,6,0.0,Academic and Research Institution,ReliefWeb type,
41864,Flying Kites,Non-governmental Organization,Kenya,Lower middle income,4,4,1.0,Locally based NGO,rule,home country is low/middle-income and 100% of located posts are there
13842,Focus on Labour Exploitation,Non-governmental Organization,United Kingdom of Great Britain and Northern Ireland,High income,4,4,1.0,International NGO,rule,home country is high-income (or not a country in the World Bank list)
947,Fonkoze,Non-governmental Organization,United States of America,High income,4,4,0.0,International NGO,rule,home country is high-income (or not a country in the World Bank list)
1858,Food Economy Group,Non-governmental Organization,United States of America,High income,4,4,0.25,International NGO,rule,home country is high-income (or not a country in the World Bank list)
46304,Friends of The Global Fund Europe,Non-governmental Organization,France,High income,4,5,0.6,International NGO,rule,home country is high-income (or not a country in the World Bank list)
4306,Friends of the Earth,Non-governmental Organization,Netherlands,High income,4,3,1.0,International NGO,rule,home country is high-income (or not a country in the World Bank list)
50483,Fundación Abba Colombia,Non-governmental Organization,Colombia,Upper middle income,4,7,0.429,Regional NGO (global South base),rule,home country is low/middle-income but only 43% of located posts are there
52244,Future Advocacy,Other,United Kingdom of Great Britain and Northern Ireland,High income,4,4,0.0,Other,ReliefWeb type,
11406,Geneva Centre of Humanitarian Studies,Academic and Research Institution,Switzerland,High income,4,4,1.0,Academic and Research Institution,ReliefWeb type,
13520,Geo Gecko,Other,Uganda,Low income,4,4,1.0,Other,ReliefWeb type,
52578,German Doctors e.V.,Non-governmental Organization,Germany,High income,4,4,0.25,International NGO,rule,home country is high-income (or not a country in the World Bank list)
50767,Global Center on Cooperative Security,Non-governmental Organization,United States of America,High income,4,3,0.667,International NGO,rule,home country is high-income (or not a country in the World Bank list)
14634,Global Health Advocates,Non-governmental Organization,France,High income,4,4,0.75,International NGO,rule,home country is high-income (or not a country in the World Bank list)
1619,Global Refuge,Non-governmental Organization,United States of America,High income,4,4,1.0,International NGO,rule,home country is high-income (or not a country in the World Bank list)
51131,Global Resilience Partnership,Academic and Research Institution,Sweden,High income,4,0,,Academic and Research Institution,ReliefWeb type,
51525,Good Neighbors Japan,Non-governmental Organization,Japan,High income,4,6,0.0,International NGO,rule,home country is high-income (or not a country in the World Bank list)
3849,Government of Ghana,Government,Ghana,Lower middle income,4,4,1.0,Government,ReliefWeb type,
2619,Government of Liberia,Government,Liberia,Low income,4,4,1.0,Government,ReliefWeb type,
660,Government of Solomon Islands,Government,Solomon Islands,Lower middle income,4,4,1.0,Government,ReliefWeb type,
845,Government of Spain,Government,Spain,High income,4,4,0.0,Government,ReliefWeb type,
309,Government of Sweden,Government,Sweden,High income,4,4,0.0,Government,ReliefWeb type,
588,Government of Vanuatu,Government,Vanuatu,Lower middle income,4,4,1.0,Government,ReliefWeb type,
585,Government of the Czech Republic,Government,Czechia,High income,4,4,0.0,Government,ReliefWeb type,
2892,Government of the Lao People's Democratic Republic,Government,Lao People's Democratic Republic (the),Lower middle income,4,4,1.0,Government,ReliefWeb type,
51580,HEFDC Group,Other,Kenya,Lower middle income,4,3,1.0,Other,ReliefWeb type,
48193,Hatua Network,Non-governmental Organization,Kenya,Lower middle income,4,4,1.0,Locally based NGO,rule,home country is low/middle-income and 100% of located posts are there
12783,Health In Action,Non-governmental Organization,China - Hong Kong (Special Administrative Region),High income,4,4,0.25,International NGO,rule,home country is high-income (or not a country in the World Bank list)
32721,Hong Kong Jockey Club Disaster Preparedness and Response Institute,Academic and Research Institution,China - Hong Kong (Special Administrative Region),High income,4,4,1.0,Academic and Research Institution,ReliefWeb type,
50374,Hope Organization for Development and Improvement,Non-governmental Organization,Iraq,Upper middle income,4,3,1.0,Locally based NGO,rule,home country is low/middle-income and 100% of located posts are there
12726,Hopes for Women in Education,Non-governmental Organization,Canada,High income,4,4,0.0,International NGO,rule,home country is high-income (or not a country in the World Bank list)
426,Human Rights Education Associates,Non-governmental Organization,United States of America,High income,4,4,0.75,International NGO,rule,home country is high-income (or not a country in the World Bank list)
9789,Humanitarian Coalition,Non-governmental Organization,Canada,High income,4,5,0.6,International NGO,rule,home country is high-income (or not a country in the World Bank list)
4157,Humanitarian Outcomes,Other,United Kingdom of Great Britain and Northern Ireland,High income,4,3,0.0,Other,ReliefWeb type,
4055,Hôpital Albert Schweitzer,Non-governmental Organization,Haiti,Lower middle income,4,5,0.8,Locally based NGO,rule,home country is low/middle-income and 80% of located posts are there
51430,IAMANEH Switzerland,Non-governmental Organization,Switzerland,High income,4,3,0.0,International NGO,rule,home country is high-income (or not a country in the World Bank list)
15218,INGO Forum Myanmar,Non-governmental Organization,Myanmar,Lower middle income,4,4,1.0,Locally based NGO,rule,home country is low/middle-income and 100% of located posts are there
3915,INTERPOL,International Organization,France,High income,4,4,1.0,International Organization,ReliefWeb type,
51700,Insanca Yardim Vakfi,Non-governmental Organization,Türkiye,Upper middle income,4,4,1.0,Locally based NGO,rule,based in Türkiye or Syria: treated as locally based (Syria response)
4170,Institute of International Humanitarian Affairs at Fordham,Academic and Research Institution,United States of America,High income,4,4,1.0,Academic and Research Institution,ReliefWeb type,
1559,Instituto Marquês de Valle Flôr,Academic and Research Institution,Portugal,High income,4,4,0.0,Academic and Research Institution,ReliefWeb type,
3495,Integrated Food Security Phase Classification,International Organization,Kenya,Lower middle income,4,4,0.25,International Organization,ReliefWeb type,
28056,International Agency for Research on Cancer,Non-governmental Organization,France,High income,4,4,1.0,International NGO,rule,home country is high-income (or not a country in the World Bank list)
4173,International Development and Relief Foundation,Non-governmental Organization,Canada,High income,4,4,0.75,International NGO,rule,home country is high-income (or not a country in the World Bank list)
3896,International Refugee Rights Initiative,Non-governmental Organization,United States of America,High income,4,3,0.0,International NGO,rule,home country is high-income (or not a country in the World Bank list)
2750,International Solutions Group,Non-governmental Organization,United States of America,High income,4,4,0.0,International NGO,rule,home country is high-income (or not a country in the World Bank list)
43544,International Supporting Woman Association,Non-governmental Organization,Türkiye,Upper middle income,4,4,1.0,Locally based NGO,rule,based in Türkiye or Syria: treated as locally based (Syria response)
12009,Irish Human Rights Commission,Non-governmental Organization,Ireland,High income,4,4,0.25,International NGO,rule,home country is high-income (or not a country in the World Bank list)
43909,Issara Institute,Non-governmental Organization,United States of America,High income,4,4,0.0,International NGO,rule,home country is high-income (or not a country in the World Bank list)
2506,Italtrend SpA,Other,Italy,High income,4,3,0.0,Other,ReliefWeb type,
43994,Jaffa Institute,Non-governmental Organization,Israel,High income,4,4,1.0,International NGO,rule,home country is high-income (or not a country in the World Bank list)
52185,JustPeace,Non-governmental Organization,Germany,High income,4,0,,International NGO,rule,home country is high-income (or not a country in the World Bank list)
10368,KIND Cooperation,Non-governmental Organization,United States of America,High income,4,4,0.0,International NGO,rule,home country is high-income (or not a country in the World Bank list)
50568,Kaebauk Investimentu No Finansas,Other,Timor-Leste,Lower middle income,4,4,1.0,Other,ReliefWeb type,
4084,Khulisa Management Services,Other,South Africa,Upper middle income,4,4,0.25,Other,ReliefWeb type,
37676,Kilimo Trust,Other,United Republic of Tanzania,Lower middle income,4,5,0.0,Other,ReliefWeb type,
52054,Kivukoni Education Trust,Non-governmental Organization,United Kingdom of Great Britain and Northern Ireland,High income,4,4,0.0,International NGO,rule,home country is high-income (or not a country in the World Bank list)
14213,Leprosy Relief - Lepra Stichting,Non-governmental Organization,Netherlands,High income,4,4,0.75,International NGO,rule,home country is high-income (or not a country in the World Bank list)
39309,Living Water Community,Non-governmental Organization,Trinidad and Tobago,High income,4,4,1.0,International NGO,rule,home country is high-income (or not a country in the World Bank list)
46029,MEAL Center,Other,Yemen,Low income,4,4,0.75,Other,ReliefWeb type,
47978,MMCC Global,Non-governmental Organization,Denmark,High income,4,2,1.0,International NGO,rule,home country is high-income (or not a country in the World Bank list)
4504,Mandela Institute for Development Studies,Other,South Africa,Upper middle income,4,4,1.0,Other,ReliefWeb type,
41534,Medical Emergency Resilience Foundation,Non-governmental Organization,Pakistan,Lower middle income,4,4,1.0,Locally based NGO,rule,home country is low/middle-income and 100% of located posts are there
4276,Mercy Relief,Non-governmental Organization,Singapore,High income,4,4,0.75,International NGO,rule,home country is high-income (or not a country in the World Bank list)
49058,Mo Ibrahim Foundation,Non-governmental Organization,Senegal; United Kingdom of Great Britain and Northern Ireland,High income; Lower middle income,4,4,0.25,International NGO,rule,home country is high-income (or not a country in the World Bank list)
48474,Mosaik Support Center for Refugees and Locals,Non-governmental Organization,Greece,High income,4,4,1.0,International NGO,rule,home country is high-income (or not a country in the World Bank list)
49403,Motu,Academic and Research Institution,New Zealand,High income,4,6,0.0,Academic and Research Institution,ReliefWeb type,
51870,Mujeres por África,Non-governmental Organization,Spain,High income,4,4,0.25,International NGO,rule,home country is high-income (or not a country in the World Bank list)
50311,MyRight,International Organization,Sweden,High income,4,2,0.0,International Organization,ReliefWeb type,
51199,Médecins du Monde - Greece,Non-governmental Organization,Greece,High income,4,5,0.0,International NGO,rule,home country is high-income (or not a country in the World Bank list)
34786,NEPCon,Other,Denmark,High income,4,7,0.143,Other,ReliefWeb type,
25231,NLR Foundation,Non-governmental Organization,India,Lower middle income,4,4,0.75,Regional NGO (global South base),rule,home country is low/middle-income but only 75% of located posts are there
32641,National Association of Business Women of Tajikistan,Other,Tajikistan,Lower middle income,4,4,1.0,Other,ReliefWeb type,
35141,National Deaf Children’s Society,Non-governmental Organization,United Kingdom of Great Britain and Northern Ireland,High income,4,1,0.0,International NGO,rule,home country is high-income (or not a country in the World Bank list)
34741,National Institute of Health and Medical Research,Other,France,High income,4,4,0.0,Other,ReliefWeb type,
47468,Network for international policies and cooperation in education and training,Non-governmental Organization,Switzerland,High income,4,4,1.0,International NGO,rule,home country is high-income (or not a country in the World Bank list)
11526,New Humanity,Non-governmental Organization,Italy,High income,4,4,0.0,International NGO,rule,home country is high-income (or not a country in the World Bank list)
10390,Nutriset,Other,France,High income,4,4,1.0,Other,ReliefWeb type,
46719,Ny Tanintsika,Non-governmental Organization,Madagascar,Low income,4,4,1.0,Locally based NGO,rule,home country is low/middle-income and 100% of located posts are there
8815,OLIVE LEAF Foundation,Non-governmental Organization,South Africa,Upper middle income,4,4,0.0,Regional NGO (global South base),rule,home country is low/middle-income but only 0% of located posts are there
51254,Olof Palme International Center,Other,Sweden,High income,4,3,0.0,Other,ReliefWeb type,
32416,One Earth Future,Non-governmental Organization,United States of America,High income,4,4,0.0,International NGO,rule,home country is high-income (or not a country in the World Bank list)
50564,One Family Foundation,Non-governmental Organization,Netherlands,High income,4,12,0.0,International NGO,rule,home country is high-income (or not a country in the World Bank list)
45684,One Girl,Non-governmental Organization,Australia,High income,4,4,0.0,International NGO,rule,home country is high-income (or not a country in the World Bank list)
43319,Ongoza,Non-governmental Organization,Kenya,Lower middle income,4,5,0.8,Locally based NGO,rule,home country is low/middle-income and 80% of located posts are there
17591,Open Society Initiative for West Africa,Academic and Research Institution,Benin; Côte d'Ivoire; Ghana; Guinea; Liberia; Mali; Niger; Nigeria,Low income; Lower middle income,4,4,0.5,Academic and Research Institution,ReliefWeb type,
50348,PATRIP Foundation,Non-governmental Organization,Germany,High income,4,4,1.0,International NGO,rule,home country is high-income (or not a country in the World Bank list)
2137,Pacific Institute,Academic and Research Institution,United States of America,High income,4,1,0.0,Academic and Research Institution,ReliefWeb type,
1659,Partners for Development,Non-governmental Organization,United States of America,High income,4,4,0.5,International NGO,rule,home country is high-income (or not a country in the World Bank list)
4057,Peace Operations Training Institute,Other,United States of America,High income,4,4,1.0,Other,ReliefWeb type,
8817,Peace Winds America,Non-governmental Organization,United States of America,High income,4,4,0.25,International NGO,rule,home country is high-income (or not a country in the World Bank list)
11036,Pentecostal Assemblies of God-Uganda Social Development Service (PAG SDS),Non-governmental Organization,Uganda,Low income,4,4,1.0,Locally based NGO,rule,home country is low/middle-income and 100% of located posts are there
19716,People Serving People Foundation,Non-governmental Organization,Thailand,Upper middle income,4,4,1.0,Locally based NGO,rule,home country is low/middle-income and 100% of located posts are there
36016,Philanthropy Connections,Non-governmental Organization,Netherlands,High income,4,4,0.0,International NGO,rule,home country is high-income (or not a country in the World Bank list)
50945,Physiopedia,Non-governmental Organization,United Kingdom of Great Britain and Northern Ireland,High income,4,3,0.0,International NGO,rule,home country is high-income (or not a country in the World Bank list)
51898,Plan International Benin,Non-governmental Organization,Benin,Lower middle income,4,4,1.0,Locally based NGO,rule,home country is low/middle-income and 100% of located posts are there
30261,Pope Francis for Resilient and Co-Empowered Sustainable Community,Other,Philippines,Upper middle income,4,4,1.0,Other,ReliefWeb type,
1671,Professionals for NonProfits,Other,United States of America,High income,4,4,0.75,Other,ReliefWeb type,
44619,Project Hope 4 Kids,Non-governmental Organization,United States of America,High income,4,4,0.0,International NGO,rule,home country is high-income (or not a country in the World Bank list)
2671,Punto Sud,Academic and Research Institution,Italy,High income,4,6,0.333,Academic and Research Institution,ReliefWeb type,
3483,Purdue University,Academic and Research Institution,United States of America,High income,4,3,0.667,Academic and Research Institution,ReliefWeb type,
51393,Q3 Strategy,Other,United Kingdom of Great Britain and Northern Ireland,High income,4,3,1.0,Other,ReliefWeb type,
51552,QUAMED,Other,Belgium,High income,4,0,,Other,ReliefWeb type,
40919,RONGEAD Etc Terra,Non-governmental Organization,France,High income,4,4,0.0,International NGO,rule,home country is high-income (or not a country in the World Bank list)
3811,Reach Out To Asia,Non-governmental Organization,Qatar,High income,4,4,1.0,International NGO,rule,home country is high-income (or not a country in the World Bank list)
13180,Reboot,Non-governmental Organization,United States of America,High income,4,4,0.0,International NGO,rule,home country is high-income (or not a country in the World Bank list)
50511,Reprieve,Non-governmental Organization,United Kingdom of Great Britain and Northern Ireland,High income,4,2,1.0,International NGO,rule,home country is high-income (or not a country in the World Bank list)
51712,Resource Matters,Non-governmental Organization,Belgium; Democratic Republic of the Congo,High income; Low income,4,4,0.75,International NGO,rule,home country is high-income (or not a country in the World Bank list)
35806,Responsible Mining Foundation,Other,Netherlands,High income,4,4,0.0,Other,ReliefWeb type,
1077,Rotary,Non-governmental Organization,United States of America,High income,4,2,0.5,International NGO,rule,home country is high-income (or not a country in the World Bank list)
14494,Royal College of Surgeons in Ireland,Academic and Research Institution,Ireland,High income,4,3,1.0,Academic and Research Institution,ReliefWeb type,
7619,Rutgers,Non-governmental Organization,Netherlands,High income,4,1,0.0,International NGO,rule,home country is high-income (or not a country in the World Bank list)
12224,SEEK development,Non-governmental Organization,Germany,High income,4,4,0.25,International NGO,rule,home country is high-income (or not a country in the World Bank list)
4507,SIPU International,Other,Sweden,High income,4,4,0.0,Other,ReliefWeb type,
12213,SPOON Foundation,Non-governmental Organization,United States of America,High income,4,3,1.0,International NGO,rule,home country is high-income (or not a country in the World Bank list)
29826,Sabre Education,Non-governmental Organization,United Kingdom of Great Britain and Northern Ireland,High income,4,4,0.25,International NGO,rule,home country is high-income (or not a country in the World Bank list)
48128,Safe Passage International,Non-governmental Organization,United Kingdom of Great Britain and Northern Ireland,High income,4,4,1.0,International NGO,rule,home country is high-income (or not a country in the World Bank list)
31081,Safe Water Network,Non-governmental Organization,United States of America,High income,4,4,1.0,International NGO,rule,home country is high-income (or not a country in the World Bank list)
44424,Sahara Economic Development Organization,Non-governmental Organization,Iraq,Upper middle income,4,3,1.0,Locally based NGO,rule,home country is low/middle-income and 100% of located posts are there
9144,Sampoerna School of Education,Academic and Research Institution,Indonesia,Upper middle income,4,4,1.0,Academic and Research Institution,ReliefWeb type,
51602,Sansthagat Bikas Sanjal,Non-governmental Organization,Nepal,Lower middle income,4,4,1.0,Locally based NGO,rule,home country is low/middle-income and 100% of located posts are there
51146,Save the Children Jordan,Non-governmental Organization,Jordan,Upper middle income,4,4,1.0,Locally based NGO,rule,home country is low/middle-income and 100% of located posts are there
49188,Schatz Energy Research Center,Non-governmental Organization,United States of America,High income,4,4,1.0,International NGO,rule,home country is high-income (or not a country in the World Bank list)
26296,School of St Jude,Non-governmental Organization,United Republic of Tanzania,Lower middle income,4,4,1.0,Locally based NGO,rule,home country is low/middle-income and 100% of located posts are there
12373,Smithsonian Institution,Academic and Research Institution,United States of America,High income,4,4,0.0,Academic and Research Institution,ReliefWeb type,
11646,Social Finance,Other,United Kingdom of Great Britain and Northern Ireland,High income,4,4,0.5,Other,ReliefWeb type,
46584,Solidarity Center,Non-governmental Organization,United States of America,High income,4,4,0.0,International NGO,rule,home country is high-income (or not a country in the World Bank list)
10915,Somali Relief & Development Forum,Non-governmental Organization,United Kingdom of Great Britain and Northern Ireland,High income,4,4,1.0,International NGO,rule,home country is high-income (or not a country in the World Bank list)
10014,Sound Foundation,Non-governmental Organization,United Kingdom of Great Britain and Northern Ireland,High income,4,4,0.75,International NGO,rule,home country is high-income (or not a country in the World Bank list)
51305,Special Olympics Kenya,Non-governmental Organization,Kenya,Lower middle income,4,4,1.0,Locally based NGO,rule,home country is low/middle-income and 100% of located posts are there
13061,Splash,Non-governmental Organization,United States of America,High income,4,1,1.0,International NGO,rule,home country is high-income (or not a country in the World Bank list)
11499,Stability: International Journal of Security & Development,Media,United Kingdom of Great Britain and Northern Ireland,High income,4,3,0.333,Media,ReliefWeb type,
49268,Students Helping Honduras,Non-governmental Organization,United States of America,High income,4,4,0.0,International NGO,rule,home country is high-income (or not a country in the World Bank list)
51927,Swiss Academy for Development,Non-governmental Organization,Switzerland,High income,4,4,1.0,International NGO,rule,home country is high-income (or not a country in the World Bank list)
3185,Swiss Labour Assistance,Non-governmental Organization,Switzerland,High income,4,4,0.0,International NGO,rule,home country is high-income (or not a country in the World Bank list)
9609,THE MARTIN ENNALS FOUNDATION (MEF),Academic and Research Institution,Switzerland,High income,4,4,1.0,Academic and Research Institution,ReliefWeb type,
50422,Talent Beyond Boundaries,Other,Jordan,Upper middle income,4,0,,Other,ReliefWeb type,
8455,Teach for Myanmar,Non-governmental Organization,Myanmar,Lower middle income,4,4,1.0,Locally based NGO,rule,home country is low/middle-income and 100% of located posts are there
47078,Team Rubicon UK,Non-governmental Organization,United Kingdom of Great Britain and Northern Ireland,High income,4,4,1.0,International NGO,rule,home country is high-income (or not a country in the World Bank list)
48744,Technische Universität Berlin,Academic and Research Institution,Germany,High income,4,4,1.0,Academic and Research Institution,ReliefWeb type,
39419,Thanda After-School,Non-governmental Organization,South Africa,Upper middle income,4,4,1.0,Locally based NGO,rule,home country is low/middle-income and 100% of located posts are there
51621,The Global Strategy Network LTD,Other,United Kingdom of Great Britain and Northern Ireland,High income,4,0,,Other,ReliefWeb type,
45764,The Lake Clinic - Cambodia,Non-governmental Organization,Cambodia,Lower middle income,4,4,1.0,Locally based NGO,rule,home country is low/middle-income and 100% of located posts are there
10991,The Leprosy Mission Canada,Non-governmental Organization,Canada,High income,4,5,0.2,International NGO,rule,home country is high-income (or not a country in the World Bank list)
49533,The Rights Forum,Non-governmental Organization,Netherlands,High income,4,4,1.0,International NGO,rule,home country is high-income (or not a country in the World Bank list)
3454,The Society of Saint Yves - Catholic Human rights legal center,Non-governmental Organization,Israel,High income,4,3,0.0,International NGO,rule,home country is high-income (or not a country in the World Bank list)
50427,The United Nations Technology Bank for the Least Developed Countries,International Organization,Türkiye,Upper middle income,4,4,1.0,International Organization,ReliefWeb type,
2691,Timor Leste Office of the Provedor for Human Rights and Justice,Government,Timor-Leste,Lower middle income,4,4,1.0,Government,ReliefWeb type,
50593,UHAI EASHRI,Non-governmental Organization,Kenya,Lower middle income,4,1,1.0,Locally based NGO,rule,home country is low/middle-income and 100% of located posts are there
1489,UN Department of Global Communications,International Organization,United States of America,High income,4,4,0.5,International Organization,ReliefWeb type,
50737,UNCAC Coalition,Other,Austria,High income,4,2,1.0,Other,ReliefWeb type,
35101,UNESCO Institute for Lifelong Learning,International Organization,Germany,High income,4,4,0.75,International Organization,ReliefWeb type,
28021,Ubaka U Rwanda,Non-governmental Organization,Rwanda,Low income,4,4,0.0,Regional NGO (global South base),rule,home country is low/middle-income but only 0% of located posts are there
15304,Ubuntu Africa,Non-governmental Organization,United States of America,High income,4,4,0.5,International NGO,rule,home country is high-income (or not a country in the World Bank list)
42849,Ukraine NGO Forum,Non-governmental Organization,Ukraine,Upper middle income,4,4,1.0,Locally based NGO,rule,home country is low/middle-income and 100% of located posts are there
10460,Umweltbundesamt,Government,Austria,High income,4,0,,Government,ReliefWeb type,
44804,"University of Maryland, Baltimore County",Academic and Research Institution,United States of America,High income,4,4,0.75,Academic and Research Institution,ReliefWeb type,
1747,University of Notre Dame,Academic and Research Institution,United States of America,High income,4,3,0.0,Academic and Research Institution,ReliefWeb type,
11786,Vertic,Non-governmental Organization,United Kingdom of Great Britain and Northern Ireland,High income,4,4,1.0,International NGO,rule,home country is high-income (or not a country in the World Bank list)
50999,Victim Advocates International,Non-governmental Organization,Netherlands,High income,4,1,0.0,International NGO,rule,home country is high-income (or not a country in the World Bank list)
47118,Village HopeCore International,Non-governmental Organization,Kenya,Lower middle income,4,4,1.0,Locally based NGO,rule,home country is low/middle-income and 100% of located posts are there
11514,Vision Supply,Other,Afghanistan,Low income,4,4,1.0,Other,ReliefWeb type,
47753,Water Compass,Non-governmental Organization,United States of America,High income,4,4,0.0,International NGO,rule,home country is high-income (or not a country in the World Bank list)
10622,Water Works,Non-governmental Organization,Malawi,Low income,4,4,1.0,Locally based NGO,rule,home country is low/middle-income and 100% of located posts are there
48749,WeForest,Non-governmental Organization,Belgium,High income,4,11,0.273,International NGO,rule,home country is high-income (or not a country in the World Bank list)
7994,West Africa Civil Society Institute,Other,Ghana,Lower middle income,4,4,1.0,Other,ReliefWeb type,
13773,Womanity,Non-governmental Organization,Switzerland,High income,4,1,0.0,International NGO,rule,home country is high-income (or not a country in the World Bank list)
4463,Women's Centre for Legal Aid and Counselling,Non-governmental Organization,occupied Palestinian territory,Lower middle income,4,4,1.0,Locally based NGO,rule,home country is low/middle-income and 100% of located posts are there
37701,Women’s Empowerment Link,Non-governmental Organization,Kenya,Lower middle income,4,4,1.0,Locally based NGO,rule,home country is low/middle-income and 100% of located posts are there
14982,World Child Cancer,Non-governmental Organization,United Kingdom of Great Britain and Northern Ireland,High income,4,4,0.75,International NGO,rule,home country is high-income (or not a country in the World Bank list)
47638,World Heart Federation,Non-governmental Organization,Switzerland,High income,4,4,1.0,International NGO,rule,home country is high-income (or not a country in the World Bank list)
3422,XLA,Other,United States of America,High income,4,4,0.75,Other,ReliefWeb type,
11836,Youth Empowerment and Development Initiative,Non-governmental Organization,Nigeria,Lower middle income,4,4,1.0,Locally based NGO,rule,home country is low/middle-income and 100% of located posts are there
13167,dZi Foundation,Non-governmental Organization,United States of America,High income,4,4,0.0,International NGO,rule,home country is high-income (or not a country in the World Bank list)
1074,medico international,Non-governmental Organization,Germany,High income,4,5,0.0,International NGO,rule,home country is high-income (or not a country in the World Bank list)
51089,selfm.aid,Non-governmental Organization,Greece; Switzerland,High income,4,4,1.0,International NGO,rule,home country is high-income (or not a country in the World Bank list)
12717,zamorano,Academic and Research Institution,Honduras,Lower middle income,4,4,1.0,Academic and Research Institution,ReliefWeb type,
47138,1001fontaines,Non-governmental Organization,France,High income,3,3,0.0,International NGO,rule,home country is high-income (or not a country in the World Bank list)
25051,4C Association,Other,Germany,High income,3,3,0.333,Other,ReliefWeb type,
4243,ACHAP,Other,Botswana,Upper middle income,3,3,0.667,Other,ReliefWeb type,
50297,ACK International,Non-governmental Organization,France,High income,3,0,,International NGO,rule,home country is high-income (or not a country in the World Bank list)
50950,AESA Hungary,Other,Hungary,High income,3,2,1.0,Other,ReliefWeb type,
3267,AFRANE,Other,France,High income,3,3,0.0,Other,ReliefWeb type,
41604,ASK Training and Consulting,Other,Afghanistan,Low income,3,3,1.0,Other,ReliefWeb type,
1948,Academy for Educational Development,Non-governmental Organization,United States of America,High income,3,3,0.667,International NGO,rule,home country is high-income (or not a country in the World Bank list)
46244,Access to Humanitarian Assistance and Development Initiative,Non-governmental Organization,Nigeria,Lower middle income,3,3,1.0,Locally based NGO,rule,home country is low/middle-income and 100% of located posts are there
52222,Act Church of Sweden,Non-governmental Organization,Sweden,High income,3,2,0.0,International NGO,rule,home country is high-income (or not a country in the World Bank list)
48278,Africa Harvest,Non-governmental Organization,Kenya,Lower middle income,3,1,1.0,Locally based NGO,rule,home country is low/middle-income and 100% of located posts are there
48073,Africa Startup,Non-governmental Organization,Burundi,Low income,3,3,1.0,Locally based NGO,rule,home country is low/middle-income and 100% of located posts are there
485,African Development Bank,International Organization,Côte d'Ivoire,Lower middle income,3,3,0.0,International Organization,ReliefWeb type,
10190,African Institute for Community-Driven Development (Khanya-aicdd),Other,South Africa,Upper middle income,3,3,1.0,Other,ReliefWeb type,
24861,African Prisons Project,Non-governmental Organization,United Kingdom of Great Britain and Northern Ireland,High income,3,4,0.0,International NGO,rule,home country is high-income (or not a country in the World Bank list)
3455,African Research & Resource Forum,Non-governmental Organization,Kenya,Lower middle income,3,3,1.0,Locally based NGO,rule,home country is low/middle-income and 100% of located posts are there
3548,African Revival,Non-governmental Organization,United Kingdom of Great Britain and Northern Ireland,High income,3,3,0.0,International NGO,rule,home country is high-income (or not a country in the World Bank list)
2475,Aga Khan University,Academic and Research Institution,Afghanistan,Low income,3,3,0.0,Academic and Research Institution,ReliefWeb type,
12845,Age and Disability Task Force,Non-governmental Organization,Pakistan,Lower middle income,3,3,1.0,Locally based NGO,rule,home country is low/middle-income and 100% of located posts are there
50689,AgriTechTalk Africa,Non-governmental Organization,Uganda,Low income,3,3,1.0,Locally based NGO,rule,home country is low/middle-income and 100% of located posts are there
12690,Al-Mada for Arts-Based Community Development,Non-governmental Organization,occupied Palestinian territory,Lower middle income,3,3,1.0,Locally based NGO,rule,home country is low/middle-income and 100% of located posts are there
15125,Allen Vanguard,Other,United States of America,High income,3,3,0.0,Other,ReliefWeb type,
50658,Alliance for Responsible Mining,Non-governmental Organization,Colombia,Upper middle income,3,3,0.0,Regional NGO (global South base),rule,home country is low/middle-income but only 0% of located posts are there
12263,Amani Institute,Academic and Research Institution,Kenya; United States of America,High income; Lower middle income,3,2,0.5,Academic and Research Institution,ReliefWeb type,
52079,Amani Orphans and Widows Welfare Services,Non-governmental Organization,Australia; South Sudan,High income; Low income,3,1,1.0,International NGO,rule,home country is high-income (or not a country in the World Bank list)
46554,Amici per il Centrafrica Onlus,Non-governmental Organization,Italy,High income,3,3,0.0,International NGO,rule,home country is high-income (or not a country in the World Bank list)
46709,Amigos de las Americas,Non-governmental Organization,United States of America,High income,3,0,,International NGO,rule,home country is high-income (or not a country in the World Bank list)
51239,Anglican Development Services Eastern,Non-governmental Organization,Kenya,Lower middle income,3,3,1.0,Locally based NGO,rule,home country is low/middle-income and 100% of located posts are there
28286,Appalachian State University,Academic and Research Institution,United States of America,High income,3,3,1.0,Academic and Research Institution,ReliefWeb type,
44914,Architects Without Frontiers,Other,Australia,High income,3,3,1.0,Other,ReliefWeb type,
51697,Asal Consulting,Other,Somalia,Low income,3,3,0.667,Other,ReliefWeb type,
44754,Asia Justice and Rights,Non-governmental Organization,Indonesia,Upper middle income,3,3,0.667,Regional NGO (global South base),rule,home country is low/middle-income but only 67% of located posts are there
323,Asia-Pacific Development Communication Centre,Academic and Research Institution,Thailand,Upper middle income,3,3,0.667,Academic and Research Institution,ReliefWeb type,
46089,Association of Charitable Children Institutions of Kenya,Non-governmental Organization,Kenya,Lower middle income,3,3,1.0,Locally based NGO,rule,home country is low/middle-income and 100% of located posts are there
594,Australian Broadcasting Corporation,Media,Australia,High income,3,2,0.0,Media,ReliefWeb type,
10301,Avaaz,Other,United States of America,High income,3,2,0.0,Other,ReliefWeb type,
51271,Baptist World Alliance,Other,United States of America,High income,3,2,0.0,Other,ReliefWeb type,
52323,Barnahus Network,Non-governmental Organization,Sweden,High income,3,0,,International NGO,rule,home country is high-income (or not a country in the World Bank list)
9629,Benguela Current Commission,Other,Namibia,Lower middle income,3,3,1.0,Other,ReliefWeb type,
12128,Better Care Network,Non-governmental Organization,United States of America,High income,3,2,0.5,International NGO,rule,home country is high-income (or not a country in the World Bank list)
4349,Beyond Borders,Other,United States of America,High income,3,2,1.0,Other,ReliefWeb type,
710,Bill & Melinda Gates Foundation,Other,United States of America,High income,3,2,0.5,Other,ReliefWeb type,
546,Bond,Non-governmental Organization,United Kingdom of Great Britain and Northern Ireland,High income,3,3,1.0,International NGO,rule,home country is high-income (or not a country in the World Bank list)
30136,Bond Street Theatre,Non-governmental Organization,United States of America,High income,3,3,0.333,International NGO,rule,home country is high-income (or not a country in the World Bank list)
300,Burnet Institute,Academic and Research Institution,Australia,High income,3,3,0.333,Academic and Research Institution,ReliefWeb type,
51781,CAMELEON Association,Non-governmental Organization,France,High income,3,4,0.75,International NGO,rule,home country is high-income (or not a country in the World Bank list)
51973,CARE Danmark,Non-governmental Organization,Denmark,High income,3,2,0.5,International NGO,rule,home country is high-income (or not a country in the World Bank list)
8688,CYE Consult,Other,Belgium,High income,3,3,0.0,Other,ReliefWeb type,
3253,Canadian Feed The Children,Non-governmental Organization,Canada,High income,3,4,0.5,International NGO,rule,home country is high-income (or not a country in the World Bank list)
1352,Canadian Journalists for Free Expression,Non-governmental Organization,Canada,High income,3,3,1.0,International NGO,rule,home country is high-income (or not a country in the World Bank list)
38594,Canadian Partnership for Reconstruction and Development Inc.,Other,Canada,High income,3,0,,Other,ReliefWeb type,
2642,Cardno Acil,Other,Australia,High income,3,3,0.333,Other,ReliefWeb type,
3577,Caribbean Catastrophe Risk Insurance Facility,Other,Cayman Islands,High income,3,1,0.0,Other,ReliefWeb type,
20366,Catalpa International Ltd,Non-governmental Organization,Australia,High income,3,2,0.0,International NGO,rule,home country is high-income (or not a country in the World Bank list)
32691,Causal Design Inc.,Other,United States of America,High income,3,3,0.333,Other,ReliefWeb type,
12384,Caux - Initiatives of Change foundation,Non-governmental Organization,Switzerland,High income,3,3,1.0,International NGO,rule,home country is high-income (or not a country in the World Bank list)
50670,Center for Climate Crime Analysis,Non-governmental Organization,Netherlands,High income,3,0,,International NGO,rule,home country is high-income (or not a country in the World Bank list)
51875,Center for Democracy in the Americas,Non-governmental Organization,United States of America,High income,3,0,,International NGO,rule,home country is high-income (or not a country in the World Bank list)
4301,Centre for Development and Community Welfare,Non-governmental Organization,United Kingdom of Great Britain and Northern Ireland,High income,3,3,0.0,International NGO,rule,home country is high-income (or not a country in the World Bank list)
49043,Centre for Humanitarian Change,Non-governmental Organization,Kenya,Lower middle income,3,3,1.0,Locally based NGO,rule,home country is low/middle-income and 100% of located posts are there
10309,Centre for Refugee and IDP Studies - University of Sarajevo,Academic and Research Institution,Bosnia and Herzegovina,Upper middle income,3,3,1.0,Academic and Research Institution,ReliefWeb type,
14663,Centurion Risk Management,Other,,,3,2,0.0,Other,ReliefWeb type,
26561,Charles Darwin University,Academic and Research Institution,Australia,High income,3,3,1.0,Academic and Research Institution,ReliefWeb type,
44444,Children and Women in Social Service and Human Rights,Non-governmental Organization,Nepal,Lower middle income,3,3,1.0,Locally based NGO,rule,home country is low/middle-income and 100% of located posts are there
888,Christian Action,Non-governmental Organization,China - Hong Kong (Special Administrative Region),High income,3,3,0.0,International NGO,rule,home country is high-income (or not a country in the World Bank list)
16361,Cigna / Vanbreda International,Other,Belgium,High income,3,3,0.0,Other,ReliefWeb type,
49718,City Cancer Challenge,Non-governmental Organization,Switzerland,High income,3,1,1.0,International NGO,rule,home country is high-income (or not a country in the World Bank list)
46654,Civil Forum for Asset Recovery,Non-governmental Organization,Germany,High income,3,1,0.0,International NGO,rule,home country is high-income (or not a country in the World Bank list)
1887,Clear Path International,Non-governmental Organization,United States of America,High income,3,3,0.333,International NGO,rule,home country is high-income (or not a country in the World Bank list)
52547,Clear Solutions,Non-governmental Organization,United Kingdom of Great Britain and Northern Ireland,High income,3,1,0.0,International NGO,rule,home country is high-income (or not a country in the World Bank list)
9846,ClickMedix,Other,United States of America,High income,3,3,0.0,Other,ReliefWeb type,
15187,Climate Parliament,Other,United Kingdom of Great Britain and Northern Ireland,High income,3,3,0.0,Other,ReliefWeb type,
48709,Cloud to Street,Other,United Kingdom of Great Britain and Northern Ireland,High income,3,3,0.0,Other,ReliefWeb type,
49158,Clowns Without Borders,Non-governmental Organization,United Kingdom of Great Britain and Northern Ireland,High income,3,2,1.0,International NGO,rule,home country is high-income (or not a country in the World Bank list)
1891,Cluster Munition Coalition,Non-governmental Organization,United Kingdom of Great Britain and Northern Ireland,High income,3,2,0.5,International NGO,rule,home country is high-income (or not a country in the World Bank list)
46943,CoST The Infrastructure Transparency Initiative,Non-governmental Organization,United Kingdom of Great Britain and Northern Ireland,High income,3,2,0.5,International NGO,rule,home country is high-income (or not a country in the World Bank list)
51049,CodeYourFuture,Non-governmental Organization,United Kingdom of Great Britain and Northern Ireland,High income,3,3,1.0,International NGO,rule,home country is high-income (or not a country in the World Bank list)
51874,Commission de l’océan Indien,International Organization,Mauritius,Upper middle income,3,3,1.0,International Organization,ReliefWeb type,
52369,Common Wadden Sea Secretariat,International Organization,Germany,High income,3,0,,International Organization,ReliefWeb type,
21486,Commonwealth of Learning,Government,Canada,High income,3,3,1.0,Government,ReliefWeb type,
10553,Community Empowerment and Development Organization (CEDO),Non-governmental Organization,Afghanistan,Low income,3,3,1.0,Locally based NGO,rule,home country is low/middle-income and 100% of located posts are there
39229,Community Media Trust,Other,Kenya,Lower middle income,3,3,1.0,Other,ReliefWeb type,
21806,Community World Service Asia,Non-governmental Organization,Pakistan,Lower middle income,3,3,1.0,Locally based NGO,rule,home country is low/middle-income and 100% of located posts are there
51123,Compassionate Carbon,Other,United States of America,High income,3,0,,Other,ReliefWeb type,
3033,Computer Aid International,Non-governmental Organization,United Kingdom of Great Britain and Northern Ireland,High income,3,3,1.0,International NGO,rule,home country is high-income (or not a country in the World Bank list)
2010,Coptic Orphans,Non-governmental Organization,United States of America,High income,3,3,0.0,International NGO,rule,home country is high-income (or not a country in the World Bank list)
338,Council of Europe,International Organization,France,High income,3,3,1.0,International Organization,ReliefWeb type,
1934,Cruz Roja Ecuatoriana,Red Cross/Red Crescent Movement,Ecuador,Upper middle income,3,3,1.0,Red Cross/Red Crescent Movement,ReliefWeb type,
4538,"DB Consulting Group, Inc",Other,United States of America,High income,3,2,0.0,Other,ReliefWeb type,
11506,Delta Partnership,Other,United Kingdom of Great Britain and Northern Ireland,High income,3,4,0.25,Other,ReliefWeb type,
9598,Development Alternatives,Other,India,Lower middle income,3,2,0.0,Other,ReliefWeb type,
51495,Distribute Aid,Non-governmental Organization,Sweden,High income,3,3,0.0,International NGO,rule,home country is high-income (or not a country in the World Bank list)
23416,Drylands Learning and Capacity Building Initiative,Non-governmental Organization,Kenya,Lower middle income,3,3,1.0,Locally based NGO,rule,home country is low/middle-income and 100% of located posts are there
1329,ETH Zurich | Albert Einstein School of Public Policy,Academic and Research Institution,Switzerland,High income,3,2,1.0,Academic and Research Institution,ReliefWeb type,
50673,Eawag,Academic and Research Institution,Switzerland,High income,3,3,1.0,Academic and Research Institution,ReliefWeb type,
48203,EcoPeace Middle East,Non-governmental Organization,Israel; Jordan; occupied Palestinian territory,High income; Lower middle income; Upper middle income,3,3,1.0,International NGO,rule,home country is high-income (or not a country in the World Bank list)
7955,Ecopsis,Other,Switzerland,High income,3,2,0.0,Other,ReliefWeb type,
15327,Educaid,Non-governmental Organization,Italy,High income,3,3,0.0,International NGO,rule,home country is high-income (or not a country in the World Bank list)
45894,Education Cannot Wait,International Organization,United States of America,High income,3,249,0.008,International Organization,ReliefWeb type,
13157,Eductrade,Non-governmental Organization,Spain,High income,3,3,0.0,International NGO,rule,home country is high-income (or not a country in the World Bank list)
48823,Electoral Law and Governance Institute for Africa,Non-governmental Organization,Kenya,Lower middle income,3,3,1.0,Locally based NGO,rule,home country is low/middle-income and 100% of located posts are there
37081,Elton John AIDS Foundation,Non-governmental Organization,United Kingdom of Great Britain and Northern Ireland; United States of America,High income,3,4,0.25,International NGO,rule,home country is high-income (or not a country in the World Bank list)
11283,Ethiopian Community Development Council (ECDC),Non-governmental Organization,United States of America,High income,3,3,1.0,International NGO,rule,home country is high-income (or not a country in the World Bank list)
2761,EuroMed Rights,Non-governmental Organization,Belgium; Denmark; Tunisia,High income; Lower middle income,3,3,0.667,International NGO,rule,home country is high-income (or not a country in the World Bank list)
51125,European Union Rule of Law Mission in Kosovo,International Organization,Serbia,Upper middle income,3,0,,International Organization,ReliefWeb type,
14549,FIBGAR,Non-governmental Organization,Spain,High income,3,3,0.667,International NGO,rule,home country is high-income (or not a country in the World Bank list)
2569,Feed the Minds,Non-governmental Organization,United Kingdom of Great Britain and Northern Ireland,High income,3,3,0.333,International NGO,rule,home country is high-income (or not a country in the World Bank list)
2214,Fida International,Non-governmental Organization,Finland,High income,3,3,0.0,International NGO,rule,home country is high-income (or not a country in the World Bank list)
50933,Field Medical Foundation,Non-governmental Organization,Yemen,Low income,3,2,1.0,Locally based NGO,rule,home country is low/middle-income and 100% of located posts are there
36226,First Idea Consulting Limited,Other,,,3,3,0.0,Other,ReliefWeb type,
50743,Five One Labs,Non-governmental Organization,Iraq,Upper middle income,3,2,1.0,Locally based NGO,rule,home country is low/middle-income and 100% of located posts are there
13168,Focus on the Global South,Non-governmental Organization,India,Lower middle income,3,3,0.0,Regional NGO (global South base),rule,home country is low/middle-income but only 0% of located posts are there
948,Ford Foundation,Other,United States of America,High income,3,3,0.333,Other,ReliefWeb type,
10885,Foundation for Technical Education (FTE),Non-governmental Organization,Switzerland,High income,3,3,0.667,International NGO,rule,home country is high-income (or not a country in the World Bank list)
24466,Fred Hutchinson Cancer Research Center,Academic and Research Institution,United States of America,High income,3,3,0.0,Academic and Research Institution,ReliefWeb type,
50572,Freedom United,Non-governmental Organization,United States of America,High income,3,1,1.0,International NGO,rule,home country is high-income (or not a country in the World Bank list)
2472,Friedrich Ebert Stiftung,Other,Germany,High income,3,3,0.0,Other,ReliefWeb type,
4144,Fundació FC Barcelona,Other,Spain,High income,3,3,1.0,Other,ReliefWeb type,
51244,Fòs Feminista,Non-governmental Organization,United States of America,High income,3,0,,International NGO,rule,home country is high-income (or not a country in the World Bank list)
10501,GOALS Haiti,Non-governmental Organization,Haiti,Lower middle income,3,3,1.0,Locally based NGO,rule,home country is low/middle-income and 100% of located posts are there
11722,Gender Equality Network,Non-governmental Organization,Myanmar,Lower middle income,3,3,1.0,Locally based NGO,rule,home country is low/middle-income and 100% of located posts are there
50425,Gender Violence Recovery Centre,Non-governmental Organization,Kenya,Lower middle income,3,3,1.0,Locally based NGO,rule,home country is low/middle-income and 100% of located posts are there
48774,Geneva Centre for Human Rights Advancement and Global Dialogue,Non-governmental Organization,Switzerland,High income,3,3,1.0,International NGO,rule,home country is high-income (or not a country in the World Bank list)
8010,GeoHazards International,Non-governmental Organization,United States of America,High income,3,3,0.0,International NGO,rule,home country is high-income (or not a country in the World Bank list)
47843,GeoPoll,Other,United States of America,High income,3,2,1.0,Other,ReliefWeb type,
775,Georgetown University,Academic and Research Institution,United States of America,High income,3,3,1.0,Academic and Research Institution,ReliefWeb type,
3252,German Leprosy and Tuberculosis Relief Association,Non-governmental Organization,Germany,High income,3,3,0.0,International NGO,rule,home country is high-income (or not a country in the World Bank list)
47219,Ghana Red Cross Society,Red Cross/Red Crescent Movement,Ghana,Lower middle income,3,3,1.0,Red Cross/Red Crescent Movement,ReliefWeb type,
44229,Global Detention Project,Academic and Research Institution,Switzerland,High income,3,1,1.0,Academic and Research Institution,ReliefWeb type,
51127,Global Disability Innovation Hub,Academic and Research Institution,United Kingdom of Great Britain and Northern Ireland,High income,3,3,1.0,Academic and Research Institution,ReliefWeb type,
52112,Global Humanitarian Consulting,Other,United Kingdom of Great Britain and Northern Ireland,High income,3,1,0.0,Other,ReliefWeb type,
51863,Global Water Center,Non-governmental Organization,United States of America,High income,3,3,0.333,International NGO,rule,home country is high-income (or not a country in the World Bank list)
484,Government of Côte d'Ivoire,Government,Côte d'Ivoire,Lower middle income,3,3,1.0,Government,ReliefWeb type,
421,Government of Fiji,Government,Fiji,Upper middle income,3,3,1.0,Government,ReliefWeb type,
542,Government of New Zealand,Government,New Zealand,High income,3,3,0.667,Government,ReliefWeb type,
2374,Government of the Central African Republic,Government,Central African Republic,Low income,3,3,1.0,Government,ReliefWeb type,
2857,Government of the United Arab Emirates,Government,United Arab Emirates,High income,3,3,0.667,Government,ReliefWeb type,
50788,Grassroots Nest for Innovations and Change,Non-governmental Organization,Kenya,Lower middle income,3,3,1.0,Locally based NGO,rule,home country is low/middle-income and 100% of located posts are there
50571,Greater Lake Elmenteita Conservation Area,Non-governmental Organization,Kenya,Lower middle income,3,3,1.0,Locally based NGO,rule,home country is low/middle-income and 100% of located posts are there
14889,Gurtong,Non-governmental Organization,South Sudan,Low income,3,3,0.667,Regional NGO (global South base),rule,home country is low/middle-income but only 67% of located posts are there
33671,HERE-Geneva,Academic and Research Institution,Switzerland,High income,3,3,1.0,Academic and Research Institution,ReliefWeb type,
51071,HIVE,Non-governmental Organization,Belgium,High income,3,3,0.333,International NGO,rule,home country is high-income (or not a country in the World Bank list)
51363,HOST International,Non-governmental Organization,Australia; Malaysia; New Zealand,High income; Upper middle income,3,3,1.0,International NGO,rule,home country is high-income (or not a country in the World Bank list)
10982,Haitian American Caucus - Haiti,Non-governmental Organization,United States of America,High income,3,3,0.0,International NGO,rule,home country is high-income (or not a country in the World Bank list)
1965,Haitian Health Foundation,Non-governmental Organization,United States of America,High income,3,3,0.0,International NGO,rule,home country is high-income (or not a country in the World Bank list)
27626,Hamomi Children's Centre,Non-governmental Organization,United States of America,High income,3,3,0.0,International NGO,rule,home country is high-income (or not a country in the World Bank list)
47928,Harm Reduction International,Non-governmental Organization,United Kingdom of Great Britain and Northern Ireland,High income,3,3,1.0,International NGO,rule,home country is high-income (or not a country in the World Bank list)
2462,Harris Hill,Other,United Kingdom of Great Britain and Northern Ireland,High income,3,2,1.0,Other,ReliefWeb type,
15477,Health Cluster,International Organization,Switzerland,High income,3,0,,International Organization,ReliefWeb type,
50490,Help Refugees / Choose Love,Non-governmental Organization,United Kingdom of Great Britain and Northern Ireland,High income,3,3,1.0,International NGO,rule,home country is high-income (or not a country in the World Bank list)
9839,Holt International,Non-governmental Organization,United States of America,High income,3,3,0.667,International NGO,rule,home country is high-income (or not a country in the World Bank list)
33896,Hope for Children Organization Australia Ltd,Non-governmental Organization,Australia,High income,3,3,0.0,International NGO,rule,home country is high-income (or not a country in the World Bank list)
10529,Human Rights Alliance - Nepal,Non-governmental Organization,Nepal,Lower middle income,3,3,1.0,Locally based NGO,rule,home country is low/middle-income and 100% of located posts are there
1067,Human Rights First,Non-governmental Organization,United States of America,High income,3,3,1.0,International NGO,rule,home country is high-income (or not a country in the World Bank list)
4563,Human Rights Information and Documentation Systems,Non-governmental Organization,Switzerland,High income,3,0,,International NGO,rule,home country is high-income (or not a country in the World Bank list)
18401,Human Rights and IHL Secretariat in the oPt,Non-governmental Organization,occupied Palestinian territory,Lower middle income,3,3,1.0,Locally based NGO,rule,home country is low/middle-income and 100% of located posts are there
4540,Humanitarian Futures Programme,Academic and Research Institution,United Kingdom of Great Britain and Northern Ireland,High income,3,3,1.0,Academic and Research Institution,ReliefWeb type,
3646,Humanity United,Other,United States of America,High income,3,3,1.0,Other,ReliefWeb type,
23866,IDAY,Non-governmental Organization,Belgium,High income,3,3,1.0,International NGO,rule,home country is high-income (or not a country in the World Bank list)
2881,IFOR,Non-governmental Organization,Netherlands,High income,3,3,0.667,International NGO,rule,home country is high-income (or not a country in the World Bank list)
13030,IIDA Women's Development Organization,Non-governmental Organization,Somalia,Low income,3,3,0.667,Regional NGO (global South base),rule,home country is low/middle-income but only 67% of located posts are there
13389,INCLUDED,Non-governmental Organization,United Kingdom of Great Britain and Northern Ireland,High income,3,3,0.0,International NGO,rule,home country is high-income (or not a country in the World Bank list)
52265,ITAR Consultants,Other,Estonia,High income,3,3,0.0,Other,ReliefWeb type,
2948,IWRAW,Non-governmental Organization,Malaysia,Upper middle income,3,3,1.0,Locally based NGO,rule,home country is low/middle-income and 100% of located posts are there
45269,ImagiNation Afrika,Non-governmental Organization,Senegal,Lower middle income,3,3,1.0,Locally based NGO,rule,home country is low/middle-income and 100% of located posts are there
51884,Inades Formation Kenya,Non-governmental Organization,Kenya,Lower middle income,3,3,1.0,Locally based NGO,rule,home country is low/middle-income and 100% of located posts are there
36861,Incofin Investment Management,Other,World,Not classified,3,3,0.0,Other,ReliefWeb type,
10241,Institute for Healthcare Improvement,Non-governmental Organization,United States of America,High income,3,3,0.333,International NGO,rule,home country is high-income (or not a country in the World Bank list)
51403,Institute for Sustainable Development and International Relations,Academic and Research Institution,France,High income,3,3,1.0,Academic and Research Institution,ReliefWeb type,
12656,Integra,Other,United States of America,High income,3,4,0.75,Other,ReliefWeb type,
3116,Integrated Development Consultants,Other,Egypt,Lower middle income,3,3,1.0,Other,ReliefWeb type,
16786,Integrated Research on Disaster Risk,Academic and Research Institution,China,Upper middle income,3,3,1.0,Academic and Research Institution,ReliefWeb type,
15480,Inter Agency Group Odisha,Non-governmental Organization,India,Lower middle income,3,1,0.0,Regional NGO (global South base),rule,home country is low/middle-income but only 0% of located posts are there
46034,Inter-Agency Regional Analysts Network,Academic and Research Institution,United Kingdom of Great Britain and Northern Ireland,High income,3,3,0.0,Academic and Research Institution,ReliefWeb type,
1025,Inter-Agency Standing Committee,International Organization,Switzerland,High income,3,1,0.0,International Organization,ReliefWeb type,
1567,International Aid Services,Non-governmental Organization,Sweden,High income,3,3,0.0,International NGO,rule,home country is high-income (or not a country in the World Bank list)
10825,International Campaign to Abolish Nuclear Weapons (ICAN),Other,Australia,High income,3,3,0.0,Other,ReliefWeb type,
1291,International Food Policy Research Institute,Academic and Research Institution,United States of America,High income,3,2,1.0,Academic and Research Institution,ReliefWeb type,
2151,International Partnership for Human Development,Non-governmental Organization,United States of America,High income,3,3,0.0,International NGO,rule,home country is high-income (or not a country in the World Bank list)
44984,International Voluntary Service,Non-governmental Organization,United Kingdom of Great Britain and Northern Ireland,High income,3,3,0.0,International NGO,rule,home country is high-income (or not a country in the World Bank list)
2997,International Women's Development Agency,Non-governmental Organization,Australia,High income,3,3,1.0,International NGO,rule,home country is high-income (or not a country in the World Bank list)
50541,Iraqi Institution for Development,Non-governmental Organization,Iraq,Upper middle income,3,3,1.0,Locally based NGO,rule,home country is low/middle-income and 100% of located posts are there
11040,Irish Consortium on Gender Based Violence,Non-governmental Organization,Ireland,High income,3,2,1.0,International NGO,rule,home country is high-income (or not a country in the World Bank list)
22576,Istituto Pace Sviluppo Innovazione ACLI,Non-governmental Organization,Italy,High income,3,3,0.0,International NGO,rule,home country is high-income (or not a country in the World Bank list)
28851,JUMEME Rural Power Supply,Non-governmental Organization,United Republic of Tanzania,Lower middle income,3,3,1.0,Locally based NGO,rule,home country is low/middle-income and 100% of located posts are there
39484,Jacobs Foundation,Non-governmental Organization,Switzerland,High income,3,3,0.0,International NGO,rule,home country is high-income (or not a country in the World Bank list)
45974,Jafra Foundation for Relief and Youth Development,Non-governmental Organization,Lebanon,Lower middle income,3,2,1.0,Locally based NGO,rule,home country is low/middle-income and 100% of located posts are there
11404,Jitegemee,Non-governmental Organization,Kenya,Lower middle income,3,3,1.0,Locally based NGO,rule,home country is low/middle-income and 100% of located posts are there
46129,Joint Learning Initiative on Faith & Local Communities,Academic and Research Institution,United States of America,High income,3,7,0.286,Academic and Research Institution,ReliefWeb type,
14887,Jordan Health Aid Society,Non-governmental Organization,Jordan,Upper middle income,3,3,1.0,Locally based NGO,rule,home country is low/middle-income and 100% of located posts are there
49959,KIYO,Non-governmental Organization,Belgium,High income,3,2,0.5,International NGO,rule,home country is high-income (or not a country in the World Bank list)
11015,Kaarak,Other,India,Lower middle income,3,3,1.0,Other,ReliefWeb type,
46004,Karen Refugee Committee,Non-governmental Organization,Thailand,Upper middle income,3,3,1.0,Locally based NGO,rule,home country is low/middle-income and 100% of located posts are there
2814,Keeping Children Safe,Non-governmental Organization,United Kingdom of Great Britain and Northern Ireland,High income,3,2,1.0,International NGO,rule,home country is high-income (or not a country in the World Bank list)
49098,Kelele Africa,Non-governmental Organization,Uganda,Low income,3,3,1.0,Locally based NGO,rule,home country is low/middle-income and 100% of located posts are there
27411,Kenya Cancer Association,Non-governmental Organization,Kenya,Lower middle income,3,3,1.0,Locally based NGO,rule,home country is low/middle-income and 100% of located posts are there
48083,Knowledge Platform Security & Rule of Law,Non-governmental Organization,Netherlands,High income,3,3,1.0,International NGO,rule,home country is high-income (or not a country in the World Bank list)
51026,Konexio,Non-governmental Organization,France,High income,3,0,,International NGO,rule,home country is high-income (or not a country in the World Bank list)
52044,Korea Foundation for International Healthcare,Government,Republic of Korea,High income,3,3,0.0,Government,ReliefWeb type,
1608,Krousar Thmey,Non-governmental Organization,France,High income,3,3,0.0,International NGO,rule,home country is high-income (or not a country in the World Bank list)
50867,L'Arche International,Non-governmental Organization,France,High income,3,2,0.5,International NGO,rule,home country is high-income (or not a country in the World Bank list)
51706,Lakou Lapè,Non-governmental Organization,Haiti,Lower middle income,3,3,1.0,Locally based NGO,rule,home country is low/middle-income and 100% of located posts are there
52213,Legal Aid Society,Non-governmental Organization,Pakistan,Lower middle income,3,3,1.0,Locally based NGO,rule,home country is low/middle-income and 100% of located posts are there
49503,Lilongwe Wildlife Trust,Non-governmental Organization,Malawi,Low income,3,3,1.0,Locally based NGO,rule,home country is low/middle-income and 100% of located posts are there
10264,Louisiana State University Agricultural Center,Academic and Research Institution,United States of America,High income,3,3,0.0,Academic and Research Institution,ReliefWeb type,
51848,MENAACTION,Non-governmental Organization,United States of America,High income,3,3,0.0,International NGO,rule,home country is high-income (or not a country in the World Bank list)
48148,MINARET,Non-governmental Organization,Jordan,Upper middle income,3,5,0.6,Regional NGO (global South base),rule,home country is low/middle-income but only 60% of located posts are there
3463,MWH Global,Other,United States of America,High income,3,2,0.0,Other,ReliefWeb type,
29861,Mae Fah Luang Foundation under Royal Patronage,Non-governmental Organization,Thailand,Upper middle income,3,3,1.0,Locally based NGO,rule,home country is low/middle-income and 100% of located posts are there
51906,Management of Arid Zones Initiatives and Development Options International,Non-governmental Organization,Kenya,Lower middle income,3,3,1.0,Locally based NGO,rule,home country is low/middle-income and 100% of located posts are there
14730,Mango Fund,Non-governmental Organization,United States of America,High income,3,3,0.0,International NGO,rule,home country is high-income (or not a country in the World Bank list)
9761,Massachusetts General Hospital,Other,United States of America,High income,3,3,0.0,Other,ReliefWeb type,
34191,Mathematica Policy Research,Other,United States of America,High income,3,3,0.0,Other,ReliefWeb type,
40044,Media Development Investment Fund,Other,United States of America,High income,3,2,0.0,Other,ReliefWeb type,
3999,Medicines for Malaria Venture,Other,Switzerland,High income,3,9,0.333,Other,ReliefWeb type,
11240,Micro Investment Consultancy Services,Other,Nigeria,Lower middle income,3,3,1.0,Other,ReliefWeb type,
15826,Mishal,Other,Pakistan,Lower middle income,3,3,1.0,Other,ReliefWeb type,
52203,Money for Madagascar,Non-governmental Organization,United Kingdom of Great Britain and Northern Ireland,High income,3,2,0.5,International NGO,rule,home country is high-income (or not a country in the World Bank list)
11078,NAK-karitativ,Non-governmental Organization,Germany,High income,3,3,0.333,International NGO,rule,home country is high-income (or not a country in the World Bank list)
52022,NSDation Consultancy Services,Other,Türkiye,Upper middle income,3,2,1.0,Other,ReliefWeb type,
50746,Nadia’s Initiative,Non-governmental Organization,United States of America,High income,3,1,0.0,International NGO,rule,home country is high-income (or not a country in the World Bank list)
16781,National Centre for HIV/AIDS Dermatology and STDs,Government,Cambodia,Lower middle income,3,3,1.0,Government,ReliefWeb type,
51172,Native Scientist,Non-governmental Organization,Portugal; United Kingdom of Great Britain and Northern Ireland,High income,3,2,1.0,International NGO,rule,home country is high-income (or not a country in the World Bank list)
46139,Nes Ammim,Non-governmental Organization,Israel,High income,3,3,1.0,International NGO,rule,home country is high-income (or not a country in the World Bank list)
45434,New Sight Eye Care,Non-governmental Organization,United Kingdom of Great Britain and Northern Ireland,High income,3,3,0.0,International NGO,rule,home country is high-income (or not a country in the World Bank list)
50472,No Means No Worldwide,Non-governmental Organization,United States of America,High income,3,2,0.5,International NGO,rule,home country is high-income (or not a country in the World Bank list)
50818,Non communicative Disease Alliance,Other,Switzerland,High income,3,3,0.333,Other,ReliefWeb type,
51455,Norwegian Human Rights Fund,Non-governmental Organization,Norway,High income,3,3,0.0,International NGO,rule,home country is high-income (or not a country in the World Bank list)
51055,Norwegian Nurses Organisation,Non-governmental Organization,Norway,High income,3,0,,International NGO,rule,home country is high-income (or not a country in the World Bank list)
19041,Notio Partners,Other,United States of America,High income,3,3,0.0,Other,ReliefWeb type,
50922,OVCI la Nostra Famiglia,Non-governmental Organization,Italy,High income,3,3,0.0,International NGO,rule,home country is high-income (or not a country in the World Bank list)
39369,Oidhaco,Non-governmental Organization,Belgium,High income,3,3,1.0,International NGO,rule,home country is high-income (or not a country in the World Bank list)
349,Oikocredit,Other,Netherlands,High income,3,3,0.0,Other,ReliefWeb type,
10099,Open Forum for CSO Development Effectiveness,Other,Belgium,High income,3,1,1.0,Other,ReliefWeb type,
12429,Organization for Public Health Interventions and Development,Other,Zimbabwe,Lower middle income,3,3,1.0,Other,ReliefWeb type,
4473,Oxfam New Zealand,Non-governmental Organization,New Zealand,High income,3,3,0.667,International NGO,rule,home country is high-income (or not a country in the World Bank list)
2450,PRADAN,Non-governmental Organization,India,Lower middle income,3,3,1.0,Locally based NGO,rule,home country is low/middle-income and 100% of located posts are there
11014,Pak Rural Development program,Non-governmental Organization,Pakistan,Lower middle income,3,2,1.0,Locally based NGO,rule,home country is low/middle-income and 100% of located posts are there
12539,Palacký University of Olomouc,Academic and Research Institution,Czechia,High income,3,3,1.0,Academic and Research Institution,ReliefWeb type,
51567,Palestine Association for Children’s Encouragement of Sports,Non-governmental Organization,United Kingdom of Great Britain and Northern Ireland,High income,3,3,0.0,International NGO,rule,home country is high-income (or not a country in the World Bank list)
19011,Palestine Children's Relief Fund,Non-governmental Organization,United States of America,High income,3,3,0.667,International NGO,rule,home country is high-income (or not a country in the World Bank list)
50561,Palestinian Vision Organization,Non-governmental Organization,occupied Palestinian territory,Lower middle income,3,3,1.0,Locally based NGO,rule,home country is low/middle-income and 100% of located posts are there
15166,Pan African Climate Justice Alliance,Other,Kenya,Lower middle income,3,3,1.0,Other,ReliefWeb type,
44514,"Partnership to Engage, Reform and Learn",Non-governmental Organization,Nigeria,Lower middle income,3,3,1.0,Locally based NGO,rule,home country is low/middle-income and 100% of located posts are there
3562,Partnerships in Environmental Management for the Seas of East Asia,Academic and Research Institution,Philippines,Upper middle income,3,3,1.0,Academic and Research Institution,ReliefWeb type,
50911,Peace Gate For Development Organization,Non-governmental Organization,Iraq,Upper middle income,3,3,1.0,Locally based NGO,rule,home country is low/middle-income and 100% of located posts are there
51437,PeaceWomen Across the Globe,Non-governmental Organization,Switzerland,High income,3,3,1.0,International NGO,rule,home country is high-income (or not a country in the World Bank list)
13256,Philanthropy Advisors,Non-governmental Organization,Switzerland,High income,3,3,1.0,International NGO,rule,home country is high-income (or not a country in the World Bank list)
14013,Physicians for Haiti,Non-governmental Organization,Haiti,Lower middle income,3,0,,Regional NGO (global South base),rule,home country is low/middle-income; no posts carry a country
44479,Population Reference Bureau,Non-governmental Organization,United States of America,High income,3,3,0.0,International NGO,rule,home country is high-income (or not a country in the World Bank list)
43934,Power of Nutrition,Non-governmental Organization,United Kingdom of Great Britain and Northern Ireland,High income,3,3,1.0,International NGO,rule,home country is high-income (or not a country in the World Bank list)
36346,Prague Civil Society Centre,Non-governmental Organization,Czechia,High income,3,3,1.0,International NGO,rule,home country is high-income (or not a country in the World Bank list)
51095,Presencing Institute,Other,United States of America,High income,3,0,,Other,ReliefWeb type,
51534,Prison Insider,Other,France,High income,3,3,1.0,Other,ReliefWeb type,
47359,Proaction Consulting,Non-governmental Organization,United Kingdom of Great Britain and Northern Ireland,High income,3,1,0.0,International NGO,rule,home country is high-income (or not a country in the World Bank list)
8313,Project Healthy Children,Non-governmental Organization,United States of America,High income,3,3,0.0,International NGO,rule,home country is high-income (or not a country in the World Bank list)
47923,Proof of Impact,Other,Netherlands,High income,3,2,1.0,Other,ReliefWeb type,
52707,Prosper Global,Non-governmental Organization,United States of America,High income,3,4,0.25,International NGO,rule,home country is high-income (or not a country in the World Bank list)
34066,Proximity Designs,Non-governmental Organization,United States of America,High income,3,3,0.0,International NGO,rule,home country is high-income (or not a country in the World Bank list)
2612,Pump Aid,Other,United Kingdom of Great Britain and Northern Ireland,High income,3,3,0.333,Other,ReliefWeb type,
2538,Quaker Peace & Social Witness,Non-governmental Organization,United Kingdom of Great Britain and Northern Ireland,High income,3,6,0.0,International NGO,rule,home country is high-income (or not a country in the World Bank list)
10691,RMA Group,Other,Thailand,Upper middle income,3,3,0.0,Other,ReliefWeb type,
15906,Radar,Non-governmental Organization,United Kingdom of Great Britain and Northern Ireland,High income,3,3,1.0,International NGO,rule,home country is high-income (or not a country in the World Bank list)
45039,Reconstituted Joint Monitoring and Evaluation Commission,International Organization,South Sudan,Low income,3,3,0.667,International Organization,ReliefWeb type,
50662,Refugee Legal Support,Non-governmental Organization,United Kingdom of Great Britain and Northern Ireland,High income,3,3,1.0,International NGO,rule,home country is high-income (or not a country in the World Bank list)
52367,Refugee Support Europe,Non-governmental Organization,United Kingdom of Great Britain and Northern Ireland,High income,3,2,0.0,International NGO,rule,home country is high-income (or not a country in the World Bank list)
9472,Regional Environmental Centre for the Caucasus,Other,Georgia,Upper middle income,3,3,1.0,Other,ReliefWeb type,
24551,"Relief, Reconstruction and Development Organization",Non-governmental Organization,Kenya,Lower middle income,3,3,1.0,Locally based NGO,rule,home country is low/middle-income and 100% of located posts are there
44989,Resilience Global,Non-governmental Organization,United Kingdom of Great Britain and Northern Ireland,High income,3,3,1.0,International NGO,rule,home country is high-income (or not a country in the World Bank list)
47723,Rice 360° Institute for Global Health,Non-governmental Organization,United States of America,High income,3,3,0.333,International NGO,rule,home country is high-income (or not a country in the World Bank list)
15517,Risk and Strategic Management,Other,United States of America,High income,3,3,0.0,Other,ReliefWeb type,
46319,Riyada Consulting and Training,Other,occupied Palestinian territory,Lower middle income,3,5,0.0,Other,ReliefWeb type,
36631,Robin Wyatt Vision Ltd.,Other,United Kingdom of Great Britain and Northern Ireland,High income,3,2,0.0,Other,ReliefWeb type,
37486,Roma Education Fund,Non-governmental Organization,World,Not classified,3,3,0.0,International NGO,rule,home country is high-income (or not a country in the World Bank list)
49008,Royal College of Obstetricians and Gynaecologists,Non-governmental Organization,United Kingdom of Great Britain and Northern Ireland,High income,3,1,1.0,International NGO,rule,home country is high-income (or not a country in the World Bank list)
47609,SIC4Change,Other,Spain,High income,3,3,0.0,Other,ReliefWeb type,
4233,SOCODEVI,Other,Canada,High income,3,3,0.0,Other,ReliefWeb type,
35206,SOS Hotline for Women and Children Victims of Violence Niksic,Non-governmental Organization,Montenegro,Upper middle income,3,3,1.0,Locally based NGO,rule,home country is low/middle-income and 100% of located posts are there
52025,SOS Kinderdorpen,Non-governmental Organization,Netherlands,High income,3,3,1.0,International NGO,rule,home country is high-income (or not a country in the World Bank list)
25741,SUNY Center for International Development,Academic and Research Institution,United States of America,High income,3,3,0.0,Academic and Research Institution,ReliefWeb type,
51355,SWISSAID,Non-governmental Organization,Switzerland,High income,3,3,0.0,International NGO,rule,home country is high-income (or not a country in the World Bank list)
51596,Sababi Institute,Other,United States of America,High income,3,0,,Other,ReliefWeb type,
2876,Safer Access,Other,United Kingdom of Great Britain and Northern Ireland,High income,3,2,0.0,Other,ReliefWeb type,
46439,Salam Lebanese Association for Development and Communication,Non-governmental Organization,Lebanon,Lower middle income,3,3,1.0,Locally based NGO,rule,home country is low/middle-income and 100% of located posts are there
15542,Sasakawa Africa Association,Non-governmental Organization,Switzerland,High income,3,3,0.0,International NGO,rule,home country is high-income (or not a country in the World Bank list)
7620,Sengsavang,Non-governmental Organization,Lao People's Democratic Republic (the),Lower middle income,3,3,1.0,Locally based NGO,rule,home country is low/middle-income and 100% of located posts are there
36921,Seva Foundation,Non-governmental Organization,United States of America,High income,3,2,0.5,International NGO,rule,home country is high-income (or not a country in the World Bank list)
43834,Sheikh Saud bin Saqr Al Qasimi Foundation for Policy Research,Other,United Arab Emirates,High income,3,3,1.0,Other,ReliefWeb type,
13205,Small Media,Other,United Kingdom of Great Britain and Northern Ireland,High income,3,3,1.0,Other,ReliefWeb type,
15454,Social Change School,Non-governmental Organization,Spain,High income,3,3,0.667,International NGO,rule,home country is high-income (or not a country in the World Bank list)
3729,Solidarity Service international,Non-governmental Organization,Germany,High income,3,3,0.0,International NGO,rule,home country is high-income (or not a country in the World Bank list)
11895,Solidarity with South Sudan,Non-governmental Organization,South Sudan,Low income,3,3,1.0,Locally based NGO,rule,home country is low/middle-income and 100% of located posts are there
42924,Soul City Institute for Social Justice,Non-governmental Organization,South Africa,Upper middle income,3,3,1.0,Locally based NGO,rule,home country is low/middle-income and 100% of located posts are there
49663,Spark Microgrants,Non-governmental Organization,United States of America,High income,3,3,0.0,International NGO,rule,home country is high-income (or not a country in the World Bank list)
50306,St John’s Community Centre,Non-governmental Organization,Kenya,Lower middle income,3,3,1.0,Locally based NGO,rule,home country is low/middle-income and 100% of located posts are there
1346,Steering Committee for Humanitarian Response,Non-governmental Organization,Switzerland,High income,3,3,1.0,International NGO,rule,home country is high-income (or not a country in the World Bank list)
47048,Suas Educational Development,Non-governmental Organization,Ireland,High income,3,3,0.0,International NGO,rule,home country is high-income (or not a country in the World Bank list)
44849,Support for Peace and Education Development Program,Non-governmental Organization,South Sudan,Low income,3,3,1.0,Locally based NGO,rule,home country is low/middle-income and 100% of located posts are there
51985,Sustainable Approaches for Community Empowerment,Non-governmental Organization,Kenya,Lower middle income,3,3,1.0,Locally based NGO,rule,home country is low/middle-income and 100% of located posts are there
40104,Sustainable International Medical Relief Organization,Non-governmental Organization,Türkiye,Upper middle income,3,3,1.0,Locally based NGO,rule,based in Türkiye or Syria: treated as locally based (Syria response)
12045,Swedish Organisation for Individual Relief,Non-governmental Organization,India,Lower middle income,3,3,0.333,Regional NGO (global South base),rule,home country is low/middle-income but only 33% of located posts are there
11630,Sylvia Bongo Ondimba Foundation,Non-governmental Organization,Gabon,Upper middle income,3,3,1.0,Locally based NGO,rule,home country is low/middle-income and 100% of located posts are there
46988,Syrian Charities and Associations Network in the United Kingdom,Non-governmental Organization,United Kingdom of Great Britain and Northern Ireland,High income,3,3,1.0,International NGO,rule,home country is high-income (or not a country in the World Bank list)
50917,TD Consulting Ltd,Other,Kenya,Lower middle income,3,3,1.0,Other,ReliefWeb type,
51616,Teach For All,Non-governmental Organization,United States of America,High income,3,15,0.0,International NGO,rule,home country is high-income (or not a country in the World Bank list)
15048,Techo,Non-governmental Organization,Mexico,Upper middle income,3,3,0.667,Regional NGO (global South base),rule,home country is low/middle-income but only 67% of located posts are there
2267,Terra Nuova,Non-governmental Organization,Italy,High income,3,12,0.0,International NGO,rule,home country is high-income (or not a country in the World Bank list)
49498,Thabyay Education Foundation,Non-governmental Organization,Myanmar,Lower middle income,3,3,1.0,Locally based NGO,rule,home country is low/middle-income and 100% of located posts are there
10155,Thai Committee for Refugees Foundation,Non-governmental Organization,Thailand,Upper middle income,3,3,1.0,Locally based NGO,rule,home country is low/middle-income and 100% of located posts are there
51013,The Accessibility Institute,Non-governmental Organization,Kenya,Lower middle income,3,6,0.333,Regional NGO (global South base),rule,home country is low/middle-income but only 33% of located posts are there
13599,The Action Foundation,Non-governmental Organization,Kenya,Lower middle income,3,3,1.0,Locally based NGO,rule,home country is low/middle-income and 100% of located posts are there
51122,The Brenda Strafford Foundation,Non-governmental Organization,Canada; Haiti,High income; Lower middle income,3,3,1.0,International NGO,rule,home country is high-income (or not a country in the World Bank list)
11625,The Hague Process on Refugees and Migration,International Organization,Netherlands,High income,3,2,1.0,International Organization,ReliefWeb type,
44544,The Hope Foundation,Non-governmental Organization,Ireland,High income,3,3,1.0,International NGO,rule,home country is high-income (or not a country in the World Bank list)
11271,The Horn Economic and Social Policy Institute (HESPI),Other,Ethiopia,Low income,3,3,1.0,Other,ReliefWeb type,
49648,The Karen Hilltribes Trust,Non-governmental Organization,Thailand,Upper middle income,3,3,1.0,Locally based NGO,rule,home country is low/middle-income and 100% of located posts are there
51735,The MHPSS Collaborative,Non-governmental Organization,Denmark,High income,3,0,,International NGO,rule,home country is high-income (or not a country in the World Bank list)
3684,The Middle East Council of Churches,Other,Lebanon,Lower middle income,3,3,1.0,Other,ReliefWeb type,
50935,The Sunrise Project,Non-governmental Organization,Australia,High income,3,0,,International NGO,rule,home country is high-income (or not a country in the World Bank list)
9669,Thumbs Up Africa,Non-governmental Organization,Netherlands,High income,3,2,1.0,International NGO,rule,home country is high-income (or not a country in the World Bank list)
46679,Tobby Vision Computers,Non-governmental Organization,Cameroon,Lower middle income,3,2,1.0,Locally based NGO,rule,home country is low/middle-income and 100% of located posts are there
8952,TradeMark Africa,Non-governmental Organization,Kenya,Lower middle income,3,3,0.333,Regional NGO (global South base),rule,home country is low/middle-income but only 33% of located posts are there
52552,Transcultural Psychosocial Organisation - DRC,Non-governmental Organization,Democratic Republic of the Congo,Low income,3,3,1.0,Locally based NGO,rule,home country is low/middle-income and 100% of located posts are there
51072,Transform Health Coalition,Non-governmental Organization,Switzerland,High income,3,1,1.0,International NGO,rule,home country is high-income (or not a country in the World Bank list)
42944,Tree Kangaroo Conservation Program,Other,United States of America,High income,3,3,0.0,Other,ReliefWeb type,
51743,Trias Consult,Other,United Kingdom of Great Britain and Northern Ireland,High income,3,7,0.286,Other,ReliefWeb type,
35591,TuaRes Foundation,Non-governmental Organization,Germany,High income,3,3,0.667,International NGO,rule,home country is high-income (or not a country in the World Bank list)
14966,Turame Community Finance,Non-governmental Organization,Burundi,Low income,3,2,1.0,Locally based NGO,rule,home country is low/middle-income and 100% of located posts are there
48898,Tutapona,Non-governmental Organization,Uganda,Low income,3,3,0.333,Regional NGO (global South base),rule,home country is low/middle-income but only 33% of located posts are there
8162,Twin,Other,United Kingdom of Great Britain and Northern Ireland,High income,3,2,1.0,Other,ReliefWeb type,
1421,UN Convention to Combat Desertification,International Organization,Germany,High income,3,3,1.0,International Organization,ReliefWeb type,
3591,UN Peacebuilding Fund,International Organization,United States of America,High income,3,3,0.333,International Organization,ReliefWeb type,
47088,UN Regional Centre for Preventive Diplomacy for Central Asia,International Organization,Turkmenistan,Upper middle income,3,3,0.333,International Organization,ReliefWeb type,
9432,UN Support Mission in Libya,International Organization,Libya,Upper middle income,3,4,0.25,International Organization,ReliefWeb type,
1734,UN Sustainable Development Group,International Organization,United States of America,High income,3,3,1.0,International Organization,ReliefWeb type,
49003,URBAN REFUGEES,Non-governmental Organization,France,High income,3,3,0.667,International NGO,rule,home country is high-income (or not a country in the World Bank list)
1755,US Department of Agriculture,Government,United States of America,High income,3,3,0.667,Government,ReliefWeb type,
8696,Uganda Health Marketing Group (UHMG),Non-governmental Organization,Uganda,Low income,3,3,1.0,Locally based NGO,rule,home country is low/middle-income and 100% of located posts are there
14336,United Hospital Fund,Academic and Research Institution,United States of America,High income,3,3,1.0,Academic and Research Institution,ReliefWeb type,
46759,United World Schools,Non-governmental Organization,United Kingdom of Great Britain and Northern Ireland,High income,3,3,1.0,International NGO,rule,home country is high-income (or not a country in the World Bank list)
3903,University of Birmingham,Academic and Research Institution,United Kingdom of Great Britain and Northern Ireland,High income,3,6,0.5,Academic and Research Institution,ReliefWeb type,
11152,University of Makeni,Academic and Research Institution,Sierra Leone,Low income,3,3,1.0,Academic and Research Institution,ReliefWeb type,
2093,University of Massachusetts,Academic and Research Institution,United States of America,High income,3,3,0.0,Academic and Research Institution,ReliefWeb type,
4032,University of Toronto,Academic and Research Institution,Canada,High income,3,3,1.0,Academic and Research Institution,ReliefWeb type,
51185,VOICE,Non-governmental Organization,United States of America,High income,3,3,0.0,International NGO,rule,home country is high-income (or not a country in the World Bank list)
4038,Vanderbilt Institute,Academic and Research Institution,United States of America,High income,3,4,0.5,Academic and Research Institution,ReliefWeb type,
45769,Vision Quest,Non-governmental Organization,Kenya,Lower middle income,3,3,1.0,Locally based NGO,rule,home country is low/middle-income and 100% of located posts are there
51074,Visualizing Impact,Non-governmental Organization,Canada,High income,3,1,0.0,International NGO,rule,home country is high-income (or not a country in the World Bank list)
13487,Waldron,Other,United States of America,High income,3,3,1.0,Other,ReliefWeb type,
50387,West African Science Service Centre on Climate Change and Adapted Land Use,Academic and Research Institution,Ghana,Lower middle income,3,3,1.0,Academic and Research Institution,ReliefWeb type,
10065,Witkoppen Health and Welfare Centre,Non-governmental Organization,South Africa,Upper middle income,3,3,1.0,Locally based NGO,rule,home country is low/middle-income and 100% of located posts are there
40144,WoMin,Non-governmental Organization,South Africa,Upper middle income,3,2,1.0,Locally based NGO,rule,home country is low/middle-income and 100% of located posts are there
51432,Women First Digital,Other,United States of America,High income,3,0,,Other,ReliefWeb type,
52664,Women's Programs Association,Non-governmental Organization,Lebanon,Lower middle income,3,3,1.0,Locally based NGO,rule,home country is low/middle-income and 100% of located posts are there
15514,Woord en Daad,Non-governmental Organization,Netherlands,High income,3,3,0.0,International NGO,rule,home country is high-income (or not a country in the World Bank list)
51140,World Mosquito Program,Academic and Research Institution,Australia,High income,3,3,0.0,Academic and Research Institution,ReliefWeb type,
31311,Yara LNC,Non-governmental Organization,Niger,Low income,3,3,1.0,Locally based NGO,rule,home country is low/middle-income and 100% of located posts are there
50672,Yiaga Africa Initiative,Non-governmental Organization,Nigeria,Lower middle income,3,3,1.0,Locally based NGO,rule,home country is low/middle-income and 100% of located posts are there
51669,Zamzam Foundation,Non-governmental Organization,Somalia,Low income,3,3,1.0,Locally based NGO,rule,home country is low/middle-income and 100% of located posts are there
40909,Zoe Talent Solutions,Other,,,3,0,,Other,ReliefWeb type,
4068,École Polytechnique Fédérale de Lausanne,Academic and Research Institution,Switzerland,High income,3,3,1.0,Academic and Research Institution,ReliefWeb type,
51845,5Rights Foundation,Non-governmental Organization,United Kingdom of Great Britain and Northern Ireland,High income,2,2,1.0,International NGO,rule,home country is high-income (or not a country in the World Bank list)
4343,ACCION,Non-governmental Organization,United States of America,High income,2,2,1.0,International NGO,rule,home country is high-income (or not a country in the World Bank list)
3141,ACHA,Non-governmental Organization,Ethiopia,Low income,2,2,0.0,Regional NGO (global South base),rule,home country is low/middle-income but only 0% of located posts are there
10312,ACTION for a World Community for Food Reserves,Other,Belgium,High income,2,2,1.0,Other,ReliefWeb type,
26891,"AIDA Ayuda, Intercambio y Desarrollo",Non-governmental Organization,Spain,High income,2,1,0.0,International NGO,rule,home country is high-income (or not a country in the World Bank list)
51773,Accem,Non-governmental Organization,Spain,High income,2,2,0.0,International NGO,rule,home country is high-income (or not a country in the World Bank list)
45354,Action Against Hunger Germany,Non-governmental Organization,Germany,High income,2,1,1.0,International NGO,rule,home country is high-income (or not a country in the World Bank list)
44874,Action Health Incorporated,Non-governmental Organization,Nigeria,Lower middle income,2,2,1.0,Locally based NGO,rule,home country is low/middle-income and 100% of located posts are there
51510,ActionAid Ireland,Non-governmental Organization,Ireland,High income,2,6,0.0,International NGO,rule,home country is high-income (or not a country in the World Bank list)
15236,Aethos,Other,United Kingdom of Great Britain and Northern Ireland,High income,2,2,0.0,Other,ReliefWeb type,
13811,Afghan Holding Group,Non-governmental Organization,Afghanistan,Low income,2,2,1.0,Locally based NGO,rule,home country is low/middle-income and 100% of located posts are there
3944,Afghanistan Legal Education Project,Academic and Research Institution,United States of America,High income,2,2,0.0,Academic and Research Institution,ReliefWeb type,
50437,AfriKids,Non-governmental Organization,United Kingdom of Great Britain and Northern Ireland,High income,2,1,0.0,International NGO,rule,home country is high-income (or not a country in the World Bank list)
51446,Africa Research and Data Ltd,Other,Kenya,Lower middle income,2,3,0.333,Other,ReliefWeb type,
47299,Africa-Europe Diaspora Development Platform,Non-governmental Organization,Belgium,High income,2,1,1.0,International NGO,rule,home country is high-income (or not a country in the World Bank list)
36981,African Center for Monitoring and Evaluation,Academic and Research Institution,,,2,2,0.0,Academic and Research Institution,ReliefWeb type,
4234,African Guarantee Fund,Other,Mauritius,Upper middle income,2,2,0.0,Other,ReliefWeb type,
14781,African Innovation Foundation,Other,Switzerland,High income,2,2,0.0,Other,ReliefWeb type,
46684,African Mental Health Awareness & Care Initiative,Non-governmental Organization,Nigeria,Lower middle income,2,2,1.0,Locally based NGO,rule,home country is low/middle-income and 100% of located posts are there
700,African Network for Health Knowledge Management and Communication,Other,Kenya,Lower middle income,2,2,1.0,Other,ReliefWeb type,
4182,African Security Sector Network,Other,Ghana,Lower middle income,2,2,1.0,Other,ReliefWeb type,
4211,Age UK,Non-governmental Organization,United Kingdom of Great Britain and Northern Ireland,High income,2,2,1.0,International NGO,rule,home country is high-income (or not a country in the World Bank list)
15736,Aid Organization for Refugees,Non-governmental Organization,Israel,High income,2,2,1.0,International NGO,rule,home country is high-income (or not a country in the World Bank list)
44684,Aids Foundation of South Africa,Non-governmental Organization,South Africa,Upper middle income,2,2,1.0,Locally based NGO,rule,home country is low/middle-income and 100% of located posts are there
44694,Al Nayzak Organization for Supportive Education and Scientific Innovation,Non-governmental Organization,occupied Palestinian territory,Lower middle income,2,2,1.0,Locally based NGO,rule,home country is low/middle-income and 100% of located posts are there
51690,Al-Rafed Charity Association,Non-governmental Organization,Jordan,Upper middle income,2,3,0.667,Regional NGO (global South base),rule,home country is low/middle-income but only 67% of located posts are there
44219,All You Need is Love,Non-governmental Organization,United Kingdom of Great Britain and Northern Ireland,High income,2,2,0.0,International NGO,rule,home country is high-income (or not a country in the World Bank list)
51964,Alliance for Public Health,Non-governmental Organization,Ukraine,Upper middle income,2,1,1.0,Locally based NGO,rule,home country is low/middle-income and 100% of located posts are there
11576,Alliance for Rural Electrification,Other,Belgium,High income,2,2,1.0,Other,ReliefWeb type,
4219,Alliance2015,Non-governmental Organization,Denmark,High income,2,1,0.0,International NGO,rule,home country is high-income (or not a country in the World Bank list)
52276,Allscope Innovation and Consultant,Other,Somalia,Low income,2,2,1.0,Other,ReliefWeb type,
8545,AlterSanté,Other,France,High income,2,2,1.0,Other,ReliefWeb type,
47773,Amal For Education,Non-governmental Organization,Italy,High income,2,2,0.0,International NGO,rule,home country is high-income (or not a country in the World Bank list)
48299,American Society for Microbiology,Academic and Research Institution,United States of America,High income,2,2,0.0,Academic and Research Institution,ReliefWeb type,
9704,Arab Coalition for Darfur,Other,Egypt,Lower middle income,2,2,1.0,Other,ReliefWeb type,
9193,Art Refuge UK,Non-governmental Organization,United Kingdom of Great Britain and Northern Ireland,High income,2,2,1.0,International NGO,rule,home country is high-income (or not a country in the World Bank list)
48253,Asante Africa Foundation,Non-governmental Organization,Kenya,Lower middle income,2,2,1.0,Locally based NGO,rule,home country is low/middle-income and 100% of located posts are there
45864,Ascend: Leadership Through Athletics,Other,United States of America,High income,2,2,0.5,Other,ReliefWeb type,
27581,Asia Pacific Transgender Network,Non-governmental Organization,Thailand,Upper middle income,2,2,1.0,Locally based NGO,rule,home country is low/middle-income and 100% of located posts are there
11458,Association Atinati,Non-governmental Organization,Georgia,Upper middle income,2,2,1.0,Locally based NGO,rule,home country is low/middle-income and 100% of located posts are there
15233,Association Partnerships in Health,Non-governmental Organization,Bosnia and Herzegovina,Upper middle income,2,1,1.0,Locally based NGO,rule,home country is low/middle-income and 100% of located posts are there
32666,Association of Captain Mbaye Diagne for the Culture of Peace,Non-governmental Organization,Senegal,Lower middle income,2,2,1.0,Locally based NGO,rule,home country is low/middle-income and 100% of located posts are there
14476,Associazione Italiana donne per lo svillupo,Non-governmental Organization,Italy,High income,2,2,0.0,International NGO,rule,home country is high-income (or not a country in the World Bank list)
15516,Austrian Leprosy Relief Association - Aussätzigen-Hilfswerk Österreich,Other,Austria,High income,2,2,0.5,Other,ReliefWeb type,
42919,Avanti Communications Group plc,Other,United Kingdom of Great Britain and Northern Ireland,High income,2,2,0.0,Other,ReliefWeb type,
35066,Axiom International Ltd.,Other,United Kingdom of Great Britain and Northern Ireland,High income,2,0,,Other,ReliefWeb type,
39979,B.A. Rudolph Foundation,Other,United States of America,High income,2,2,1.0,Other,ReliefWeb type,
666,BADIL Resource Center for Palestinian Residency and Refugee Rights,Non-governmental Organization,occupied Palestinian territory,Lower middle income,2,2,1.0,Locally based NGO,rule,home country is low/middle-income and 100% of located posts are there
37791,Balad,Non-governmental Organization,Türkiye,Upper middle income,2,2,1.0,Locally based NGO,rule,based in Türkiye or Syria: treated as locally based (Syria response)
15396,Banja la Mtsogolo,Other,Malawi,Low income,2,1,1.0,Other,ReliefWeb type,
14557,Bar Human Rights Committee of England and Wales,Academic and Research Institution,United Kingdom of Great Britain and Northern Ireland,High income,2,2,1.0,Academic and Research Institution,ReliefWeb type,
50514,Basic Needs Basic Rights Kenya,Non-governmental Organization,Kenya,Lower middle income,2,2,1.0,Locally based NGO,rule,home country is low/middle-income and 100% of located posts are there
46953,"Be Girl, Inc.",Other,United States of America,High income,2,0,,Other,ReliefWeb type,
13293,Beehive,Other,Switzerland,High income,2,2,0.0,Other,ReliefWeb type,
35596,Being Humanitarian,Non-governmental Organization,United Kingdom of Great Britain and Northern Ireland,High income,2,2,0.0,International NGO,rule,home country is high-income (or not a country in the World Bank list)
37266,Beit Al Karma Consulting,Other,Egypt,Lower middle income,2,2,1.0,Other,ReliefWeb type,
9100,Bethany Christian Services International,Non-governmental Organization,United States of America,High income,2,1,0.0,International NGO,rule,home country is high-income (or not a country in the World Bank list)
20791,Better Sourcing Program,Other,United Kingdom of Great Britain and Northern Ireland,High income,2,2,0.0,Other,ReliefWeb type,
42554,BiD Network Foundation,Non-governmental Organization,Netherlands,High income,2,2,0.0,International NGO,rule,home country is high-income (or not a country in the World Bank list)
50597,Blood:Water,Non-governmental Organization,United States of America,High income,2,3,0.333,International NGO,rule,home country is high-income (or not a country in the World Bank list)
3512,BlueLaw,Non-governmental Organization,United States of America,High income,2,2,0.0,International NGO,rule,home country is high-income (or not a country in the World Bank list)
16696,Born Free Africa,Non-governmental Organization,United States of America,High income,2,2,0.0,International NGO,rule,home country is high-income (or not a country in the World Bank list)
1044,Boston College,Academic and Research Institution,United States of America,High income,2,2,0.5,Academic and Research Institution,ReliefWeb type,
17691,Breteau Foundation,Non-governmental Organization,United Kingdom of Great Britain and Northern Ireland,High income,2,2,0.0,International NGO,rule,home country is high-income (or not a country in the World Bank list)
9403,Bridge International Academies,Other,Kenya,Lower middle income,2,2,0.5,Other,ReliefWeb type,
10231,Bridge of Hope,Non-governmental Organization,Armenia,Upper middle income,2,2,1.0,Locally based NGO,rule,home country is low/middle-income and 100% of located posts are there
14414,Buchanan & Edwards,Non-governmental Organization,United States of America,High income,2,2,1.0,International NGO,rule,home country is high-income (or not a country in the World Bank list)
1148,Burma Volunteer Program,Non-governmental Organization,Thailand,Upper middle income,2,2,1.0,Locally based NGO,rule,home country is low/middle-income and 100% of located posts are there
43009,Business in the Community,Non-governmental Organization,United Kingdom of Great Britain and Northern Ireland,High income,2,2,1.0,International NGO,rule,home country is high-income (or not a country in the World Bank list)
50863,CARE Palestine (West Bank/Gaza),Non-governmental Organization,occupied Palestinian territory,Lower middle income,2,2,1.0,Locally based NGO,rule,home country is low/middle-income and 100% of located posts are there
9186,CEMUBAC,Non-governmental Organization,Belgium,High income,2,2,1.0,International NGO,rule,home country is high-income (or not a country in the World Bank list)
51576,CONCORDIA Social Projects,Non-governmental Organization,Austria,High income,2,0,,International NGO,rule,home country is high-income (or not a country in the World Bank list)
50500,CREA,Non-governmental Organization,India,Lower middle income,2,1,0.0,Regional NGO (global South base),rule,home country is low/middle-income but only 0% of located posts are there
2192,CUTS International,Non-governmental Organization,India,Lower middle income,2,2,0.0,Regional NGO (global South base),rule,home country is low/middle-income but only 0% of located posts are there
50178,Cadre de Liaison Inter-Organisations,Non-governmental Organization,Haiti,Lower middle income,2,2,1.0,Locally based NGO,rule,home country is low/middle-income and 100% of located posts are there
11056,Cafédirect Producers Foundation,Non-governmental Organization,United Kingdom of Great Britain and Northern Ireland,High income,2,3,0.0,International NGO,rule,home country is high-income (or not a country in the World Bank list)
52279,Calais Appeal,Other,France,High income,2,2,1.0,Other,ReliefWeb type,
12200,Cambio Spanish School,Non-governmental Organization,Guatemala,Upper middle income,2,2,1.0,Locally based NGO,rule,home country is low/middle-income and 100% of located posts are there
49463,Campaña Colombiana Contra Minas,Non-governmental Organization,Colombia,Upper middle income,2,2,1.0,Locally based NGO,rule,home country is low/middle-income and 100% of located posts are there
51792,Capital for Good,Non-governmental Organization,United States of America,High income,2,2,0.0,International NGO,rule,home country is high-income (or not a country in the World Bank list)
3053,Center for Global Development,Academic and Research Institution,United States of America,High income,2,2,0.0,Academic and Research Institution,ReliefWeb type,
3334,Center on International Cooperation,Academic and Research Institution,United States of America,High income,2,2,1.0,Academic and Research Institution,ReliefWeb type,
882,Centre Canadien d'Études et de Coopération Internationale,Non-governmental Organization,Canada,High income,2,2,0.0,International NGO,rule,home country is high-income (or not a country in the World Bank list)
8655,Centre for Citizens’ Participation on the African Union (CCP-AU),Non-governmental Organization,Ethiopia,Low income,2,2,0.0,Regional NGO (global South base),rule,home country is low/middle-income but only 0% of located posts are there
29346,Centre for Global Equality,Other,United Kingdom of Great Britain and Northern Ireland,High income,2,2,1.0,Other,ReliefWeb type,
4328,Centre for Non-Traditional Security Studies,Academic and Research Institution,Singapore,High income,2,2,1.0,Academic and Research Institution,ReliefWeb type,
50354,Centre for Sport and Human Rights,Non-governmental Organization,United Kingdom of Great Britain and Northern Ireland,High income,2,1,0.0,International NGO,rule,home country is high-income (or not a country in the World Bank list)
4172,Centro Orientamento Educativo,Non-governmental Organization,Italy,High income,2,2,0.0,International NGO,rule,home country is high-income (or not a country in the World Bank list)
3677,Challenges Worldwide,Non-governmental Organization,United Kingdom of Great Britain and Northern Ireland,High income,2,6,0.0,International NGO,rule,home country is high-income (or not a country in the World Bank list)
52102,Charmaghz,Non-governmental Organization,Afghanistan,Low income,2,0,,Regional NGO (global South base),rule,home country is low/middle-income; no posts carry a country
13379,Child Survival India,Non-governmental Organization,India,Lower middle income,2,2,1.0,Locally based NGO,rule,home country is low/middle-income and 100% of located posts are there
14134,Choice for Youth and Sexuality,Non-governmental Organization,Netherlands,High income,2,1,1.0,International NGO,rule,home country is high-income (or not a country in the World Bank list)
51546,Christian Democratic International Center,Other,Sweden,High income,2,1,1.0,Other,ReliefWeb type,
50503,Christian Mission Aid,Non-governmental Organization,United States of America,High income,2,4,0.0,International NGO,rule,home country is high-income (or not a country in the World Bank list)
3717,Church Development Service (EED),Non-governmental Organization,Germany,High income,2,2,0.0,International NGO,rule,home country is high-income (or not a country in the World Bank list)
14579,Ciai,Non-governmental Organization,Italy,High income,2,2,0.0,International NGO,rule,home country is high-income (or not a country in the World Bank list)
2704,Citizens Network for Foreign Affairs,Other,United States of America,High income,2,2,1.0,Other,ReliefWeb type,
12280,Civika,Other,United States of America,High income,2,2,0.0,Other,ReliefWeb type,
1885,Civitatis International,Non-governmental Organization,United Kingdom of Great Britain and Northern Ireland,High income,2,2,0.5,International NGO,rule,home country is high-income (or not a country in the World Bank list)
51113,Clean the World Foundation,Non-governmental Organization,United States of America,High income,2,2,0.5,International NGO,rule,home country is high-income (or not a country in the World Bank list)
10149,Climate InterChange AG,Other,Germany,High income,2,2,0.0,Other,ReliefWeb type,
12590,Comité d'Aide et de Développement de Dussaulier,Non-governmental Organization,Haiti,Lower middle income,2,2,1.0,Locally based NGO,rule,home country is low/middle-income and 100% of located posts are there
3245,Committee for Coordination of Services to Displaced Persons in Thailand,Non-governmental Organization,Thailand,Upper middle income,2,2,1.0,Locally based NGO,rule,home country is low/middle-income and 100% of located posts are there
15232,Community Led Total Sanitation Foundation,Non-governmental Organization,India,Lower middle income,2,3,0.667,Regional NGO (global South base),rule,home country is low/middle-income but only 67% of located posts are there
51447,Conducive Space for Peace,Non-governmental Organization,Denmark,High income,2,0,,International NGO,rule,home country is high-income (or not a country in the World Bank list)
47073,Conflict and Environment Observatory,Academic and Research Institution,United Kingdom of Great Britain and Northern Ireland,High income,2,2,1.0,Academic and Research Institution,ReliefWeb type,
50476,Conservation Alliance of Kenya,Non-governmental Organization,Kenya,Lower middle income,2,2,1.0,Locally based NGO,rule,home country is low/middle-income and 100% of located posts are there
14510,Consortium of Universities for Global Health,Other,United States of America,High income,2,2,1.0,Other,ReliefWeb type,
3511,Convoy of Hope,Non-governmental Organization,United States of America,High income,2,2,0.0,International NGO,rule,home country is high-income (or not a country in the World Bank list)
34496,Cooperazione nei Territori del Mondo,Non-governmental Organization,Italy,High income,2,2,0.0,International NGO,rule,home country is high-income (or not a country in the World Bank list)
407,Coordination SUD,Non-governmental Organization,France,High income,2,1,1.0,International NGO,rule,home country is high-income (or not a country in the World Bank list)
48288,Corporación Sisma Mujer,Non-governmental Organization,Colombia,Upper middle income,2,2,1.0,Locally based NGO,rule,home country is low/middle-income and 100% of located posts are there
52291,Crisis Management Association,Non-governmental Organization,Greece,High income,2,2,1.0,International NGO,rule,home country is high-income (or not a country in the World Bank list)
18036,Croix-Rouge Monégasque,Red Cross/Red Crescent Movement,Monaco,High income,2,2,1.0,Red Cross/Red Crescent Movement,ReliefWeb type,
46059,Cross International,Non-governmental Organization,United States of America,High income,2,2,1.0,International NGO,rule,home country is high-income (or not a country in the World Bank list)
450,Cruz Roja Colombiana,Red Cross/Red Crescent Movement,Colombia,Upper middle income,2,2,1.0,Red Cross/Red Crescent Movement,ReliefWeb type,
1943,Cruz Roja Guatemalteca,Red Cross/Red Crescent Movement,Guatemala,Upper middle income,2,2,1.0,Red Cross/Red Crescent Movement,ReliefWeb type,
3651,DAC Aviation,Other,Canada,High income,2,4,0.0,Other,ReliefWeb type,
42379,DESSI International,Non-governmental Organization,Pakistan,Lower middle income,2,2,1.0,Locally based NGO,rule,home country is low/middle-income and 100% of located posts are there
50028,Dala Institute,Non-governmental Organization,Indonesia,Upper middle income,2,1,1.0,Locally based NGO,rule,home country is low/middle-income and 100% of located posts are there
1969,Danish Afghanistan Committee,Non-governmental Organization,Afghanistan,Low income,2,2,0.0,Regional NGO (global South base),rule,home country is low/middle-income but only 0% of located posts are there
12637,Darfur Friends Association,Non-governmental Organization,Israel,High income,2,2,1.0,International NGO,rule,home country is high-income (or not a country in the World Bank list)
2999,Defence for Children International,Non-governmental Organization,Switzerland,High income,2,2,1.0,International NGO,rule,home country is high-income (or not a country in the World Bank list)
21646,Design without Borders,Non-governmental Organization,Norway,High income,2,2,0.0,International NGO,rule,home country is high-income (or not a country in the World Bank list)
13427,Destination Justice,Non-governmental Organization,Cambodia,Lower middle income,2,2,1.0,Locally based NGO,rule,home country is low/middle-income and 100% of located posts are there
29066,Development Innovations Group,Non-governmental Organization,United States of America,High income,2,2,0.0,International NGO,rule,home country is high-income (or not a country in the World Bank list)
8899,Developments in Literacy (DIL),Non-governmental Organization,United States of America,High income,2,2,0.5,International NGO,rule,home country is high-income (or not a country in the World Bank list)
52037,Dig Deep (Africa),Non-governmental Organization,United Kingdom of Great Britain and Northern Ireland,High income,2,2,0.0,International NGO,rule,home country is high-income (or not a country in the World Bank list)
50349,DigDeep,Non-governmental Organization,United States of America,High income,2,2,1.0,International NGO,rule,home country is high-income (or not a country in the World Bank list)
9009,Digicel Foundation,Other,Haiti,Lower middle income,2,2,0.5,Other,ReliefWeb type,
51087,Dikoda,Other,United Kingdom of Great Britain and Northern Ireland,High income,2,2,1.0,Other,ReliefWeb type,
1957,Direct Relief,Non-governmental Organization,United States of America,High income,2,2,0.0,International NGO,rule,home country is high-income (or not a country in the World Bank list)
9161,Dutch Malaria Foundation - Nederlandse Malaria Stichting,Non-governmental Organization,Netherlands,High income,2,2,1.0,International NGO,rule,home country is high-income (or not a country in the World Bank list)
52194,E Co.,Other,United Kingdom of Great Britain and Northern Ireland,High income,2,0,,Other,ReliefWeb type,
12821,ECPAT Luxembourg,Non-governmental Organization,Luxembourg,High income,2,1,0.0,International NGO,rule,home country is high-income (or not a country in the World Bank list)
50456,ELIX Conservation Volunteers Greece,Non-governmental Organization,Greece,High income,2,2,1.0,International NGO,rule,home country is high-income (or not a country in the World Bank list)
40418,EPOS Health Management,Other,Germany,High income,2,2,0.0,Other,ReliefWeb type,
8048,EWASH,Other,occupied Palestinian territory,Lower middle income,2,2,1.0,Other,ReliefWeb type,
47599,EarthEnable,Other,United States of America,High income,2,2,0.0,Other,ReliefWeb type,
21936,EcoDev,Non-governmental Organization,Myanmar,Lower middle income,2,2,1.0,Locally based NGO,rule,home country is low/middle-income and 100% of located posts are there
42764,Economic Empowerment for Migrant Domestic Workers,Non-governmental Organization,China - Hong Kong (Special Administrative Region),High income,2,2,1.0,International NGO,rule,home country is high-income (or not a country in the World Bank list)
30046,Economic and Social Rights Centre,Non-governmental Organization,Kenya,Lower middle income,2,2,1.0,Locally based NGO,rule,home country is low/middle-income and 100% of located posts are there
51693,Ecumenical Pharmaceutical Network,Non-governmental Organization,Kenya,Lower middle income,2,2,1.0,Locally based NGO,rule,home country is low/middle-income and 100% of located posts are there
919,Education for Development,Non-governmental Organization,Viet Nam,Upper middle income,2,2,0.0,Regional NGO (global South base),rule,home country is low/middle-income but only 0% of located posts are there
15034,Electoral Reform International Services,Non-governmental Organization,United Kingdom of Great Britain and Northern Ireland,High income,2,2,0.5,International NGO,rule,home country is high-income (or not a country in the World Bank list)
49433,Emerging Cooking Solutions,Other,Sweden,High income,2,2,0.0,Other,ReliefWeb type,
25416,Emmaüs Coup de Main,Non-governmental Organization,France,High income,2,2,1.0,International NGO,rule,home country is high-income (or not a country in the World Bank list)
51724,Enabled Children Initiative,Non-governmental Organization,United States of America,High income,2,0,,International NGO,rule,home country is high-income (or not a country in the World Bank list)
47163,Engineers Against Poverty,Non-governmental Organization,United Kingdom of Great Britain and Northern Ireland,High income,2,2,1.0,International NGO,rule,home country is high-income (or not a country in the World Bank list)
10889,EnviroSolutions & Consulting (ESC),Other,Singapore,High income,2,2,0.0,Other,ReliefWeb type,
13368,Ernst & Young,Other,United Kingdom of Great Britain and Northern Ireland,High income,2,2,0.0,Other,ReliefWeb type,
51600,Eurochild,Non-governmental Organization,Belgium,High income,2,2,1.0,International NGO,rule,home country is high-income (or not a country in the World Bank list)
24116,European College of Hospitality and Construction,Academic and Research Institution,Somalia,Low income,2,2,1.0,Academic and Research Institution,ReliefWeb type,
10954,European Parliamentary Forum on Population and Development,Other,Belgium,High income,2,2,1.0,Other,ReliefWeb type,
52118,European Public Health Association,Non-governmental Organization,Netherlands,High income,2,2,0.5,International NGO,rule,home country is high-income (or not a country in the World Bank list)
13734,Ev-K2-CNR,Non-governmental Organization,Italy,High income,2,2,0.0,International NGO,rule,home country is high-income (or not a country in the World Bank list)
51203,Evangelical Lutheran Church in America,Non-governmental Organization,United States of America,High income,2,0,,International NGO,rule,home country is high-income (or not a country in the World Bank list)
15520,Excel Hort Consult Limited,Other,Uganda,Low income,2,2,1.0,Other,ReliefWeb type,
52235,Excellence Foundation for South Sudan,Non-governmental Organization,South Sudan,Low income,2,2,1.0,Locally based NGO,rule,home country is low/middle-income and 100% of located posts are there
10556,Extractive Industries Transparency Initiative (EITI),Other,Norway,High income,2,2,1.0,Other,ReliefWeb type,
50893,FCA Investments,Other,Finland,High income,2,1,1.0,Other,ReliefWeb type,
43414,FIRSTDATA RESEARCH CONSULTANTS LTD,Other,Kenya,Lower middle income,2,3,0.0,Other,ReliefWeb type,
49964,FXB International,Non-governmental Organization,Switzerland,High income,2,2,0.0,International NGO,rule,home country is high-income (or not a country in the World Bank list)
3709,Face Aids,Non-governmental Organization,United States of America,High income,2,2,0.0,International NGO,rule,home country is high-income (or not a country in the World Bank list)
12008,Fair Trade USA,Non-governmental Organization,United States of America,High income,2,2,0.5,International NGO,rule,home country is high-income (or not a country in the World Bank list)
17216,Family Alliance,Non-governmental Organization,United States of America,High income,2,2,1.0,International NGO,rule,home country is high-income (or not a country in the World Bank list)
4146,Farmacéuticos Mundi,Non-governmental Organization,Spain,High income,2,2,0.0,International NGO,rule,home country is high-income (or not a country in the World Bank list)
50695,Fe-Male,Non-governmental Organization,Lebanon,Lower middle income,2,2,1.0,Locally based NGO,rule,home country is low/middle-income and 100% of located posts are there
42324,Fellowship of Reconciliation Peace Presence,Non-governmental Organization,Colombia,Upper middle income,2,2,1.0,Locally based NGO,rule,home country is low/middle-income and 100% of located posts are there
36326,Femili PNG,Non-governmental Organization,Papua New Guinea,Lower middle income,2,2,1.0,Locally based NGO,rule,home country is low/middle-income and 100% of located posts are there
52073,Feminist Humanitarian Network,Non-governmental Organization,Netherlands,High income,2,0,,International NGO,rule,home country is high-income (or not a country in the World Bank list)
12240,Finasi,Other,Italy,High income,2,3,0.0,Other,ReliefWeb type,
50969,Finding Refuge,Non-governmental Organization,Greece,High income,2,0,,International NGO,rule,home country is high-income (or not a country in the World Bank list)
50563,First Things Foundation,Non-governmental Organization,United States of America,High income,2,1,0.0,International NGO,rule,home country is high-income (or not a country in the World Bank list)
21746,Floating Doctors,Non-governmental Organization,,,2,2,0.0,NGO (home country unknown),rule,ReliefWeb lists no home country
14622,Fondation Agir contre l'Exclusion,Non-governmental Organization,France,High income,2,2,0.0,International NGO,rule,home country is high-income (or not a country in the World Bank list)
8717,Fondation CMDID,Other,Mali,Low income,2,2,1.0,Other,ReliefWeb type,
4539,Fondation Les Nouveaux Constructeurs - Premier,Non-governmental Organization,France,High income,2,2,0.0,International NGO,rule,home country is high-income (or not a country in the World Bank list)
51003,Fondazione Piero e Lucille Corti,Non-governmental Organization,Italy,High income,2,2,0.0,International NGO,rule,home country is high-income (or not a country in the World Bank list)
10956,Food Security Working Group (FSWG),Non-governmental Organization,Myanmar,Lower middle income,2,2,1.0,Locally based NGO,rule,home country is low/middle-income and 100% of located posts are there
3478,Forum for African Women Educationalists,Non-governmental Organization,Kenya,Lower middle income,2,2,0.0,Regional NGO (global South base),rule,home country is low/middle-income but only 0% of located posts are there
51634,Foundation for Health Equity,Non-governmental Organization,Cameroon,Lower middle income,2,2,1.0,Locally based NGO,rule,home country is low/middle-income and 100% of located posts are there
15314,Foundation to Change the Image of Haiti,Non-governmental Organization,United States of America,High income,2,2,0.0,International NGO,rule,home country is high-income (or not a country in the World Bank list)
44584,Founders Pledge,Non-governmental Organization,United Kingdom of Great Britain and Northern Ireland,High income,2,2,1.0,International NGO,rule,home country is high-income (or not a country in the World Bank list)
31986,Franciscan Works,Non-governmental Organization,United States of America,High income,2,2,0.0,International NGO,rule,home country is high-income (or not a country in the World Bank list)
48248,Friends Committee on National Legislation,Non-governmental Organization,United States of America,High income,2,2,1.0,International NGO,rule,home country is high-income (or not a country in the World Bank list)
49638,Friends of Waldorf Education,Non-governmental Organization,Germany,High income,2,3,0.333,International NGO,rule,home country is high-income (or not a country in the World Bank list)
13588,Frontier Data Corporation,Other,United States of America,High income,2,2,0.0,Other,ReliefWeb type,
4582,Fundación Albihar,Non-governmental Organization,Spain,High income,2,2,0.0,International NGO,rule,home country is high-income (or not a country in the World Bank list)
10478,Fundación JUCONI,Non-governmental Organization,Ecuador,Upper middle income,2,2,1.0,Locally based NGO,rule,home country is low/middle-income and 100% of located posts are there
45449,Fédération internationale de l’Action des chrétiens pour l’abolition de la torture,Non-governmental Organization,France,High income,2,2,1.0,International NGO,rule,home country is high-income (or not a country in the World Bank list)
3265,GITEC-IGIP GmbH,Other,Germany,High income,2,2,1.0,Other,ReliefWeb type,
4210,GRF Davos,Other,Switzerland,High income,2,2,1.0,Other,ReliefWeb type,
51561,GRID3,Non-governmental Organization,United States of America,High income,2,2,0.0,International NGO,rule,home country is high-income (or not a country in the World Bank list)
52103,GX Foundation,Non-governmental Organization,China - Hong Kong (Special Administrative Region),High income,2,2,1.0,International NGO,rule,home country is high-income (or not a country in the World Bank list)
12742,Garrison Institute,Non-governmental Organization,United States of America,High income,2,1,1.0,International NGO,rule,home country is high-income (or not a country in the World Bank list)
10801,Gbowee Peace Foundation Africa,Non-governmental Organization,Liberia,Low income,2,2,1.0,Locally based NGO,rule,home country is low/middle-income and 100% of located posts are there
28526,Gender Links,Non-governmental Organization,South Africa,Upper middle income,2,2,0.5,Regional NGO (global South base),rule,home country is low/middle-income but only 50% of located posts are there
10512,Genesis Analytics,Other,South Africa,Upper middle income,2,2,0.5,Other,ReliefWeb type,
7626,Geneva Foundation for Medical Education and Research,Other,Switzerland,High income,2,2,1.0,Other,ReliefWeb type,
3652,Geneva School of Diplomacy,Academic and Research Institution,Switzerland,High income,2,2,1.0,Academic and Research Institution,ReliefWeb type,
441,George Mason University,Academic and Research Institution,United States of America,High income,2,2,0.5,Academic and Research Institution,ReliefWeb type,
670,German Federal Agency for Technical Relief,Government,Germany,High income,2,2,0.0,Government,ReliefWeb type,
50852,Global Canopy,Non-governmental Organization,United Kingdom of Great Britain and Northern Ireland,High income,2,2,1.0,International NGO,rule,home country is high-income (or not a country in the World Bank list)
50770,Global Centre for Pluralism,Non-governmental Organization,Canada,High income,2,2,1.0,International NGO,rule,home country is high-income (or not a country in the World Bank list)
46509,Global Forum for Rural Advisory Services,Non-governmental Organization,Switzerland,High income,2,2,1.0,International NGO,rule,home country is high-income (or not a country in the World Bank list)
3787,Global Health Action,Non-governmental Organization,United States of America,High income,2,2,1.0,International NGO,rule,home country is high-income (or not a country in the World Bank list)
13554,Global Health Strategies,Non-governmental Organization,United States of America,High income,2,2,0.5,International NGO,rule,home country is high-income (or not a country in the World Bank list)
40743,Global Neighbors Canada Inc,Other,Canada,High income,2,2,0.0,Other,ReliefWeb type,
2596,Global Partnerships,Non-governmental Organization,United States of America,High income,2,2,0.5,International NGO,rule,home country is high-income (or not a country in the World Bank list)
52565,Global Path Research and Analytics,Academic and Research Institution,United States of America,High income,2,0,,Academic and Research Institution,ReliefWeb type,
3572,Global Poverty Project,Non-governmental Organization,Australia,High income,2,1,0.0,International NGO,rule,home country is high-income (or not a country in the World Bank list)
42054,Global Trauma Project,Non-governmental Organization,Kenya,Lower middle income,2,2,1.0,Locally based NGO,rule,home country is low/middle-income and 100% of located posts are there
51060,GlobalGiving,Non-governmental Organization,United States of America,High income,2,3,0.333,International NGO,rule,home country is high-income (or not a country in the World Bank list)
2600,Government of Benin,Government,Benin,Lower middle income,2,2,1.0,Government,ReliefWeb type,
463,Government of Honduras,Government,Honduras,Lower middle income,2,2,1.0,Government,ReliefWeb type,
708,Government of Japan,Government,Japan,High income,2,2,0.0,Government,ReliefWeb type,
311,Government of the Republic of North Macedonia,Government,the Republic of North Macedonia,Upper middle income,2,2,1.0,Government,ReliefWeb type,
13203,Grain Media,Media,United Kingdom of Great Britain and Northern Ireland,High income,2,2,1.0,Media,ReliefWeb type,
34501,Grand Challenges Canada,Other,Canada,High income,2,2,1.0,Other,ReliefWeb type,
51096,GrassRoots Research,Other,Kenya; Somalia,Low income; Lower middle income,2,2,1.0,Other,ReliefWeb type,
14164,Grassroots Human Rights Education & Development,Non-governmental Organization,Thailand,Upper middle income,2,2,1.0,Locally based NGO,rule,home country is low/middle-income and 100% of located posts are there
45319,Grdr Migration-Citoyenneté-Développement,Non-governmental Organization,France,High income,2,2,0.0,International NGO,rule,home country is high-income (or not a country in the World Bank list)
52327,Greater Good Charities,Non-governmental Organization,United States of America,High income,2,1,1.0,International NGO,rule,home country is high-income (or not a country in the World Bank list)
12534,Groundswell International,Non-governmental Organization,United States of America,High income,2,2,0.0,International NGO,rule,home country is high-income (or not a country in the World Bank list)
667,Groupe One,Non-governmental Organization,Belgium,High income,2,2,0.5,International NGO,rule,home country is high-income (or not a country in the World Bank list)
12179,Guardavanti,Non-governmental Organization,Italy,High income,2,2,0.5,International NGO,rule,home country is high-income (or not a country in the World Bank list)
47619,Guinée 44,Non-governmental Organization,Guinea,Lower middle income,2,2,1.0,Locally based NGO,rule,home country is low/middle-income and 100% of located posts are there
44614,Gulf Christian Services,Non-governmental Organization,Papua New Guinea,Lower middle income,2,2,1.0,Locally based NGO,rule,home country is low/middle-income and 100% of located posts are there
10168,Guru Arjan Dev Institute of Development Studies,Academic and Research Institution,India,Lower middle income,2,2,1.0,Academic and Research Institution,ReliefWeb type,
2849,HOPE worldwide,Non-governmental Organization,United States of America,High income,2,2,0.0,International NGO,rule,home country is high-income (or not a country in the World Bank list)
50888,Hamerkop Climate Impacts,Other,United Kingdom of Great Britain and Northern Ireland,High income,2,2,1.0,Other,ReliefWeb type,
22521,Harikar,Non-governmental Organization,Iraq,Upper middle income,2,2,1.0,Locally based NGO,rule,home country is low/middle-income and 100% of located posts are there
9105,Havoyoco,Non-governmental Organization,Somalia,Low income,2,2,1.0,Locally based NGO,rule,home country is low/middle-income and 100% of located posts are there
13226,Health and Water Foundation,Non-governmental Organization,Kenya,Lower middle income,2,2,1.0,Locally based NGO,rule,home country is low/middle-income and 100% of located posts are there
50168,Hope Walks,Non-governmental Organization,United States of America,High income,2,1,1.0,International NGO,rule,home country is high-income (or not a country in the World Bank list)
49113,Horizons of Friendship,Non-governmental Organization,Canada,High income,2,2,1.0,International NGO,rule,home country is high-income (or not a country in the World Bank list)
14120,Human Rights Without Frontiers Nepal,Non-governmental Organization,Nepal,Lower middle income,2,3,0.667,Regional NGO (global South base),rule,home country is low/middle-income but only 67% of located posts are there
48133,Human Trafficking Institute,Non-governmental Organization,United States of America,High income,2,2,0.5,International NGO,rule,home country is high-income (or not a country in the World Bank list)
51241,Humanitarian Data Solutions,Other,United Kingdom of Great Britain and Northern Ireland,High income,2,1,1.0,Other,ReliefWeb type,
10557,Humanitarian Innovation Fund,Non-governmental Organization,United Kingdom of Great Britain and Northern Ireland,High income,2,0,,International NGO,rule,home country is high-income (or not a country in the World Bank list)
41294,Humanium,Non-governmental Organization,Switzerland,High income,2,1,0.0,International NGO,rule,home country is high-income (or not a country in the World Bank list)
3236,Hydroconseil,Other,France,High income,2,2,1.0,Other,ReliefWeb type,
2104,INTERIGHTS,Non-governmental Organization,United Kingdom of Great Britain and Northern Ireland,High income,2,2,1.0,International NGO,rule,home country is high-income (or not a country in the World Bank list)
1223,IRC International Water and Sanitation Centre,Non-governmental Organization,Netherlands,High income,2,2,0.0,International NGO,rule,home country is high-income (or not a country in the World Bank list)
18091,Ikhlas Welfare Society,Non-governmental Organization,Pakistan,Lower middle income,2,2,1.0,Locally based NGO,rule,home country is low/middle-income and 100% of located posts are there
44679,Imara Education Empowerment,Non-governmental Organization,Kenya,Lower middle income,2,2,1.0,Locally based NGO,rule,home country is low/middle-income and 100% of located posts are there
48703,Inclusive Development International,Non-governmental Organization,United States of America,High income,2,1,0.0,International NGO,rule,home country is high-income (or not a country in the World Bank list)
10687,Indaba Agricultural Policy Research Institute (IAPRI),Academic and Research Institution,Zambia,Lower middle income,2,2,1.0,Academic and Research Institution,ReliefWeb type,
49893,Indian Society of Agribusiness Professionals,Non-governmental Organization,India,Lower middle income,2,2,1.0,Locally based NGO,rule,home country is low/middle-income and 100% of located posts are there
28446,Information Safety and Capacity Project,Other,United States of America,High income,2,2,0.0,Other,ReliefWeb type,
43224,Initiatives et Changement France,Non-governmental Organization,France,High income,2,2,1.0,International NGO,rule,home country is high-income (or not a country in the World Bank list)
46918,Initiatives for Development of Armenia,Non-governmental Organization,Armenia,Upper middle income,2,2,1.0,Locally based NGO,rule,home country is low/middle-income and 100% of located posts are there
9246,Insight Collaborative,Other,United States of America,High income,2,2,0.0,Other,ReliefWeb type,
51030,Insights for Education,Non-governmental Organization,Switzerland,High income,2,2,0.5,International NGO,rule,home country is high-income (or not a country in the World Bank list)
51696,Institute for Community Based Sociotherapy,Non-governmental Organization,Netherlands,High income,2,2,0.0,International NGO,rule,home country is high-income (or not a country in the World Bank list)
8610,Institute for Economics and Peace,Academic and Research Institution,Australia,High income,2,2,0.5,Academic and Research Institution,ReliefWeb type,
51142,Institute for Justice and Reconciliation,Academic and Research Institution,South Africa,Upper middle income,2,2,1.0,Academic and Research Institution,ReliefWeb type,
3722,Inter-African Committee,Non-governmental Organization,Switzerland,High income,2,1,0.0,International NGO,rule,home country is high-income (or not a country in the World Bank list)
51375,Inter-American Foundation,Government,United States of America,High income,2,9,0.0,Government,ReliefWeb type,
20151,International Catholic Center of Geneva,International Organization,Switzerland,High income,2,2,1.0,International Organization,ReliefWeb type,
49238,International Center for Religion and Diplomacy,Non-governmental Organization,United States of America,High income,2,2,1.0,International NGO,rule,home country is high-income (or not a country in the World Bank list)
13313,International Civil Society Centre,Non-governmental Organization,Germany,High income,2,2,1.0,International NGO,rule,home country is high-income (or not a country in the World Bank list)
4148,International Conflict and Security Consulting,Other,United Kingdom of Great Britain and Northern Ireland,High income,2,2,0.5,Other,ReliefWeb type,
50674,International Council of Nurses,Non-governmental Organization,Switzerland,High income,2,2,1.0,International NGO,rule,home country is high-income (or not a country in the World Bank list)
51063,International Development Collaborative,Non-governmental Organization,United States of America,High income,2,0,,International NGO,rule,home country is high-income (or not a country in the World Bank list)
49359,International Development for Better Life,Non-governmental Organization,United States of America,High income,2,1,1.0,International NGO,rule,home country is high-income (or not a country in the World Bank list)
4228,International Diabetes Federation,Non-governmental Organization,Belgium,High income,2,2,0.5,International NGO,rule,home country is high-income (or not a country in the World Bank list)
26516,International Growth Centre,Non-governmental Organization,United Kingdom of Great Britain and Northern Ireland,High income,2,2,0.5,International NGO,rule,home country is high-income (or not a country in the World Bank list)
45064,International Institute for Educational Planning,International Organization,France,High income,2,2,1.0,International Organization,ReliefWeb type,
4097,International Institute of Tropical Agriculture,Academic and Research Institution,Nigeria,Lower middle income,2,2,0.0,Academic and Research Institution,ReliefWeb type,
30991,International Seafarers' Welfare and Assistance Network,Non-governmental Organization,United Kingdom of Great Britain and Northern Ireland,High income,2,1,0.0,International NGO,rule,home country is high-income (or not a country in the World Bank list)
49984,International Security and Development Center,Non-governmental Organization,Germany,High income,2,2,1.0,International NGO,rule,home country is high-income (or not a country in the World Bank list)
47309,International Senior Lawyers Project,Non-governmental Organization,United Kingdom of Great Britain and Northern Ireland,High income,2,2,1.0,International NGO,rule,home country is high-income (or not a country in the World Bank list)
27556,Iraq Foundation,Non-governmental Organization,United States of America,High income,2,2,0.0,International NGO,rule,home country is high-income (or not a country in the World Bank list)
51457,Istituto Cooperazione Economica Internazionale,Non-governmental Organization,Italy,High income,2,2,0.0,International NGO,rule,home country is high-income (or not a country in the World Bank list)
51636,JRNY Consulting,Other,United Kingdom of Great Britain and Northern Ireland,High income,2,0,,Other,ReliefWeb type,
50598,Japan NGO Center for International Cooperation,Non-governmental Organization,Japan,High income,2,0,,International NGO,rule,home country is high-income (or not a country in the World Bank list)
50784,Jesuit Refugee Service Europe,Non-governmental Organization,Belgium,High income,2,2,1.0,International NGO,rule,home country is high-income (or not a country in the World Bank list)
51045,John Snow Health Zambia,Other,Zambia,Lower middle income,2,2,1.0,Other,ReliefWeb type,
12116,Jordan Red Crescent,Red Cross/Red Crescent Movement,Jordan,Upper middle income,2,2,1.0,Red Cross/Red Crescent Movement,ReliefWeb type,
44869,Jordan River Foundation,Non-governmental Organization,Jordan,Upper middle income,2,2,1.0,Locally based NGO,rule,home country is low/middle-income and 100% of located posts are there
52527,Journey of Hope Nepal,Non-governmental Organization,Nepal,Lower middle income,2,0,,Regional NGO (global South base),rule,home country is low/middle-income; no posts carry a country
52228,Kaalmo Relief & Development,Non-governmental Organization,Somalia,Low income,2,2,1.0,Locally based NGO,rule,home country is low/middle-income and 100% of located posts are there
11243,Kaznex Invest,Other,Kazakhstan,Upper middle income,2,2,1.0,Other,ReliefWeb type,
38036,Keystone Accountability,Other,United Kingdom of Great Britain and Northern Ireland,High income,2,2,1.0,Other,ReliefWeb type,
17966,Kimmage Development Studies Centre,Academic and Research Institution,Ireland,High income,2,2,1.0,Academic and Research Institution,ReliefWeb type,
50763,Kofi Annan Foundation,Non-governmental Organization,Switzerland,High income,2,1,1.0,International NGO,rule,home country is high-income (or not a country in the World Bank list)
51009,Kounkuey Design Initiative,Non-governmental Organization,Kenya; Sweden; United States of America,High income; Lower middle income,2,2,1.0,International NGO,rule,home country is high-income (or not a country in the World Bank list)
26116,Kyaninga Child Development Centre,Non-governmental Organization,Uganda,Low income,2,2,1.0,Locally based NGO,rule,home country is low/middle-income and 100% of located posts are there
50982,LIFT International,Non-governmental Organization,New Zealand; Thailand,High income; Upper middle income,2,2,0.5,International NGO,rule,home country is high-income (or not a country in the World Bank list)
47953,Learning Strategies International,Non-governmental Organization,Switzerland,High income,2,0,,International NGO,rule,home country is high-income (or not a country in the World Bank list)
11717,Lebanese Red Cross,Red Cross/Red Crescent Movement,Lebanon,Lower middle income,2,2,1.0,Red Cross/Red Crescent Movement,ReliefWeb type,
48444,Legal Clinic Network,Non-governmental Organization,Iraq,Upper middle income,2,2,1.0,Locally based NGO,rule,home country is low/middle-income and 100% of located posts are there
2846,Leprosy Mission International,Non-governmental Organization,United Kingdom of Great Britain and Northern Ireland,High income,2,2,0.0,International NGO,rule,home country is high-income (or not a country in the World Bank list)
10938,"Les Enfants, le Jeu et l'Education (EJE)",Non-governmental Organization,occupied Palestinian territory,Lower middle income,2,2,1.0,Locally based NGO,rule,home country is low/middle-income and 100% of located posts are there
11212,Limitless Horizons Ixil,Non-governmental Organization,United States of America,High income,2,2,0.0,International NGO,rule,home country is high-income (or not a country in the World Bank list)
15525,Linkages for Resilience & Development,Other,Pakistan,Lower middle income,2,2,1.0,Other,ReliefWeb type,
4218,Lion Heart Foundation,Non-governmental Organization,Netherlands,High income,2,2,0.0,International NGO,rule,home country is high-income (or not a country in the World Bank list)
51186,Lixia Capsia Gestionis,Other,United States of America,High income,2,2,0.0,Other,ReliefWeb type,
8615,Long Way Home,Non-governmental Organization,United States of America,High income,2,2,0.0,International NGO,rule,home country is high-income (or not a country in the World Bank list)
1314,Loughborough University,Academic and Research Institution,United Kingdom of Great Britain and Northern Ireland,High income,2,2,0.5,Academic and Research Institution,ReliefWeb type,
42814,M'Lop Tapang,Non-governmental Organization,Cambodia,Lower middle income,2,1,1.0,Locally based NGO,rule,home country is low/middle-income and 100% of located posts are there
45539,METAdrasi,Non-governmental Organization,Greece,High income,2,2,1.0,International NGO,rule,home country is high-income (or not a country in the World Bank list)
11729,Make A Difference,Non-governmental Organization,India,Lower middle income,2,2,1.0,Locally based NGO,rule,home country is low/middle-income and 100% of located posts are there
9896,Malachite,Other,United Kingdom of Great Britain and Northern Ireland,High income,2,2,0.5,Other,ReliefWeb type,
15761,Malaysia Blue Ocean Strategy Institute,Other,Malaysia,Upper middle income,2,2,1.0,Other,ReliefWeb type,
9095,Management & Training Corporation,Other,United States of America,High income,2,1,0.0,Other,ReliefWeb type,
51896,Manitoba Council for International Cooperation,Non-governmental Organization,Canada,High income,2,2,1.0,International NGO,rule,home country is high-income (or not a country in the World Bank list)
27506,Mary Robinson Foundation Climate Justice,Non-governmental Organization,Ireland,High income,2,2,1.0,International NGO,rule,home country is high-income (or not a country in the World Bank list)
51136,Mary's Pence,Non-governmental Organization,United States of America,High income,2,6,0.0,International NGO,rule,home country is high-income (or not a country in the World Bank list)
11011,Max Planck Institute for Comparative Public Law and International Law,Academic and Research Institution,Germany,High income,2,2,1.0,Academic and Research Institution,ReliefWeb type,
12166,Mazars Starling Resources,Other,Indonesia,Upper middle income,2,2,1.0,Other,ReliefWeb type,
10089,MediPeace,Non-governmental Organization,Republic of Korea,High income,2,2,1.0,International NGO,rule,home country is high-income (or not a country in the World Bank list)
3464,Media 21,Media,Switzerland,High income,2,2,1.0,Media,ReliefWeb type,
4544,Medical Missionaries,Non-governmental Organization,United States of America,High income,2,2,0.0,International NGO,rule,home country is high-income (or not a country in the World Bank list)
35991,Midwives for Haiti,Non-governmental Organization,Haiti,Lower middle income,2,1,1.0,Locally based NGO,rule,home country is low/middle-income and 100% of located posts are there
51916,Mount Mulanje Conservation Trust,Non-governmental Organization,Malawi,Low income,2,2,1.0,Locally based NGO,rule,home country is low/middle-income and 100% of located posts are there
51196,MovingOn Expertise,Other,Tunisia,Lower middle income,2,2,0.0,Other,ReliefWeb type,
10974,"Multidisciplinary International Institute for Development Studies, Evaluation and Research (MINDSER)",Academic and Research Institution,Spain,High income,2,1,0.0,Academic and Research Institution,ReliefWeb type,
33331,Multilateral Development,Non-governmental Organization,Spain,High income,2,2,0.0,International NGO,rule,home country is high-income (or not a country in the World Bank list)
29286,Myanmar Institute for Integrated Development,Non-governmental Organization,Myanmar,Lower middle income,2,2,1.0,Locally based NGO,rule,home country is low/middle-income and 100% of located posts are there
52099,NAMA Strategic Intelligence Solutions,Other,Jordan,Upper middle income,2,2,1.0,Other,ReliefWeb type,
3734,NI-CO,Non-governmental Organization,United Kingdom of Great Britain and Northern Ireland,High income,2,2,0.5,International NGO,rule,home country is high-income (or not a country in the World Bank list)
2987,NSET Nepal,Government,Nepal,Lower middle income,2,2,1.0,Government,ReliefWeb type,
51038,Namati Kenya,Non-governmental Organization,Kenya,Lower middle income,2,2,1.0,Locally based NGO,rule,home country is low/middle-income and 100% of located posts are there
12065,Namibia Nature Foundation,Non-governmental Organization,Namibia,Lower middle income,2,2,1.0,Locally based NGO,rule,home country is low/middle-income and 100% of located posts are there
30786,National Alliance for Risk Reduction and Response Initiative,Other,Bangladesh,Lower middle income,2,2,0.5,Other,ReliefWeb type,
50789,National Trafficking Sheltered Alliance,Non-governmental Organization,United States of America,High income,2,1,1.0,International NGO,rule,home country is high-income (or not a country in the World Bank list)
52141,National Zakat Foundation,Non-governmental Organization,United Kingdom of Great Britain and Northern Ireland,High income,2,2,1.0,International NGO,rule,home country is high-income (or not a country in the World Bank list)
50889,Nefes For Art and Culture,Other,Türkiye,Upper middle income,2,2,1.0,Other,ReliefWeb type,
42719,Nehterlands Institute for Multiparty Democracy,Other,Netherlands,High income,2,1,1.0,Other,ReliefWeb type,
50360,Network TBpeople,Non-governmental Organization,Georgia,Upper middle income,2,0,,Regional NGO (global South base),rule,home country is low/middle-income; no posts carry a country
30141,Network of European Foundations,Non-governmental Organization,Belgium,High income,2,0,,International NGO,rule,home country is high-income (or not a country in the World Bank list)
51789,Nkafamiya Rescue Mission,Non-governmental Organization,Nigeria,Lower middle income,2,2,1.0,Locally based NGO,rule,home country is low/middle-income and 100% of located posts are there
51422,Nobel Women's Initiative,Non-governmental Organization,Canada,High income,2,0,,International NGO,rule,home country is high-income (or not a country in the World Bank list)
9897,North Star Alliance,Other,Netherlands,High income,2,2,1.0,Other,ReliefWeb type,
2907,Northumbria University,Academic and Research Institution,United Kingdom of Great Britain and Northern Ireland,High income,2,2,1.0,Academic and Research Institution,ReliefWeb type,
3482,Nova,Other,Spain,High income,2,2,0.5,Other,ReliefWeb type,
33766,OEuvre Humanitaire pour la Protection et le Developpement de l’Enfant en Difficulte,Non-governmental Organization,Burundi,Low income,2,2,1.0,Locally based NGO,rule,home country is low/middle-income and 100% of located posts are there
13439,Oceana,Non-governmental Organization,United States of America,High income,2,2,0.0,International NGO,rule,home country is high-income (or not a country in the World Bank list)
36441,Ohaha Family Foundation,Non-governmental Organization,Nigeria,Lower middle income,2,2,1.0,Locally based NGO,rule,home country is low/middle-income and 100% of located posts are there
15866,Olive Group,Other,United Arab Emirates,High income,2,2,0.0,Other,ReliefWeb type,
50730,Omran For Strategic studies,Non-governmental Organization,Türkiye,Upper middle income,2,2,0.5,Locally based NGO,rule,based in Türkiye or Syria: treated as locally based (Syria response)
51575,One Happy Family,Non-governmental Organization,Greece; Switzerland,High income,2,2,1.0,International NGO,rule,home country is high-income (or not a country in the World Bank list)
39409,One to One Children's Fund,Non-governmental Organization,United Kingdom of Great Britain and Northern Ireland,High income,2,1,0.0,International NGO,rule,home country is high-income (or not a country in the World Bank list)
8967,OneVillage Partners,Non-governmental Organization,United States of America,High income,2,2,1.0,International NGO,rule,home country is high-income (or not a country in the World Bank list)
44454,OneWorld Health,Non-governmental Organization,United States of America,High income,2,2,0.0,International NGO,rule,home country is high-income (or not a country in the World Bank list)
15217,Open Development,Non-governmental Organization,Cambodia,Lower middle income,2,8,0.25,Regional NGO (global South base),rule,home country is low/middle-income but only 25% of located posts are there
48779,Open Government Partnership,Non-governmental Organization,United States of America,High income,2,11,0.0,International NGO,rule,home country is high-income (or not a country in the World Bank list)
2542,Order of St. John,Other,United Kingdom of Great Britain and Northern Ireland,High income,2,2,1.0,Other,ReliefWeb type,
12195,Organisation for the Prohibition of Chemical Weapons,International Organization,Netherlands,High income,2,2,1.0,International Organization,ReliefWeb type,
8897,Organization for International Cooperation (OIC),Other,United States of America,High income,2,2,0.0,Other,ReliefWeb type,
41954,Oxfam Germany,Non-governmental Organization,Germany,High income,2,2,0.5,International NGO,rule,home country is high-income (or not a country in the World Bank list)
3147,Oxfam India,Non-governmental Organization,India,Lower middle income,2,2,1.0,Locally based NGO,rule,home country is low/middle-income and 100% of located posts are there
50324,Oxford Process,Non-governmental Organization,United Kingdom of Great Britain and Northern Ireland,High income,2,2,1.0,International NGO,rule,home country is high-income (or not a country in the World Bank list)
15188,Oxu Solutions,Other,United States of America,High income,2,1,0.0,Other,ReliefWeb type,
35831,PEN America,Non-governmental Organization,United States of America,High income,2,2,1.0,International NGO,rule,home country is high-income (or not a country in the World Bank list)
50479,Pan-African Mosquito Control Association,Non-governmental Organization,Kenya,Lower middle income,2,0,,Regional NGO (global South base),rule,home country is low/middle-income; no posts carry a country
8381,Panos Eastern Africa,Non-governmental Organization,Uganda,Low income,2,2,1.0,Locally based NGO,rule,home country is low/middle-income and 100% of located posts are there
50831,Partners for Change Ethiopia,Non-governmental Organization,United Kingdom of Great Britain and Northern Ireland,High income,2,2,1.0,International NGO,rule,home country is high-income (or not a country in the World Bank list)
1660,Partners for Democratic Change,Non-governmental Organization,United States of America,High income,2,2,0.5,International NGO,rule,home country is high-income (or not a country in the World Bank list)
48968,Partnerships for Trauma Recovery,Non-governmental Organization,United States of America,High income,2,2,1.0,International NGO,rule,home country is high-income (or not a country in the World Bank list)
12058,Pathy Family Foundation,Non-governmental Organization,Canada,High income,2,2,1.0,International NGO,rule,home country is high-income (or not a country in the World Bank list)
34446,Paul-Ehrlich-Institut,Academic and Research Institution,Germany,High income,2,2,1.0,Academic and Research Institution,ReliefWeb type,
32266,PeaceTech Lab,Non-governmental Organization,United States of America,High income,2,2,1.0,International NGO,rule,home country is high-income (or not a country in the World Bank list)
12007,Pearl Horizon,Non-governmental Organization,Afghanistan,Low income,2,2,1.0,Locally based NGO,rule,home country is low/middle-income and 100% of located posts are there
18846,Pencils of Promise,International Organization,United States of America,High income,2,2,0.0,International Organization,ReliefWeb type,
12232,People's Power Collective,Other,United Kingdom of Great Britain and Northern Ireland,High income,2,2,0.0,Other,ReliefWeb type,
9501,Philanjalo,Non-governmental Organization,South Africa,Upper middle income,2,2,1.0,Locally based NGO,rule,home country is low/middle-income and 100% of located posts are there
3788,Philantropia,Other,United States of America,High income,2,1,0.0,Other,ReliefWeb type,
51025,Plan International Denmark,Non-governmental Organization,Denmark,High income,2,1,0.0,International NGO,rule,home country is high-income (or not a country in the World Bank list)
1667,Planète Enfants,Non-governmental Organization,France,High income,2,2,0.0,International NGO,rule,home country is high-income (or not a country in the World Bank list)
50325,Play it Forward,Non-governmental Organization,United Kingdom of Great Britain and Northern Ireland,High income,2,2,0.0,International NGO,rule,home country is high-income (or not a country in the World Bank list)
29571,Pollinis,Non-governmental Organization,France,High income,2,2,0.5,International NGO,rule,home country is high-income (or not a country in the World Bank list)
40124,Poverty Eradication Initiative,Other,Pakistan,Lower middle income,2,2,1.0,Other,ReliefWeb type,
50458,Preemptive Love Coalition,Non-governmental Organization,United States of America,High income,2,1,0.0,International NGO,rule,home country is high-income (or not a country in the World Bank list)
1670,Presbyterian Church,Other,United States of America,High income,2,2,0.0,Other,ReliefWeb type,
30526,Princeton in Africa,Non-governmental Organization,United States of America,High income,2,2,1.0,International NGO,rule,home country is high-income (or not a country in the World Bank list)
33436,Product of Prison,Non-governmental Organization,Netherlands,High income,2,2,0.0,International NGO,rule,home country is high-income (or not a country in the World Bank list)
28106,Profesionales para la Auditoría Social y Empresarial,Non-governmental Organization,Nicaragua,Lower middle income,2,2,1.0,Locally based NGO,rule,home country is low/middle-income and 100% of located posts are there
1676,Program on Humanitarian Policy and Conflict Research,Academic and Research Institution,United States of America,High income,2,0,,Academic and Research Institution,ReliefWeb type,
4401,"Programme on Women's Economic, Social and Cultural Rights",Other,India,Lower middle income,2,2,1.0,Other,ReliefWeb type,
12237,Progressive Health Partnership,Non-governmental Organization,United States of America,High income,2,2,0.0,International NGO,rule,home country is high-income (or not a country in the World Bank list)
4508,Project Muso,Non-governmental Organization,United States of America,High income,2,2,0.5,International NGO,rule,home country is high-income (or not a country in the World Bank list)
51668,Project Play,Non-governmental Organization,France,High income,2,1,1.0,International NGO,rule,home country is high-income (or not a country in the World Bank list)
43529,Project Trust,Non-governmental Organization,United Kingdom of Great Britain and Northern Ireland,High income,2,2,1.0,International NGO,rule,home country is high-income (or not a country in the World Bank list)
3216,Publish What You Pay,Other,United Kingdom of Great Britain and Northern Ireland,High income,2,0,,Other,ReliefWeb type,
4245,Queen's University,Academic and Research Institution,Canada,High income,2,1,1.0,Academic and Research Institution,ReliefWeb type,
14679,RAHMA Islamic Relief,Non-governmental Organization,Pakistan,Lower middle income,2,2,1.0,Locally based NGO,rule,home country is low/middle-income and 100% of located posts are there
13686,Radio Ergo,Non-governmental Organization,Denmark,High income,2,2,0.0,International NGO,rule,home country is high-income (or not a country in the World Bank list)
2988,Raising Voices,Other,Uganda,Low income,2,2,1.0,Other,ReliefWeb type,
43489,ReSyH,Non-governmental Organization,Malta,High income,2,2,1.0,International NGO,rule,home country is high-income (or not a country in the World Bank list)
9617,RedR Lanka,Non-governmental Organization,Sri Lanka,Upper middle income,2,2,1.0,Locally based NGO,rule,home country is low/middle-income and 100% of located posts are there
50287,Refugee Action,Non-governmental Organization,United Kingdom of Great Britain and Northern Ireland,High income,2,2,1.0,International NGO,rule,home country is high-income (or not a country in the World Bank list)
47973,Refugee Investment Network,Non-governmental Organization,United States of America,High income,2,2,0.5,International NGO,rule,home country is high-income (or not a country in the World Bank list)
49343,Refugee Rescue,Non-governmental Organization,United Kingdom of Great Britain and Northern Ireland,High income,2,1,0.0,International NGO,rule,home country is high-income (or not a country in the World Bank list)
48294,Refugee4refugees,Non-governmental Organization,Greece,High income,2,2,1.0,International NGO,rule,home country is high-income (or not a country in the World Bank list)
14773,Research Analytics International,Other,Pakistan,Lower middle income,2,5,0.0,Other,ReliefWeb type,
41499,Research Institute of Organic Agriculture (FiBL),Non-governmental Organization,Switzerland,High income,2,2,0.0,International NGO,rule,home country is high-income (or not a country in the World Bank list)
51993,Resonate! Yemen,Non-governmental Organization,Yemen,Low income,2,2,1.0,Locally based NGO,rule,home country is low/middle-income and 100% of located posts are there
52180,Resource Development Foundation,Non-governmental Organization,Bangladesh,Lower middle income,2,2,1.0,Locally based NGO,rule,home country is low/middle-income and 100% of located posts are there
45379,Response Innovation Lab,Non-governmental Organization,United States of America,High income,2,1,0.0,International NGO,rule,home country is high-income (or not a country in the World Bank list)
14037,Richmond Psychosocial Foundation International,Non-governmental Organization,United Kingdom of Great Britain and Northern Ireland,High income,2,2,1.0,International NGO,rule,home country is high-income (or not a country in the World Bank list)
22066,Right Livelihood Award Foundation,Other,Sweden,High income,2,3,0.333,Other,ReliefWeb type,
9537,Rights For All,Non-governmental Organization,Cameroon,Lower middle income,2,2,1.0,Locally based NGO,rule,home country is low/middle-income and 100% of located posts are there
3034,Rockefeller Foundation,Non-governmental Organization,United States of America,High income,2,2,0.0,International NGO,rule,home country is high-income (or not a country in the World Bank list)
14349,Rotary Peace Center at Chulalongkorn University,Academic and Research Institution,Thailand,Upper middle income,2,2,1.0,Academic and Research Institution,ReliefWeb type,
36086,Royal Academy of Engineering,Academic and Research Institution,United Kingdom of Great Britain and Northern Ireland,High income,2,0,,Academic and Research Institution,ReliefWeb type,
51021,Royal College of Surgeons of England,Non-governmental Organization,United Kingdom of Great Britain and Northern Ireland,High income,2,0,,International NGO,rule,home country is high-income (or not a country in the World Bank list)
52350,Ruff Institute of Global Homelessness,Academic and Research Institution,United States of America,High income,2,2,1.0,Academic and Research Institution,ReliefWeb type,
13486,Rwanda Demobilization and Reintegration Commission,Non-governmental Organization,Rwanda,Low income,2,2,1.0,Locally based NGO,rule,home country is low/middle-income and 100% of located posts are there
48724,Rwenzori Center Research and Advocacy,Non-governmental Organization,Uganda,Low income,2,2,1.0,Locally based NGO,rule,home country is low/middle-income and 100% of located posts are there
10232,SAGE Project,Non-governmental Organization,United States of America,High income,2,2,1.0,International NGO,rule,home country is high-income (or not a country in the World Bank list)
11541,SALT International,Other,United States of America,High income,2,2,0.5,Other,ReliefWeb type,
14493,SATA CommHealth,Academic and Research Institution,Singapore,High income,2,2,1.0,Academic and Research Institution,ReliefWeb type,
14023,SHED,Non-governmental Organization,Pakistan,Lower middle income,2,2,1.0,Locally based NGO,rule,home country is low/middle-income and 100% of located posts are there
18136,SLV International,Non-governmental Organization,Sri Lanka,Upper middle income,2,2,1.0,Locally based NGO,rule,home country is low/middle-income and 100% of located posts are there
52280,SOS Children’s Villages Denmark,Non-governmental Organization,Denmark,High income,2,1,1.0,International NGO,rule,home country is high-income (or not a country in the World Bank list)
52090,SOS-Kinderdörfer weltweit,Non-governmental Organization,Germany,High income,2,11,0.091,International NGO,rule,home country is high-income (or not a country in the World Bank list)
14165,SSG Advisors,Other,United States of America,High income,2,2,0.5,Other,ReliefWeb type,
52197,STAND,Non-governmental Organization,United Kingdom of Great Britain and Northern Ireland,High income,2,2,1.0,International NGO,rule,home country is high-income (or not a country in the World Bank list)
51386,Saffron Kitchen Project,Non-governmental Organization,United Kingdom of Great Britain and Northern Ireland,High income,2,1,0.0,International NGO,rule,home country is high-income (or not a country in the World Bank list)
10291,Said Foundation,Non-governmental Organization,United States of America,High income,2,2,0.0,International NGO,rule,home country is high-income (or not a country in the World Bank list)
50926,Salvation Army World Service Office,Non-governmental Organization,United States of America,High income,2,2,1.0,International NGO,rule,home country is high-income (or not a country in the World Bank list)
15478,Samasource,Non-governmental Organization,United States of America,High income,2,2,0.0,International NGO,rule,home country is high-income (or not a country in the World Bank list)
50618,Sauti East Africa,Other,Kenya,Lower middle income,2,3,0.667,Other,ReliefWeb type,
52272,Save the Slum Initiative,Non-governmental Organization,Nigeria,Lower middle income,2,1,1.0,Locally based NGO,rule,home country is low/middle-income and 100% of located posts are there
44119,School for Life Foundation,Non-governmental Organization,Australia,High income,2,1,0.0,International NGO,rule,home country is high-income (or not a country in the World Bank list)
41719,Seed Change Tanzania,Non-governmental Organization,United Republic of Tanzania,Lower middle income,2,2,1.0,Locally based NGO,rule,home country is low/middle-income and 100% of located posts are there
11238,Serco,Other,United Kingdom of Great Britain and Northern Ireland,High income,2,2,0.0,Other,ReliefWeb type,
45119,Shan Globe Consulting,Other,Afghanistan,Low income,2,2,1.0,Other,ReliefWeb type,
46813,Shan Women's Action Network,Non-governmental Organization,Thailand,Upper middle income,2,2,0.5,Regional NGO (global South base),rule,home country is low/middle-income but only 50% of located posts are there
51533,ShareAction,Non-governmental Organization,United Kingdom of Great Britain and Northern Ireland,High income,2,2,1.0,International NGO,rule,home country is high-income (or not a country in the World Bank list)
2959,Sinclair Knight Merz,Other,Australia,High income,2,2,0.0,Other,ReliefWeb type,
9279,Sirleaf Market Women's Fund,Non-governmental Organization,United States of America,High income,2,2,0.0,International NGO,rule,home country is high-income (or not a country in the World Bank list)
3080,Skills for Causes,Other,United Kingdom of Great Britain and Northern Ireland,High income,2,2,0.5,Other,ReliefWeb type,
2296,Skillshare International,Non-governmental Organization,United Kingdom of Great Britain and Northern Ireland,High income,2,4,0.0,International NGO,rule,home country is high-income (or not a country in the World Bank list)
12049,Skoll Foundation,Non-governmental Organization,United States of America,High income,2,2,1.0,International NGO,rule,home country is high-income (or not a country in the World Bank list)
46868,Soccer Without Borders,Non-governmental Organization,United States of America,High income,2,2,0.0,International NGO,rule,home country is high-income (or not a country in the World Bank list)
12022,Socialidarity,Non-governmental Organization,Italy,High income,2,1,1.0,International NGO,rule,home country is high-income (or not a country in the World Bank list)
12581,SolHimal,Non-governmental Organization,France,High income,2,2,0.0,International NGO,rule,home country is high-income (or not a country in the World Bank list)
52358,SolidariTee,Non-governmental Organization,United Kingdom of Great Britain and Northern Ireland,High income,2,1,1.0,International NGO,rule,home country is high-income (or not a country in the World Bank list)
46039,Solidaridad Internacional Andalucía,Non-governmental Organization,Spain,High income,2,2,0.0,International NGO,rule,home country is high-income (or not a country in the World Bank list)
1707,Solidarité Afghanistan Belgium,Non-governmental Organization,Belgium,High income,2,2,0.0,International NGO,rule,home country is high-income (or not a country in the World Bank list)
51828,Soluti Finance East Africa,Other,Uganda,Low income,2,2,0.5,Other,ReliefWeb type,
12113,Somali Red Crescent Society,Red Cross/Red Crescent Movement,Somalia,Low income,2,2,1.0,Red Cross/Red Crescent Movement,ReliefWeb type,
50552,Somaliland Relief & Research Organization,Non-governmental Organization,Somalia,Low income,2,2,1.0,Locally based NGO,rule,home country is low/middle-income and 100% of located posts are there
45339,Spirit Organization,Non-governmental Organization,Türkiye,Upper middle income,2,2,1.0,Locally based NGO,rule,based in Türkiye or Syria: treated as locally based (Syria response)
15273,Spring,Non-governmental Organization,United States of America,High income,2,2,0.0,International NGO,rule,home country is high-income (or not a country in the World Bank list)
51377,St John Ambulance Kenya,Non-governmental Organization,Kenya,Lower middle income,2,2,1.0,Locally based NGO,rule,home country is low/middle-income and 100% of located posts are there
8132,St. Joseph’s School for the Hearing Impaired,Non-governmental Organization,Sierra Leone,Low income,2,2,1.0,Locally based NGO,rule,home country is low/middle-income and 100% of located posts are there
13437,State of the Union,Other,Kenya,Lower middle income,2,2,1.0,Other,ReliefWeb type,
51466,Steps Social Enterprise,Other,Thailand,Upper middle income,2,2,1.0,Other,ReliefWeb type,
49628,Steps with Theera,Non-governmental Organization,Thailand,Upper middle income,2,2,1.0,Locally based NGO,rule,home country is low/middle-income and 100% of located posts are there
29201,Stop TB Partnership,Non-governmental Organization,Switzerland,High income,2,2,0.5,International NGO,rule,home country is high-income (or not a country in the World Bank list)
4089,Survival International,Non-governmental Organization,United Kingdom of Great Britain and Northern Ireland,High income,2,2,0.0,International NGO,rule,home country is high-income (or not a country in the World Bank list)
15119,Sustainable Organic Integrated Livelihoods,Non-governmental Organization,United States of America,High income,2,2,0.0,International NGO,rule,home country is high-income (or not a country in the World Bank list)
1085,Swedish International Development Cooperation Agency,Government,Sweden,High income,2,2,0.0,Government,ReliefWeb type,
47758,Swedish Society for Nature Conservation,Non-governmental Organization,Sweden,High income,2,2,1.0,International NGO,rule,home country is high-income (or not a country in the World Bank list)
23971,Swiss-Sierra Leone Development Foundation,Non-governmental Organization,Switzerland,High income,2,2,0.0,International NGO,rule,home country is high-income (or not a country in the World Bank list)
35396,Syria Relief Network,Non-governmental Organization,Türkiye,Upper middle income,2,3,0.667,Locally based NGO,rule,based in Türkiye or Syria: treated as locally based (Syria response)
8469,TACSO,Other,Bosnia and Herzegovina,Upper middle income,2,2,0.5,Other,ReliefWeb type,
42174,Terre Solidali Onlus,Non-governmental Organization,Italy,High income,2,2,0.0,International NGO,rule,home country is high-income (or not a country in the World Bank list)
36711,Thailand Institute of Justice,Other,Thailand,Upper middle income,2,2,1.0,Other,ReliefWeb type,
50428,The African Seed Access Index,Non-governmental Organization,United States of America,High income,2,1,0.0,International NGO,rule,home country is high-income (or not a country in the World Bank list)
38141,"The Cadmus Group, Inc.",Other,United States of America,High income,2,2,0.5,Other,ReliefWeb type,
50559,The Center For Research & International Development,Non-governmental Organization,United States of America,High income,2,2,0.0,International NGO,rule,home country is high-income (or not a country in the World Bank list)
14706,The Climate Coalition,Non-governmental Organization,United Kingdom of Great Britain and Northern Ireland,High income,2,2,1.0,International NGO,rule,home country is high-income (or not a country in the World Bank list)
51459,The Human Dignity Foundation,Non-governmental Organization,Ireland,High income,2,2,1.0,International NGO,rule,home country is high-income (or not a country in the World Bank list)
45744,The International Society of Ultrasound in Obstetrics & Gynecology,Non-governmental Organization,United Kingdom of Great Britain and Northern Ireland,High income,2,2,1.0,International NGO,rule,home country is high-income (or not a country in the World Bank list)
24231,The Library Project,Non-governmental Organization,United States of America,High income,2,2,0.0,International NGO,rule,home country is high-income (or not a country in the World Bank list)
34746,The Moth,Other,United States of America,High income,2,2,1.0,Other,ReliefWeb type,
51429,"The National Resource Center for Refugees, Immigrants, and Migrants",Other,United States of America,High income,2,1,0.0,Other,ReliefWeb type,
34551,The Operations Partnership,Other,United Kingdom of Great Britain and Northern Ireland,High income,2,2,1.0,Other,ReliefWeb type,
50523,The Queen's Commonwealth Trust,Other,United Kingdom of Great Britain and Northern Ireland,High income,2,0,,Other,ReliefWeb type,
51515,The Reckoning Project,Non-governmental Organization,United States of America,High income,2,1,0.0,International NGO,rule,home country is high-income (or not a country in the World Bank list)
48469,The School Bus Project,Non-governmental Organization,United Kingdom of Great Britain and Northern Ireland,High income,2,2,0.0,International NGO,rule,home country is high-income (or not a country in the World Bank list)
14662,The Sunrise Foundation,Non-governmental Organization,United States of America,High income,2,1,0.0,International NGO,rule,home country is high-income (or not a country in the World Bank list)
39759,The Travel Foundation,Non-governmental Organization,United Kingdom of Great Britain and Northern Ireland,High income,2,2,0.0,International NGO,rule,home country is high-income (or not a country in the World Bank list)
27256,"The Water Project, Inc.",Non-governmental Organization,United States of America,High income,2,2,0.5,International NGO,rule,home country is high-income (or not a country in the World Bank list)
49513,Together for Girls,Non-governmental Organization,United States of America,High income,2,3,0.333,International NGO,rule,home country is high-income (or not a country in the World Bank list)
43189,Tra Vinh University,Academic and Research Institution,Viet Nam,Upper middle income,2,2,1.0,Academic and Research Institution,ReliefWeb type,
11954,Training and Development Network,Other,,,2,2,0.0,Other,ReliefWeb type,
10468,Transparency International Mexico,Non-governmental Organization,Mexico,Upper middle income,2,2,1.0,Locally based NGO,rule,home country is low/middle-income and 100% of located posts are there
47003,Transparency Solutions,Non-governmental Organization,Somalia,Low income,2,2,1.0,Locally based NGO,rule,home country is low/middle-income and 100% of located posts are there
19436,Trust for Indigenous Culture and Health,Non-governmental Organization,Kenya,Lower middle income,2,2,1.0,Locally based NGO,rule,home country is low/middle-income and 100% of located posts are there
9683,Tulipe,Other,France,High income,2,2,1.0,Other,ReliefWeb type,
32591,Turkish Cooperation and Coordination Agency,Government,Türkiye,Upper middle income,2,2,0.0,Government,ReliefWeb type,
1442,UN Assistance Mission in Afghanistan,International Organization,Afghanistan,Low income,2,2,1.0,International Organization,ReliefWeb type,
1733,UN Department of Political Affairs,International Organization,United States of America,High income,2,2,0.5,International Organization,ReliefWeb type,
46279,UN Global Service Centre,International Organization,Italy; Spain,High income,2,2,1.0,International Organization,ReliefWeb type,
2694,UN Interim Force in Lebanon,International Organization,Lebanon,Lower middle income,2,2,1.0,International Organization,ReliefWeb type,
3895,UN Resident Coordinator in Indonesia,International Organization,Indonesia,Upper middle income,2,2,1.0,International Organization,ReliefWeb type,
13700,UNI Global Union,Non-governmental Organization,Switzerland,High income,2,2,1.0,International NGO,rule,home country is high-income (or not a country in the World Bank list)
1405,US Committee for Refugees and Immigrants,Non-governmental Organization,United States of America,High income,2,2,0.5,International NGO,rule,home country is high-income (or not a country in the World Bank list)
50320,US Overseas Cooperative Development Council,Non-governmental Organization,United States of America,High income,2,2,1.0,International NGO,rule,home country is high-income (or not a country in the World Bank list)
11298,Uganda Adult Education Network,Non-governmental Organization,Uganda,Low income,2,2,1.0,Locally based NGO,rule,home country is low/middle-income and 100% of located posts are there
11571,Uganda Village Project,Non-governmental Organization,United States of America,High income,2,2,0.0,International NGO,rule,home country is high-income (or not a country in the World Bank list)
51435,Ujamaa Africa,Non-governmental Organization,Kenya,Lower middle income,2,2,1.0,Locally based NGO,rule,home country is low/middle-income and 100% of located posts are there
10240,Union School Haiti,Academic and Research Institution,Haiti,Lower middle income,2,2,1.0,Academic and Research Institution,ReliefWeb type,
50616,United Palestinian Appeal,Non-governmental Organization,United States of America,High income,2,2,1.0,International NGO,rule,home country is high-income (or not a country in the World Bank list)
3299,Uniterra,Non-governmental Organization,Canada,High income,2,2,0.0,International NGO,rule,home country is high-income (or not a country in the World Bank list)
51652,Universidad del Sagrado Corazón,Academic and Research Institution,Puerto Rico (The United States of America),High income,2,2,1.0,Academic and Research Institution,ReliefWeb type,
3497,University of Cambridge,Academic and Research Institution,United Kingdom of Great Britain and Northern Ireland,High income,2,2,1.0,Academic and Research Institution,ReliefWeb type,
3897,University of Copenhagen,Academic and Research Institution,Denmark,High income,2,2,1.0,Academic and Research Institution,ReliefWeb type,
1120,University of Denver,Academic and Research Institution,United States of America,High income,2,2,1.0,Academic and Research Institution,ReliefWeb type,
8764,University of Edinburgh,Academic and Research Institution,United Kingdom of Great Britain and Northern Ireland,High income,2,0,,Academic and Research Institution,ReliefWeb type,
1061,University of Ghent,Academic and Research Institution,Belgium,High income,2,2,0.0,Academic and Research Institution,ReliefWeb type,
9724,University of Hargeisa,Academic and Research Institution,Somalia,Low income,2,2,1.0,Academic and Research Institution,ReliefWeb type,
1939,University of Waterloo,Academic and Research Institution,Canada,High income,2,2,0.0,Academic and Research Institution,ReliefWeb type,
864,Université catholique de Louvain,Academic and Research Institution,Belgium,High income,2,2,0.5,Academic and Research Institution,ReliefWeb type,
13938,Vahu Foundation,Non-governmental Organization,Myanmar,Lower middle income,2,3,0.333,Regional NGO (global South base),rule,home country is low/middle-income but only 33% of located posts are there
9477,Veolia Environnement,Other,France,High income,2,2,0.5,Other,ReliefWeb type,
12461,Vibrant Village Foundation,Non-governmental Organization,United States of America,High income,2,0,,International NGO,rule,home country is high-income (or not a country in the World Bank list)
28151,Village Pilote,Non-governmental Organization,Senegal,Lower middle income,2,2,1.0,Locally based NGO,rule,home country is low/middle-income and 100% of located posts are there
33271,Violation Documentation Center in Syria,Non-governmental Organization,Syrian Arab Republic,Low income,2,2,1.0,Locally based NGO,rule,based in Türkiye or Syria: treated as locally based (Syria response)
11446,Virgin Unite,Other,United Kingdom of Great Britain and Northern Ireland,High income,2,2,0.0,Other,ReliefWeb type,
7636,Virlanie Foundation Inc,Non-governmental Organization,Philippines,Upper middle income,2,2,1.0,Locally based NGO,rule,home country is low/middle-income and 100% of located posts are there
51259,Vision Action,Non-governmental Organization,United Kingdom of Great Britain and Northern Ireland,High income,2,2,0.0,International NGO,rule,home country is high-income (or not a country in the World Bank list)
43574,Vision to Change the Wolrd,Non-governmental Organization,Central African Republic,Low income,2,2,1.0,Locally based NGO,rule,home country is low/middle-income and 100% of located posts are there
44039,Vitol Foundation,Other,Netherlands,High income,2,2,0.0,Other,ReliefWeb type,
3975,WASH United,Other,Germany,High income,2,2,1.0,Other,ReliefWeb type,
16031,War Resisters' International,International Organization,United Kingdom of Great Britain and Northern Ireland,High income,2,3,0.667,International Organization,ReliefWeb type,
4248,WaterAid America,Non-governmental Organization,United States of America,High income,2,2,1.0,International NGO,rule,home country is high-income (or not a country in the World Bank list)
8134,WaterSHED-Asia,Non-governmental Organization,United States of America,High income,2,2,0.0,International NGO,rule,home country is high-income (or not a country in the World Bank list)
51091,Watershed,Non-governmental Organization,Germany; Greece,High income,2,2,0.5,International NGO,rule,home country is high-income (or not a country in the World Bank list)
48524,Watershed and Development Initiative,Non-governmental Organization,Jordan,Upper middle income,2,2,1.0,Locally based NGO,rule,home country is low/middle-income and 100% of located posts are there
1540,Watson Institute for International Studies,Academic and Research Institution,United States of America,High income,2,2,1.0,Academic and Research Institution,ReliefWeb type,
13470,WelTel,Non-governmental Organization,Kenya,Lower middle income,2,3,0.667,Regional NGO (global South base),rule,home country is low/middle-income but only 67% of located posts are there
2639,Weltfriedensdienst e.V.,Non-governmental Organization,Germany,High income,2,2,0.0,International NGO,rule,home country is high-income (or not a country in the World Bank list)
16801,West African Civil Society Forum,Non-governmental Organization,Nigeria,Lower middle income,2,2,1.0,Locally based NGO,rule,home country is low/middle-income and 100% of located posts are there
9098,Western and Central Pacific Fisheries Convention,Other,Micronesia (Federated States of),Upper middle income,2,2,1.0,Other,ReliefWeb type,
11856,Whole Planet Foundation,Non-governmental Organization,United States of America,High income,2,1,0.0,International NGO,rule,home country is high-income (or not a country in the World Bank list)
14924,Women's Global Network for Reproductive Rights,International Organization,Philippines,Upper middle income,2,2,0.5,International Organization,ReliefWeb type,
35286,Women's Rights Center,Non-governmental Organization,Montenegro,Upper middle income,2,2,1.0,Locally based NGO,rule,home country is low/middle-income and 100% of located posts are there
13456,Women's WorldWide Web,Other,France,High income,2,2,1.0,Other,ReliefWeb type,
13300,WomenPowerConnect,Non-governmental Organization,India,Lower middle income,2,2,1.0,Locally based NGO,rule,home country is low/middle-income and 100% of located posts are there
50380,World Benchmarking Alliance,Non-governmental Organization,Netherlands,High income,2,0,,International NGO,rule,home country is high-income (or not a country in the World Bank list)
3255,World Economic Forum,International Organization,Switzerland,High income,2,1,1.0,International Organization,ReliefWeb type,
46594,World Justice Project,Non-governmental Organization,United States of America,High income,2,2,1.0,International NGO,rule,home country is high-income (or not a country in the World Bank list)
1130,World Peace Academy,Academic and Research Institution,,,2,2,0.0,Academic and Research Institution,ReliefWeb type,
14595,Worldreader,Non-governmental Organization,United States of America,High income,2,2,1.0,International NGO,rule,home country is high-income (or not a country in the World Bank list)
51900,Wyss Academy For Nature,Non-governmental Organization,Switzerland,High income,2,2,0.0,International NGO,rule,home country is high-income (or not a country in the World Bank list)
15781,YWCA-UCDG Onlus,Non-governmental Organization,Italy,High income,2,2,1.0,International NGO,rule,home country is high-income (or not a country in the World Bank list)
50766,Yarl's Wood Befrienders,Non-governmental Organization,United Kingdom of Great Britain and Northern Ireland,High income,2,2,1.0,International NGO,rule,home country is high-income (or not a country in the World Bank list)
4572,Yayasan Jembatan Masa Depan,Non-governmental Organization,Indonesia,Upper middle income,2,2,1.0,Locally based NGO,rule,home country is low/middle-income and 100% of located posts are there
1528,Young Men's Christian Association,Non-governmental Organization,Switzerland,High income,2,1,0.0,International NGO,rule,home country is high-income (or not a country in the World Bank list)
4551,Young Professionals' Platform for Agricultural Research for Development,Academic and Research Institution,Italy,High income,2,2,1.0,Academic and Research Institution,ReliefWeb type,
13095,Youth Health and Development Organization,Non-governmental Organization,Afghanistan,Low income,2,2,1.0,Locally based NGO,rule,home country is low/middle-income and 100% of located posts are there
52278,Youth for a Sustainable World,Non-governmental Organization,Kenya,Lower middle income,2,2,1.0,Locally based NGO,rule,home country is low/middle-income and 100% of located posts are there
12270,Zimbabwe Women's Resource Centre and Network,Non-governmental Organization,Zimbabwe,Lower middle income,2,2,1.0,Locally based NGO,rule,home country is low/middle-income and 100% of located posts are there
51093,Zizi Afrique Foundation,Non-governmental Organization,Kenya,Lower middle income,2,2,1.0,Locally based NGO,rule,home country is low/middle-income and 100% of located posts are there
45719,iHelp Global,Non-governmental Organization,United Kingdom of Great Britain and Northern Ireland,High income,2,2,0.0,International NGO,rule,home country is high-income (or not a country in the World Bank list)
51126,ideas42,Non-governmental Organization,United States of America,High income,2,2,1.0,International NGO,rule,home country is high-income (or not a country in the World Bank list)
50239,refugeeEd,Non-governmental Organization,United Kingdom of Great Britain and Northern Ireland,High income,2,0,,International NGO,rule,home country is high-income (or not a country in the World Bank list)
3615,theIDLgroup,Other,United Kingdom of Great Britain and Northern Ireland,High income,2,2,1.0,Other,ReliefWeb type,
51654,until No Leprosy Remains,Non-governmental Organization,Netherlands,High income,2,1,0.0,International NGO,rule,home country is high-income (or not a country in the World Bank list)
51267,École du Bayon,Other,Cambodia,Lower middle income,2,2,1.0,Other,ReliefWeb type,
15012,A Single Drop for Safe Water,Non-governmental Organization,Philippines,Upper middle income,1,1,1.0,Locally based NGO,rule,home country is low/middle-income and 100% of located posts are there
13735,A Spring of Hope,Non-governmental Organization,South Africa,Upper middle income,1,1,1.0,Locally based NGO,rule,home country is low/middle-income and 100% of located posts are there
357,A.S.I.A Onlus,Non-governmental Organization,Italy,High income,1,1,0.0,International NGO,rule,home country is high-income (or not a country in the World Bank list)
806,ABColombia,Non-governmental Organization,United Kingdom of Great Britain and Northern Ireland,High income,1,1,1.0,International NGO,rule,home country is high-income (or not a country in the World Bank list)
11589,ACE International Consultants,Non-governmental Organization,Spain,High income,1,1,0.0,International NGO,rule,home country is high-income (or not a country in the World Bank list)
514,ADPP Mozambique,Non-governmental Organization,Mozambique,Low income,1,1,1.0,Locally based NGO,rule,home country is low/middle-income and 100% of located posts are there
50965,ADRA Denmark,Non-governmental Organization,Denmark,High income,1,1,1.0,International NGO,rule,home country is high-income (or not a country in the World Bank list)
46923,AFEW International,Non-governmental Organization,Netherlands,High income,1,1,1.0,International NGO,rule,home country is high-income (or not a country in the World Bank list)
46169,AFRIpads,Non-governmental Organization,Uganda,Low income,1,1,1.0,Locally based NGO,rule,home country is low/middle-income and 100% of located posts are there
15254,AFS Intercultural Programs,Non-governmental Organization,United States Virgin Islands,High income,1,1,0.0,International NGO,rule,home country is high-income (or not a country in the World Bank list)
51624,AGENCY FOR CHILD RELIEF AID,Non-governmental Organization,South Sudan,Low income,1,1,1.0,Locally based NGO,rule,home country is low/middle-income and 100% of located posts are there
365,AGRECO,Other,Belgium,High income,1,1,1.0,Other,ReliefWeb type,
47414,AGUA-ONG,Non-governmental Organization,Spain,High income,1,1,0.0,International NGO,rule,home country is high-income (or not a country in the World Bank list)
3782,AIDS Accountability International,Other,Sweden,High income,1,1,0.0,Other,ReliefWeb type,
51914,AKOU,Other,United Kingdom of Great Britain and Northern Ireland,High income,1,1,1.0,Other,ReliefWeb type,
51895,AMPLIFY Girls,Non-governmental Organization,United States of America,High income,1,0,,International NGO,rule,home country is high-income (or not a country in the World Bank list)
44264,APEC Climate Center,Non-governmental Organization,Republic of Korea,High income,1,1,1.0,International NGO,rule,home country is high-income (or not a country in the World Bank list)
44069,ASML/Syria,Non-governmental Organization,Syrian Arab Republic,Low income,1,1,0.0,Locally based NGO,rule,based in Türkiye or Syria: treated as locally based (Syria response)
12648,Aarhus University,Academic and Research Institution,Denmark,High income,1,1,1.0,Academic and Research Institution,ReliefWeb type,
29501,Abidjan-Lagos Corridor Organization,Non-governmental Organization,Benin,Lower middle income,1,2,0.5,Regional NGO (global South base),rule,home country is low/middle-income but only 50% of located posts are there
46254,AbleChildAfrica,Non-governmental Organization,United Kingdom of Great Britain and Northern Ireland,High income,1,1,1.0,International NGO,rule,home country is high-income (or not a country in the World Bank list)
21826,Abraj Syria,Non-governmental Organization,Syrian Arab Republic,Low income,1,1,1.0,Locally based NGO,rule,based in Türkiye or Syria: treated as locally based (Syria response)
51998,Accept International,Non-governmental Organization,Japan,High income,1,1,0.0,International NGO,rule,home country is high-income (or not a country in the World Bank list)
8848,Access to Medicine Foundation,Non-governmental Organization,Netherlands,High income,1,1,1.0,International NGO,rule,home country is high-income (or not a country in the World Bank list)
12180,Acid Survivors Foundation,Non-governmental Organization,Bangladesh,Lower middle income,1,1,1.0,Locally based NGO,rule,home country is low/middle-income and 100% of located posts are there
50300,Action For Development & Research,Non-governmental Organization,Kenya,Lower middle income,1,1,0.0,Regional NGO (global South base),rule,home country is low/middle-income but only 0% of located posts are there
396,Action Medeor,Non-governmental Organization,Germany,High income,1,0,,International NGO,rule,home country is high-income (or not a country in the World Bank list)
543,Action for Children in Conflict,Non-governmental Organization,United Kingdom of Great Britain and Northern Ireland,High income,1,1,0.0,International NGO,rule,home country is high-income (or not a country in the World Bank list)
47304,Action for People In Need Organization,Non-governmental Organization,South Sudan,Low income,1,1,1.0,Locally based NGO,rule,home country is low/middle-income and 100% of located posts are there
8409,Adaptation Fund,Other,United States of America,High income,1,1,1.0,Other,ReliefWeb type,
488,Advocacy Project,Non-governmental Organization,United States of America,High income,1,1,1.0,International NGO,rule,home country is high-income (or not a country in the World Bank list)
43919,Afghan Development Association,Non-governmental Organization,Afghanistan,Low income,1,1,1.0,Locally based NGO,rule,home country is low/middle-income and 100% of located posts are there
12448,Afghan International School,Academic and Research Institution,Afghanistan,Low income,1,1,1.0,Academic and Research Institution,ReliefWeb type,
12428,Afghan Red Crescent Society,Red Cross/Red Crescent Movement,Afghanistan,Low income,1,1,1.0,Red Cross/Red Crescent Movement,ReliefWeb type,
51836,Afghanistan Development and Welfare Services Organization,Non-governmental Organization,Afghanistan,Low income,1,1,1.0,Locally based NGO,rule,home country is low/middle-income and 100% of located posts are there
10995,Afghanistan Knowledge Management Institute (AKMI),Academic and Research Institution,Afghanistan,Low income,1,1,1.0,Academic and Research Institution,ReliefWeb type,
814,Afghanistan libre,Non-governmental Organization,Afghanistan,Low income,1,1,1.0,Locally based NGO,rule,home country is low/middle-income and 100% of located posts are there
11743,Afri-Can Trust,Non-governmental Organization,Netherlands,High income,1,1,0.0,International NGO,rule,home country is high-income (or not a country in the World Bank list)
14814,Africa 2000 Network,Non-governmental Organization,Uganda,Low income,1,1,0.0,Regional NGO (global South base),rule,home country is low/middle-income but only 0% of located posts are there
50373,Africa Centres for Disease Control and Prevention,International Organization,Ethiopia,Low income,1,0,,International Organization,ReliefWeb type,
12748,Africa Health Placements,Other,South Africa,Upper middle income,1,1,1.0,Other,ReliefWeb type,
4260,Africa Now,Non-governmental Organization,United Kingdom of Great Britain and Northern Ireland,High income,1,1,0.0,International NGO,rule,home country is high-income (or not a country in the World Bank list)
45699,Africa Sawabona,Non-governmental Organization,Spain,High income,1,1,0.0,International NGO,rule,home country is high-income (or not a country in the World Bank list)
2582,African Care & Development Initiative,Non-governmental Organization,Switzerland,High income,1,1,0.0,International NGO,rule,home country is high-income (or not a country in the World Bank list)
4552,African Cashew Alliance,Non-governmental Organization,Ghana,Lower middle income,1,1,1.0,Locally based NGO,rule,home country is low/middle-income and 100% of located posts are there
12094,African Conservation Centre,Other,Kenya,Lower middle income,1,1,1.0,Other,ReliefWeb type,
50512,African Initiatives,Non-governmental Organization,United Kingdom of Great Britain and Northern Ireland,High income,1,1,0.0,International NGO,rule,home country is high-income (or not a country in the World Bank list)
40024,African Leaders Malaria Alliance,Government,World,Not classified,1,0,,Government,ReliefWeb type,
47354,African Leadership Academy,Non-governmental Organization,South Africa,Upper middle income,1,1,1.0,Locally based NGO,rule,home country is low/middle-income and 100% of located posts are there
11807,African Leadership Network,Non-governmental Organization,South Africa,Upper middle income,1,1,1.0,Locally based NGO,rule,home country is low/middle-income and 100% of located posts are there
16656,African Solutions to African Problems,Non-governmental Organization,South Africa; United Kingdom of Great Britain and Northern Ireland; United States of America,High income; Upper middle income,1,1,1.0,International NGO,rule,home country is high-income (or not a country in the World Bank list)
11792,African Trade Insurance Agency,Other,Kenya,Lower middle income,1,1,1.0,Other,ReliefWeb type,
45334,African Volunteers for Relief & Development,Non-governmental Organization,Somalia,Low income,1,1,1.0,Locally based NGO,rule,home country is low/middle-income and 100% of located posts are there
13634,Afrique Secours et Assistance,Non-governmental Organization,Côte d'Ivoire,Lower middle income,1,1,0.0,Regional NGO (global South base),rule,home country is low/middle-income but only 0% of located posts are there
42969,Agency for Peace and Development,Non-governmental Organization,Kenya,Lower middle income,1,1,0.0,Regional NGO (global South base),rule,home country is low/middle-income but only 0% of located posts are there
3191,Agenzia Italiana per la Risposta alle Emergenze,Non-governmental Organization,Italy,High income,1,1,0.0,International NGO,rule,home country is high-income (or not a country in the World Bank list)
43579,Agova,Non-governmental Organization,Zambia,Lower middle income,1,0,,Regional NGO (global South base),rule,home country is low/middle-income; no posts carry a country
11823,"Agricultural Missions, Inc.",Other,United States of America,High income,1,1,1.0,Other,ReliefWeb type,
20706,Agropolis,Non-governmental Organization,France,High income,1,1,1.0,International NGO,rule,home country is high-income (or not a country in the World Bank list)
51768,Ahla Fawda,Non-governmental Organization,Lebanon,Lower middle income,1,1,1.0,Locally based NGO,rule,home country is low/middle-income and 100% of located posts are there
15518,Aid Works,Other,United Kingdom of Great Britain and Northern Ireland,High income,1,0,,Other,ReliefWeb type,
14063,Aid for trade logistics,Non-governmental Organization,United Republic of Tanzania,Lower middle income,1,1,1.0,Locally based NGO,rule,home country is low/middle-income and 100% of located posts are there
3993,Aide au Développement,Non-governmental Organization,Belgium,High income,1,1,0.0,International NGO,rule,home country is high-income (or not a country in the World Bank list)
51220,Aidlink,Non-governmental Organization,Ireland,High income,1,1,1.0,International NGO,rule,home country is high-income (or not a country in the World Bank list)
51497,Akvo,Non-governmental Organization,Netherlands,High income,1,1,0.0,International NGO,rule,home country is high-income (or not a country in the World Bank list)
13594,Al Bawsala,Non-governmental Organization,Tunisia,Lower middle income,1,1,1.0,Locally based NGO,rule,home country is low/middle-income and 100% of located posts are there
15005,Alhasan Systems,Other,Pakistan,Lower middle income,1,1,1.0,Other,ReliefWeb type,
47678,Alianza Arkana,Non-governmental Organization,Peru,Upper middle income,1,1,1.0,Locally based NGO,rule,home country is low/middle-income and 100% of located posts are there
12804,Alkhaimah - Association for Education & Development,Non-governmental Organization,Israel,High income,1,1,1.0,International NGO,rule,home country is high-income (or not a country in the World Bank list)
8857,All Party Parliamentary Group on the Great Lakes Region of Africa (APPG),Government,United Kingdom of Great Britain and Northern Ireland,High income,1,1,1.0,Government,ReliefWeb type,
50600,Alliance for Science,Non-governmental Organization,United States of America,High income,1,1,0.0,International NGO,rule,home country is high-income (or not a country in the World Bank list)
51688,Alliance for Water Stewardship,Non-governmental Organization,United Kingdom of Great Britain and Northern Ireland,High income,1,1,0.0,International NGO,rule,home country is high-income (or not a country in the World Bank list)
16081,Alliance of International Doctors,Non-governmental Organization,Türkiye,Upper middle income,1,1,0.0,Locally based NGO,rule,based in Türkiye or Syria: treated as locally based (Syria response)
52149,Alliance to End Human Trafficking,Other,United States of America,High income,1,1,1.0,Other,ReliefWeb type,
2734,Alternatives,Non-governmental Organization,Canada,High income,1,0,,International NGO,rule,home country is high-income (or not a country in the World Bank list)
50877,Amal Alliance,Non-governmental Organization,United States of America,High income,1,1,0.0,International NGO,rule,home country is high-income (or not a country in the World Bank list)
24401,Amazon Conservation Team,Non-governmental Organization,United States of America,High income,1,1,1.0,International NGO,rule,home country is high-income (or not a country in the World Bank list)
14800,Amend,Non-governmental Organization,United States of America,High income,1,1,0.0,International NGO,rule,home country is high-income (or not a country in the World Bank list)
23501,American Cancer Society,Other,United States of America,High income,1,1,0.0,Other,ReliefWeb type,
50431,Amigos de Santa Cruz,Non-governmental Organization,Guatemala,Upper middle income,1,1,1.0,Locally based NGO,rule,home country is low/middle-income and 100% of located posts are there
48304,Anguila Red Cross,Red Cross/Red Crescent Movement,Anguilla,Not classified,1,1,1.0,Red Cross/Red Crescent Movement,ReliefWeb type,
50661,Animals Asia Foundation,Non-governmental Organization,China - Hong Kong (Special Administrative Region),High income,1,0,,International NGO,rule,home country is high-income (or not a country in the World Bank list)
50636,AnnieCannons,Non-governmental Organization,United States of America,High income,1,1,1.0,International NGO,rule,home country is high-income (or not a country in the World Bank list)
20036,Antenna France,Non-governmental Organization,France,High income,1,1,0.0,International NGO,rule,home country is high-income (or not a country in the World Bank list)
4476,Anti-Personnel Mine Ban Convention,International Organization,Switzerland,High income,1,1,1.0,International Organization,ReliefWeb type,
12437,Arab Human Rights Fund,Non-governmental Organization,Lebanon,Lower middle income,1,1,1.0,Locally based NGO,rule,home country is low/middle-income and 100% of located posts are there
11385,Arab Humanitarian Portal,International Organization,United Arab Emirates,High income,1,0,,International Organization,ReliefWeb type,
302,Architecture et Développement,Non-governmental Organization,Switzerland,High income,1,1,0.0,International NGO,rule,home country is high-income (or not a country in the World Bank list)
12643,Arise,Non-governmental Organization,South Africa,Upper middle income,1,1,1.0,Locally based NGO,rule,home country is low/middle-income and 100% of located posts are there
17986,Armenian Red Cross Society,Red Cross/Red Crescent Movement,Armenia,Upper middle income,1,1,1.0,Red Cross/Red Crescent Movement,ReliefWeb type,
52310,Arnhold Institute for Global Health,Academic and Research Institution,United States of America,High income,1,2,0.5,Academic and Research Institution,ReliefWeb type,
50583,Article 36,Non-governmental Organization,United Kingdom of Great Britain and Northern Ireland,High income,1,0,,International NGO,rule,home country is high-income (or not a country in the World Bank list)
47564,Arts for Action,Non-governmental Organization,United Kingdom of Great Britain and Northern Ireland,High income,1,1,0.0,International NGO,rule,home country is high-income (or not a country in the World Bank list)
35131,Asia Monitor Resource Centre,Non-governmental Organization,China - Hong Kong (Special Administrative Region),High income,1,1,1.0,International NGO,rule,home country is high-income (or not a country in the World Bank list)
21066,Asia-Europe Foundation,Non-governmental Organization,Singapore,High income,1,0,,International NGO,rule,home country is high-income (or not a country in the World Bank list)
3583,Asia-Pacific Economic Cooperation,International Organization,Singapore,High income,1,1,1.0,International Organization,ReliefWeb type,
28826,Asian Harm Reduction Network,Non-governmental Organization,Myanmar,Lower middle income,1,1,1.0,Locally based NGO,rule,home country is low/middle-income and 100% of located posts are there
340,Asian Human Rights Commission,Non-governmental Organization,China - Hong Kong (Special Administrative Region),High income,1,1,1.0,International NGO,rule,home country is high-income (or not a country in the World Bank list)
48063,Asian Pacific Resource and Research Centre for Women,Non-governmental Organization,Malaysia,Upper middle income,1,1,1.0,Locally based NGO,rule,home country is low/middle-income and 100% of located posts are there
47244,Asian Services In Action,Non-governmental Organization,United States of America,High income,1,1,1.0,International NGO,rule,home country is high-income (or not a country in the World Bank list)
12655,Asisténsia Legál ba Feto no Labarik,Non-governmental Organization,Timor-Leste,Lower middle income,1,1,1.0,Locally based NGO,rule,home country is low/middle-income and 100% of located posts are there
3919,Asociación SHARE de Guatemala,Non-governmental Organization,Guatemala,Upper middle income,1,1,1.0,Locally based NGO,rule,home country is low/middle-income and 100% of located posts are there
41124,Aspen Network of Development Entrepreneurs (ANDE),Non-governmental Organization,United States of America,High income,1,1,0.0,International NGO,rule,home country is high-income (or not a country in the World Bank list)
347,Assistência Médica Internacional,Non-governmental Organization,Portugal,High income,1,1,0.0,International NGO,rule,home country is high-income (or not a country in the World Bank list)
14789,Associacio Catalana Per La Pau,Non-governmental Organization,Spain,High income,1,1,0.0,International NGO,rule,home country is high-income (or not a country in the World Bank list)
9407,Associated Country Women of The World,Non-governmental Organization,United Kingdom of Great Britain and Northern Ireland,High income,1,1,0.0,International NGO,rule,home country is high-income (or not a country in the World Bank list)
47718,Association Eau de Coco,Non-governmental Organization,France,High income,1,1,0.0,International NGO,rule,home country is high-income (or not a country in the World Bank list)
10533,Association Espoir Madagascar,Non-governmental Organization,Madagascar,Low income,1,1,1.0,Locally based NGO,rule,home country is low/middle-income and 100% of located posts are there
9737,Association Humaïa,Non-governmental Organization,France,High income,1,0,,International NGO,rule,home country is high-income (or not a country in the World Bank list)
49999,Association Malienne pour la Survie au Sahel,Non-governmental Organization,Mali,Low income,1,1,1.0,Locally based NGO,rule,home country is low/middle-income and 100% of located posts are there
43394,Association Medina,Non-governmental Organization,France,High income,1,1,1.0,International NGO,rule,home country is high-income (or not a country in the World Bank list)
26856,Association des Femmes Chefs de Famille,Non-governmental Organization,Mauritania,Lower middle income,1,1,1.0,Locally based NGO,rule,home country is low/middle-income and 100% of located posts are there
4336,Association for Human Rights in Afghanistan,Non-governmental Organization,Spain,High income,1,1,0.0,International NGO,rule,home country is high-income (or not a country in the World Bank list)
34536,Association for the Support of Free Media,Other,France,High income,1,2,0.5,Other,ReliefWeb type,
12126,Association of Disabled Women and Mothers of Disabled Children,Non-governmental Organization,Georgia,Upper middle income,1,1,1.0,Locally based NGO,rule,home country is low/middle-income and 100% of located posts are there
44239,Association of Visitors to Immigration Detainees,Non-governmental Organization,United Kingdom of Great Britain and Northern Ireland,High income,1,1,1.0,International NGO,rule,home country is high-income (or not a country in the World Bank list)
42299,Association pour la Promotion de l'Enseignement et de la Formation à l'Etranger,Other,Belgium,High income,1,1,0.0,Other,ReliefWeb type,
50389,Assurance Services International,Non-governmental Organization,Germany,High income,1,1,0.0,International NGO,rule,home country is high-income (or not a country in the World Bank list)
9078,Astitva,Other,India,Lower middle income,1,1,1.0,Other,ReliefWeb type,
51502,Asylum Links,Non-governmental Organization,United Kingdom of Great Britain and Northern Ireland,High income,1,0,,International NGO,rule,home country is high-income (or not a country in the World Bank list)
13317,Atlantic Council,Non-governmental Organization,United States of America,High income,1,1,0.0,International NGO,rule,home country is high-income (or not a country in the World Bank list)
13684,Aurecon,Other,Australia,High income,1,1,0.0,Other,ReliefWeb type,
51240,Aurora Foundation,Non-governmental Organization,Iceland,High income,1,1,0.0,International NGO,rule,home country is high-income (or not a country in the World Bank list)
24296,Australian Council for Educational Research,Academic and Research Institution,Australia,High income,1,1,1.0,Academic and Research Institution,ReliefWeb type,
12984,Australian National University,Academic and Research Institution,Australia,High income,1,1,1.0,Academic and Research Institution,ReliefWeb type,
4007,Austrian Montenegrin Partnership for Bjela,Government,Montenegro,Upper middle income,1,1,1.0,Government,ReliefWeb type,
13612,Avenir Analytics,Other,Cyprus,High income,1,1,0.0,Other,ReliefWeb type,
50543,BETS Consulting Services Ltd.,Other,Bangladesh,Lower middle income,1,1,0.0,Other,ReliefWeb type,
52155,BUND,Non-governmental Organization,Germany,High income,1,1,0.0,International NGO,rule,home country is high-income (or not a country in the World Bank list)
13365,Ba Futuru,Non-governmental Organization,Timor-Leste,Lower middle income,1,1,1.0,Locally based NGO,rule,home country is low/middle-income and 100% of located posts are there
44839,Bahrain Center for Human Rights,Non-governmental Organization,Bahrain,High income,1,1,0.0,International NGO,rule,home country is high-income (or not a country in the World Bank list)
14399,Bairo Pite Hospital,Non-governmental Organization,Timor-Leste,Lower middle income,1,1,1.0,Locally based NGO,rule,home country is low/middle-income and 100% of located posts are there
51187,Baitusssalam,Non-governmental Organization,Pakistan,Lower middle income,1,1,1.0,Locally based NGO,rule,home country is low/middle-income and 100% of located posts are there
35016,Baker Tilly Berk,Other,Netherlands,High income,1,1,1.0,Other,ReliefWeb type,
8844,Bakhtar Development Network (BDN),Non-governmental Organization,Afghanistan,Low income,1,1,1.0,Locally based NGO,rule,home country is low/middle-income and 100% of located posts are there
51551,Baladna - Association for Arab Youth,Non-governmental Organization,Israel,High income,1,2,0.5,International NGO,rule,home country is high-income (or not a country in the World Bank list)
3537,BaoBab,Non-governmental Organization,United States of America,High income,1,1,0.0,International NGO,rule,home country is high-income (or not a country in the World Bank list)
13078,Bar Hostess Empowerment & Support Programme,Non-governmental Organization,Kenya,Lower middle income,1,1,1.0,Locally based NGO,rule,home country is low/middle-income and 100% of located posts are there
11681,Barcelona Center for International Health Research,Academic and Research Institution,Spain,High income,1,1,0.0,Academic and Research Institution,ReliefWeb type,
9528,Basic Human Rights,Non-governmental Organization,United Kingdom of Great Britain and Northern Ireland,High income,1,1,1.0,International NGO,rule,home country is high-income (or not a country in the World Bank list)
14905,Basic Water Needs,Non-governmental Organization,Netherlands,High income,1,3,0.333,International NGO,rule,home country is high-income (or not a country in the World Bank list)
50994,Basma for relief and development,Non-governmental Organization,Syrian Arab Republic,Low income,1,1,1.0,Locally based NGO,rule,based in Türkiye or Syria: treated as locally based (Syria response)
50960,Baylor College of Medicine Children's Foundation Uganda,Non-governmental Organization,Uganda,Low income,1,1,1.0,Locally based NGO,rule,home country is low/middle-income and 100% of located posts are there
15148,Beautiful Flower,Non-governmental Organization,Kenya,Lower middle income,1,1,1.0,Locally based NGO,rule,home country is low/middle-income and 100% of located posts are there
51794,Begum Organization for Women,Non-governmental Organization,France,High income,1,1,1.0,International NGO,rule,home country is high-income (or not a country in the World Bank list)
11894,Belun,Non-governmental Organization,Timor-Leste,Lower middle income,1,1,1.0,Locally based NGO,rule,home country is low/middle-income and 100% of located posts are there
14876,Benetech,Other,United States of America,High income,1,1,0.0,Other,ReliefWeb type,
51211,Beth Israel Deaconess Medical Center,Academic and Research Institution,United States of America,High income,1,1,0.0,Academic and Research Institution,ReliefWeb type,
51852,Better Business,Other,Jordan,Upper middle income,1,1,1.0,Other,ReliefWeb type,
46983,Better Shelter,Non-governmental Organization,Sweden,High income,1,1,0.0,International NGO,rule,home country is high-income (or not a country in the World Bank list)
8489,Better U Foundation,Other,United States of America,High income,1,1,0.0,Other,ReliefWeb type,
22111,Bishop Simeon Trust,Non-governmental Organization,United Kingdom of Great Britain and Northern Ireland,High income,1,1,0.0,International NGO,rule,home country is high-income (or not a country in the World Bank list)
33161,Bless a Child Foundation,Non-governmental Organization,Uganda,Low income,1,1,1.0,Locally based NGO,rule,home country is low/middle-income and 100% of located posts are there
51793,Bodossaki Foundation,Other,Greece,High income,1,1,1.0,Other,ReliefWeb type,
12231,Bolivia Information Forum,Other,United Kingdom of Great Britain and Northern Ireland,High income,1,1,1.0,Other,ReliefWeb type,
9854,Boma Haiti,Other,Haiti,Lower middle income,1,1,1.0,Other,ReliefWeb type,
47394,Bongo HR,Non-governmental Organization,United Kingdom of Great Britain and Northern Ireland,High income,1,0,,International NGO,rule,home country is high-income (or not a country in the World Bank list)
32351,Bonn-Rhein-Sieg University of Applied Sciences,Academic and Research Institution,Germany,High income,1,1,1.0,Academic and Research Institution,ReliefWeb type,
51532,Bonsucro,Other,United Kingdom of Great Britain and Northern Ireland,High income,1,0,,Other,ReliefWeb type,
51715,Boost Up,Non-governmental Organization,United Kingdom of Great Britain and Northern Ireland,High income,1,1,1.0,International NGO,rule,home country is high-income (or not a country in the World Bank list)
51481,Brass for Africa,Non-governmental Organization,United Kingdom of Great Britain and Northern Ireland,High income,1,1,1.0,International NGO,rule,home country is high-income (or not a country in the World Bank list)
47933,Bridge to Health Medical and Dental,Non-governmental Organization,Canada,High income,1,1,1.0,International NGO,rule,home country is high-income (or not a country in the World Bank list)
8943,Bright Hope,Non-governmental Organization,United States of America,High income,1,1,0.0,International NGO,rule,home country is high-income (or not a country in the World Bank list)
26911,British Medical Journal,Academic and Research Institution,United Kingdom of Great Britain and Northern Ireland,High income,1,1,1.0,Academic and Research Institution,ReliefWeb type,
747,Brookings Institution,Academic and Research Institution,United States of America,High income,1,1,1.0,Academic and Research Institution,ReliefWeb type,
8177,Brookings-LSE Project on Internal Displacement,Academic and Research Institution,United States of America,High income,1,1,1.0,Academic and Research Institution,ReliefWeb type,
36891,Bududa Canada Foundation,Non-governmental Organization,Canada,High income,1,1,0.0,International NGO,rule,home country is high-income (or not a country in the World Bank list)
4356,Build Project,Non-governmental Organization,Australia,High income,1,1,0.0,International NGO,rule,home country is high-income (or not a country in the World Bank list)
51084,Build up Nepal Engineering,Other,Nepal,Lower middle income,1,1,1.0,Other,ReliefWeb type,
35746,Building Resilience and Adaptation to Climate Extremes and Disasters,Government,United Kingdom of Great Britain and Northern Ireland,High income,1,1,1.0,Government,ReliefWeb type,
11109,Bushtaxi,Non-governmental Organization,United States of America,High income,1,0,,International NGO,rule,home country is high-income (or not a country in the World Bank list)
11265,Business Contingency Group,Other,United States of America,High income,1,1,1.0,Other,ReliefWeb type,
47254,Business for Peace Foundation,Non-governmental Organization,Denmark,High income,1,1,0.0,International NGO,rule,home country is high-income (or not a country in the World Bank list)
50976,Bénévolat pour l’Enfance,Non-governmental Organization,Democratic Republic of the Congo,Low income,1,1,1.0,Locally based NGO,rule,home country is low/middle-income and 100% of located posts are there
34861,C&A Foundation,Non-governmental Organization,Switzerland,High income,1,0,,International NGO,rule,home country is high-income (or not a country in the World Bank list)
9404,CADRE-India,Non-governmental Organization,India,Lower middle income,1,1,1.0,Locally based NGO,rule,home country is low/middle-income and 100% of located posts are there
10472,CDC Development Solutions,Other,United States of America,High income,1,1,0.0,Other,ReliefWeb type,
14977,CDM Smith,Non-governmental Organization,United States of America,High income,1,1,0.0,International NGO,rule,home country is high-income (or not a country in the World Bank list)
43914,"CGIAR Research Program on Climate Change, Agriculture and Food Security",Academic and Research Institution,Netherlands,High income,1,0,,Academic and Research Institution,ReliefWeb type,
52071,CHASE Africa,Non-governmental Organization,United Kingdom of Great Britain and Northern Ireland,High income,1,1,0.0,International NGO,rule,home country is high-income (or not a country in the World Bank list)
45199,CHEM Trust,Other,United Kingdom of Great Britain and Northern Ireland,High income,1,1,1.0,Other,ReliefWeb type,
10844,CIAM Public Health Research and Development Centre,Non-governmental Organization,Gambia,Low income,1,1,1.0,Locally based NGO,rule,home country is low/middle-income and 100% of located posts are there
28981,CIGNA,Other,Belgium,High income,1,1,0.0,Other,ReliefWeb type,
10858,CIMIC Centre of Excellence (CCOE),International Organization,Netherlands,High income,1,1,1.0,International Organization,ReliefWeb type,
52312,CO.P.E. – Cooperazione Paesi Emergenti,Non-governmental Organization,Italy,High income,1,1,0.0,International NGO,rule,home country is high-income (or not a country in the World Bank list)
13683,COAM,Non-governmental Organization,Afghanistan,Low income,1,1,1.0,Locally based NGO,rule,home country is low/middle-income and 100% of located posts are there
52233,CRDF Global,Non-governmental Organization,United States of America,High income,1,1,0.0,International NGO,rule,home country is high-income (or not a country in the World Bank list)
42014,CRISTA Ministries,Non-governmental Organization,United States of America,High income,1,1,1.0,International NGO,rule,home country is high-income (or not a country in the World Bank list)
3631,Cafe Africa,Other,Switzerland,High income,1,1,1.0,Other,ReliefWeb type,
3543,Camber,Other,United States of America,High income,1,1,1.0,Other,ReliefWeb type,
13290,Cambodia Against Child Trafficking,Non-governmental Organization,Cambodia,Lower middle income,1,1,1.0,Locally based NGO,rule,home country is low/middle-income and 100% of located posts are there
51947,Campaign for Female Education,Non-governmental Organization,United Kingdom of Great Britain and Northern Ireland,High income,1,1,0.0,International NGO,rule,home country is high-income (or not a country in the World Bank list)
9516,Canadian Friends of Pearl Children,Non-governmental Organization,Canada,High income,1,1,1.0,International NGO,rule,home country is high-income (or not a country in the World Bank list)
24496,"Canvasback Missions, Inc",Non-governmental Organization,United States of America,High income,1,1,1.0,International NGO,rule,home country is high-income (or not a country in the World Bank list)
4490,Capacity Building Trust Fund,Other,Sudan,Low income,1,1,0.0,Other,ReliefWeb type,
49994,Cardiff University,Non-governmental Organization,United Kingdom of Great Britain and Northern Ireland,High income,1,1,1.0,International NGO,rule,home country is high-income (or not a country in the World Bank list)
50590,Care 2 Communities,Non-governmental Organization,Haiti,Lower middle income,1,1,1.0,Locally based NGO,rule,home country is low/middle-income and 100% of located posts are there
52084,Care Best Initiative,Non-governmental Organization,Nigeria,Lower middle income,1,0,,Regional NGO (global South base),rule,home country is low/middle-income; no posts carry a country
49078,Care for Children,Non-governmental Organization,United Kingdom of Great Britain and Northern Ireland,High income,1,1,0.0,International NGO,rule,home country is high-income (or not a country in the World Bank list)
474,Carelift International,Non-governmental Organization,United States of America,High income,1,1,0.0,International NGO,rule,home country is high-income (or not a country in the World Bank list)
3858,Caribbean Disaster Emergency Management Agency,International Organization,Barbados,High income,1,0,,International Organization,ReliefWeb type,
32081,Caribbean Regional Fisheries Mechanism,International Organization,Belize,Upper middle income,1,1,0.0,International Organization,ReliefWeb type,
15022,Caring for Cambodia,Non-governmental Organization,Cambodia,Lower middle income,1,1,1.0,Locally based NGO,rule,home country is low/middle-income and 100% of located posts are there
51938,Caritas Garissa,Non-governmental Organization,Kenya,Lower middle income,1,1,1.0,Locally based NGO,rule,home country is low/middle-income and 100% of located posts are there
51407,Caritas Hellas,Non-governmental Organization,Greece,High income,1,1,1.0,International NGO,rule,home country is high-income (or not a country in the World Bank list)
571,Carleton University,Academic and Research Institution,Canada,High income,1,4,0.0,Academic and Research Institution,ReliefWeb type,
12068,Carpets for Communities,Non-governmental Organization,Australia,High income,1,1,0.0,International NGO,rule,home country is high-income (or not a country in the World Bank list)
13854,Carroll County Coalition For Public Health,Non-governmental Organization,United States of America,High income,1,1,1.0,International NGO,rule,home country is high-income (or not a country in the World Bank list)
15585,Casa Alianza,Non-governmental Organization,United Kingdom of Great Britain and Northern Ireland,High income,1,1,1.0,International NGO,rule,home country is high-income (or not a country in the World Bank list)
11270,Caucasian Institute for Economic and Social Research,Academic and Research Institution,Georgia,Upper middle income,1,1,1.0,Academic and Research Institution,ReliefWeb type,
14728,Ceepco,Non-governmental Organization,United States of America,High income,1,1,0.0,International NGO,rule,home country is high-income (or not a country in the World Bank list)
43104,Center for Diversity and National Harmony,Non-governmental Organization,Myanmar,Lower middle income,1,1,1.0,Locally based NGO,rule,home country is low/middle-income and 100% of located posts are there
36941,Center for Global Health Engagement,Non-governmental Organization,United States of America,High income,1,1,1.0,International NGO,rule,home country is high-income (or not a country in the World Bank list)
877,Center for International Rehabilitation,Non-governmental Organization,United States of America,High income,1,1,0.0,International NGO,rule,home country is high-income (or not a country in the World Bank list)
51451,Center for Resource Development Studies,Other,Bangladesh,Lower middle income,1,1,0.0,Other,ReliefWeb type,
41374,Center for Roma Initiatives,Non-governmental Organization,Montenegro,Upper middle income,1,0,,Regional NGO (global South base),rule,home country is low/middle-income; no posts carry a country
4586,Center for the Adolescents of San Miguel de Allende,Non-governmental Organization,Mexico,Upper middle income,1,1,1.0,Locally based NGO,rule,home country is low/middle-income and 100% of located posts are there
371,Center for the Prevention of Genocide,Academic and Research Institution,United States of America,High income,1,1,1.0,Academic and Research Institution,ReliefWeb type,
3379,Central European University,Academic and Research Institution,Hungary,High income,1,1,1.0,Academic and Research Institution,ReliefWeb type,
1730,Centrale Humanitaire Médico-Pharmaceutique,Non-governmental Organization,France,High income,1,1,0.0,International NGO,rule,home country is high-income (or not a country in the World Bank list)
12961,Centre for Environment and Human Development,Non-governmental Organization,United States of America,High income,1,1,1.0,International NGO,rule,home country is high-income (or not a country in the World Bank list)
50334,Centre for Human Rights,Academic and Research Institution,South Africa,Upper middle income,1,1,1.0,Academic and Research Institution,ReliefWeb type,
50909,Centre for Humanitarian Action,Academic and Research Institution,Germany,High income,1,1,1.0,Academic and Research Institution,ReliefWeb type,
51102,Centre for Peace and Justice Brac University,Academic and Research Institution,Bangladesh,Lower middle income,1,1,1.0,Academic and Research Institution,ReliefWeb type,
44819,Centre for Research on Women’s Issues Diotima,Non-governmental Organization,Greece,High income,1,1,1.0,International NGO,rule,home country is high-income (or not a country in the World Bank list)
618,Centre for Research on the Epidemiology of Disasters,Academic and Research Institution,Belgium,High income,1,1,1.0,Academic and Research Institution,ReliefWeb type,
1867,Centre for Safety and Development,Non-governmental Organization,Netherlands,High income,1,1,1.0,International NGO,rule,home country is high-income (or not a country in the World Bank list)
36716,Centre for Sexual Health HIV and AIDS Research,Other,Zimbabwe,Lower middle income,1,1,1.0,Other,ReliefWeb type,
47339,Centres for Health & Education Programmes,Non-governmental Organization,Kenya,Lower middle income,1,1,1.0,Locally based NGO,rule,home country is low/middle-income and 100% of located posts are there
52329,Centro Internazionale per la pace fra i popoli,Non-governmental Organization,Italy,High income,1,1,0.0,International NGO,rule,home country is high-income (or not a country in the World Bank list)
14306,Centro de Investigação em Saúde de Manhiça,Non-governmental Organization,Mozambique,Low income,1,1,1.0,Locally based NGO,rule,home country is low/middle-income and 100% of located posts are there
51893,Cezam and Associates Limited,Non-governmental Organization,Kenya,Lower middle income,1,1,1.0,Locally based NGO,rule,home country is low/middle-income and 100% of located posts are there
49908,Chaikuni Institute,Non-governmental Organization,Peru,Upper middle income,1,1,1.0,Locally based NGO,rule,home country is low/middle-income and 100% of located posts are there
36331,Challenging Heights,Non-governmental Organization,Ghana,Lower middle income,1,1,1.0,Locally based NGO,rule,home country is low/middle-income and 100% of located posts are there
12459,Chamroeun,Non-governmental Organization,Cambodia,Lower middle income,1,1,1.0,Locally based NGO,rule,home country is low/middle-income and 100% of located posts are there
51077,Chance to Change,Non-governmental Organization,Türkiye,Upper middle income,1,1,1.0,Locally based NGO,rule,based in Türkiye or Syria: treated as locally based (Syria response)
52223,ChangeX,Non-governmental Organization,Ireland,High income,1,0,,International NGO,rule,home country is high-income (or not a country in the World Bank list)
50295,Charity and Empowerment Foundation,Non-governmental Organization,South Sudan,Low income,1,1,1.0,Locally based NGO,rule,home country is low/middle-income and 100% of located posts are there
46314,Charles R. Drew University of Medicine and Science,Academic and Research Institution,United States of America,High income,1,1,0.0,Academic and Research Institution,ReliefWeb type,
10005,Chechnya Advocacy Network,Non-governmental Organization,United States of America,High income,1,1,0.0,International NGO,rule,home country is high-income (or not a country in the World Bank list)
47083,CherYsh America Foundation,Non-governmental Organization,United States of America,High income,1,1,0.0,International NGO,rule,home country is high-income (or not a country in the World Bank list)
38211,Child Frontiers Ltd.,Other,China - Hong Kong (Special Administrative Region),High income,1,0,,Other,ReliefWeb type,
11071,Child Health Research Foundation (CHRF),Academic and Research Institution,Bangladesh,Lower middle income,1,1,1.0,Academic and Research Institution,ReliefWeb type,
51719,Child Mind Institute,Non-governmental Organization,United States of America,High income,1,1,0.0,International NGO,rule,home country is high-income (or not a country in the World Bank list)
15145,Child Rights Coalition Asia,Non-governmental Organization,Philippines,Upper middle income,1,1,1.0,Locally based NGO,rule,home country is low/middle-income and 100% of located posts are there
32321,Child Safe Horizons,Other,,,1,0,,Other,ReliefWeb type,
50682,Child Watabaran Center Nepal,Non-governmental Organization,Nepal,Lower middle income,1,1,1.0,Locally based NGO,rule,home country is low/middle-income and 100% of located posts are there
34156,Child to Child,Non-governmental Organization,United Kingdom of Great Britain and Northern Ireland,High income,1,1,0.0,International NGO,rule,home country is high-income (or not a country in the World Bank list)
51195,ChildFund Ireland,Non-governmental Organization,Ireland,High income,1,1,1.0,International NGO,rule,home country is high-income (or not a country in the World Bank list)
9227,ChildFund New Zealand,Non-governmental Organization,New Zealand,High income,1,1,1.0,International NGO,rule,home country is high-income (or not a country in the World Bank list)
35751,Children and Women Trust,Non-governmental Organization,Pakistan,Lower middle income,1,1,1.0,Locally based NGO,rule,home country is low/middle-income and 100% of located posts are there
50932,Children of Africa,Non-governmental Organization,Switzerland,High income,1,1,0.0,International NGO,rule,home country is high-income (or not a country in the World Bank list)
11222,Children of Shambala,Non-governmental Organization,China,Upper middle income,1,1,0.0,Regional NGO (global South base),rule,home country is low/middle-income but only 0% of located posts are there
46174,Children of the Nations,Non-governmental Organization,United States of America,High income,1,1,0.0,International NGO,rule,home country is high-income (or not a country in the World Bank list)
15128,Children to Love International,Non-governmental Organization,United States of America,High income,1,1,0.0,International NGO,rule,home country is high-income (or not a country in the World Bank list)
12605,Children’s Future India,Non-governmental Organization,India,Lower middle income,1,1,1.0,Locally based NGO,rule,home country is low/middle-income and 100% of located posts are there
45209,Christian Mission for Development,Non-governmental Organization,South Sudan,Low income,1,1,1.0,Locally based NGO,rule,home country is low/middle-income and 100% of located posts are there
560,Christian Reformed World Relief Committee,Non-governmental Organization,United States of America,High income,1,1,0.0,International NGO,rule,home country is high-income (or not a country in the World Bank list)
41179,Church of England,Non-governmental Organization,United Kingdom of Great Britain and Northern Ireland,High income,1,1,1.0,International NGO,rule,home country is high-income (or not a country in the World Bank list)
44104,Church of Scotland,Non-governmental Organization,United Kingdom of Great Britain and Northern Ireland,High income,1,1,0.0,International NGO,rule,home country is high-income (or not a country in the World Bank list)
43844,Civic,Other,United Kingdom of Great Britain and Northern Ireland,High income,1,1,0.0,Other,ReliefWeb type,
18356,Civic Democratic Initiatives,Non-governmental Organization,Yemen,Low income,1,1,1.0,Locally based NGO,rule,home country is low/middle-income and 100% of located posts are there
52655,Civil Society Enablement Unit,Non-governmental Organization,Türkiye,Upper middle income,1,1,1.0,Locally based NGO,rule,based in Türkiye or Syria: treated as locally based (Syria response)
52264,Clean Shelter,Non-governmental Organization,Germany,High income,1,0,,International NGO,rule,home country is high-income (or not a country in the World Bank list)
50718,Climate Alliance,International Organization,Germany,High income,1,1,0.0,International Organization,ReliefWeb type,
10909,Climate Pal,Other,Kenya,Lower middle income,1,1,1.0,Other,ReliefWeb type,
1853,Clingendael,Academic and Research Institution,Netherlands,High income,1,1,1.0,Academic and Research Institution,ReliefWeb type,
35981,Coalition of Services of the Elderly,Non-governmental Organization,Philippines,Upper middle income,1,1,1.0,Locally based NGO,rule,home country is low/middle-income and 100% of located posts are there
1895,Coalition to Stop the Use of Child Soldiers,Non-governmental Organization,United Kingdom of Great Britain and Northern Ireland,High income,1,1,1.0,International NGO,rule,home country is high-income (or not a country in the World Bank list)
15067,Coffee Kids,Non-governmental Organization,United States of America,High income,1,1,1.0,International NGO,rule,home country is high-income (or not a country in the World Bank list)
50607,Collaborative Center for Clinical Epidemiology & Outcomes Research,Academic and Research Institution,Greece,High income,1,1,1.0,Academic and Research Institution,ReliefWeb type,
45154,College of William and Mary,Academic and Research Institution,United States of America,High income,1,1,1.0,Academic and Research Institution,ReliefWeb type,
51148,Columbia Global Centers in Eastern and Southern Africa,Academic and Research Institution,Kenya,Lower middle income,1,1,1.0,Academic and Research Institution,ReliefWeb type,
1986,Comforce,Other,United States of America,High income,1,1,0.0,Other,ReliefWeb type,
1905,Comité d'Aide Médicale,Non-governmental Organization,France,High income,1,1,0.0,International NGO,rule,home country is high-income (or not a country in the World Bank list)
52252,Comité de Coopération avec Laos,Non-governmental Organization,Lao People's Democratic Republic (the),Lower middle income,1,1,1.0,Locally based NGO,rule,home country is low/middle-income and 100% of located posts are there
51299,Commission for International Justice and Accountability,Non-governmental Organization,Belgium,High income,1,0,,International NGO,rule,home country is high-income (or not a country in the World Bank list)
11638,Commission universitaire pour le Développement,Academic and Research Institution,Belgium,High income,1,1,0.0,Academic and Research Institution,ReliefWeb type,
50058,Common Good,Non-governmental Organization,South Africa,Upper middle income,1,1,1.0,Locally based NGO,rule,home country is low/middle-income and 100% of located posts are there
50972,Commonwealth Parliamentary Association UK,Non-governmental Organization,United Kingdom of Great Britain and Northern Ireland,High income,1,0,,International NGO,rule,home country is high-income (or not a country in the World Bank list)
3980,Community Appraisal and Motivation Programme,Non-governmental Organization,Pakistan,Lower middle income,1,1,1.0,Locally based NGO,rule,home country is low/middle-income and 100% of located posts are there
14043,Community Development Fund,Non-governmental Organization,World,Not classified,1,0,,International NGO,rule,home country is high-income (or not a country in the World Bank list)
4288,Community Empowerment and Development Centre,Non-governmental Organization,Uganda,Low income,1,1,1.0,Locally based NGO,rule,home country is low/middle-income and 100% of located posts are there
52016,Community Health Impact Coalition,Non-governmental Organization,United States of America,High income,1,0,,International NGO,rule,home country is high-income (or not a country in the World Bank list)
1919,Computer Frontiers,Other,United States of America,High income,1,1,0.0,Other,ReliefWeb type,
15544,Conectas,Non-governmental Organization,Brazil,Upper middle income,1,1,1.0,Locally based NGO,rule,home country is low/middle-income and 100% of located posts are there
32826,Congo Research Group - Groupe d’Étude sur le Congo,Academic and Research Institution,United States of America,High income,1,1,1.0,Academic and Research Institution,ReliefWeb type,
50717,Connect by Music,Non-governmental Organization,Greece,High income,1,0,,International NGO,rule,home country is high-income (or not a country in the World Bank list)
52068,Conservation Collective,Non-governmental Organization,United Kingdom of Great Britain and Northern Ireland,High income,1,0,,International NGO,rule,home country is high-income (or not a country in the World Bank list)
18281,Consortium de sensibilisation sur les Chambres africaines extraordinaires,Government,Senegal,Lower middle income,1,2,0.5,Government,ReliefWeb type,
3453,Consortium for Refugees and Migrants in South Africa,Non-governmental Organization,South Africa,Upper middle income,1,1,0.0,Regional NGO (global South base),rule,home country is low/middle-income but only 0% of located posts are there
4189,Consortium of British Humanitarian Agencies,Non-governmental Organization,United Kingdom of Great Britain and Northern Ireland,High income,1,1,1.0,International NGO,rule,home country is high-income (or not a country in the World Bank list)
3640,"Consortium on Gender, Security, and Human Rights",Non-governmental Organization,United States of America,High income,1,1,1.0,International NGO,rule,home country is high-income (or not a country in the World Bank list)
51572,Consumers International,Non-governmental Organization,United Kingdom of Great Britain and Northern Ireland,High income,1,0,,International NGO,rule,home country is high-income (or not a country in the World Bank list)
40673,Cooperazione Internazionale Sud Sud,Non-governmental Organization,Italy,High income,1,1,0.0,International NGO,rule,home country is high-income (or not a country in the World Bank list)
34051,Coprodeli,Non-governmental Organization,United States of America,High income,1,1,0.0,International NGO,rule,home country is high-income (or not a country in the World Bank list)
50980,Corduene International Foundation,Other,Netherlands,High income,1,0,,Other,ReliefWeb type,
12507,Cornerstone OnDemand Foundation,Non-governmental Organization,United States of America,High income,1,1,1.0,International NGO,rule,home country is high-income (or not a country in the World Bank list)
18441,Corpo Nacional de Intervenção Civil,Non-governmental Organization,,,1,1,0.0,NGO (home country unknown),rule,ReliefWeb lists no home country
3843,Corporate Disaster Resource Network,Other,India,Lower middle income,1,1,1.0,Other,ReliefWeb type,
901,Council on Health Research for Development,Non-governmental Organization,Switzerland,High income,1,1,1.0,International NGO,rule,home country is high-income (or not a country in the World Bank list)
21301,Criterion A Psychology Services,Other,United Kingdom of Great Britain and Northern Ireland,High income,1,2,0.5,Other,ReliefWeb type,
41094,Crossing Borders,Non-governmental Organization,Denmark,High income,1,0,,International NGO,rule,home country is high-income (or not a country in the World Bank list)
403,Cruz Roja Hondureña,Red Cross/Red Crescent Movement,Honduras,Lower middle income,1,1,1.0,Red Cross/Red Crescent Movement,ReliefWeb type,
2179,Cruz Roja Salvadoreña,Red Cross/Red Crescent Movement,El Salvador,Upper middle income,1,1,1.0,Red Cross/Red Crescent Movement,ReliefWeb type,
44249,Cubic Corporation,Other,United States of America,High income,1,1,1.0,Other,ReliefWeb type,
13231,Culture and Development East Africa,Non-governmental Organization,United Republic of Tanzania,Lower middle income,1,1,1.0,Locally based NGO,rule,home country is low/middle-income and 100% of located posts are there
50996,CureCervicalCancer,Non-governmental Organization,United States of America,High income,1,1,0.0,International NGO,rule,home country is high-income (or not a country in the World Bank list)
48243,Cycle Connect,Non-governmental Organization,United States of America,High income,1,1,0.0,International NGO,rule,home country is high-income (or not a country in the World Bank list)
48519,DKA Austria,Non-governmental Organization,Austria,High income,1,1,0.0,International NGO,rule,home country is high-income (or not a country in the World Bank list)
911,DPK Consulting,Other,United States of America,High income,1,1,0.0,Other,ReliefWeb type,
8721,Dajani Consulting,Other,Jordan,Upper middle income,1,1,1.0,Other,ReliefWeb type,
3674,Dalia Association,Non-governmental Organization,Israel,High income,1,1,0.0,International NGO,rule,home country is high-income (or not a country in the World Bank list)
51832,Defence for Children - ECPAT Netherlands,Non-governmental Organization,Netherlands,High income,1,1,1.0,International NGO,rule,home country is high-income (or not a country in the World Bank list)
50832,Defence for Children International – Belgium,Non-governmental Organization,Belgium,High income,1,0,,International NGO,rule,home country is high-income (or not a country in the World Bank list)
2306,Defense for Children International - Palestine,Non-governmental Organization,occupied Palestinian territory,Lower middle income,1,1,1.0,Locally based NGO,rule,home country is low/middle-income and 100% of located posts are there
50970,Derandein Fundazioa,Non-governmental Organization,Spain,High income,1,1,1.0,International NGO,rule,home country is high-income (or not a country in the World Bank list)
20701,Desert Research Foundation of Namibia,Non-governmental Organization,Namibia,Lower middle income,1,1,1.0,Locally based NGO,rule,home country is low/middle-income and 100% of located posts are there
44269,Desjardins Développement international,Other,Canada,High income,1,1,1.0,Other,ReliefWeb type,
45649,Detention Action,Non-governmental Organization,United Kingdom of Great Britain and Northern Ireland,High income,1,1,1.0,International NGO,rule,home country is high-income (or not a country in the World Bank list)
29631,Determined to Develop,Non-governmental Organization,Malawi,Low income,1,1,1.0,Locally based NGO,rule,home country is low/middle-income and 100% of located posts are there
34556,Developing World Connections,Non-governmental Organization,Canada,High income,1,1,1.0,International NGO,rule,home country is high-income (or not a country in the World Bank list)
44494,Development Education and Advocacy Resource for Africa Initiative,Non-governmental Organization,Nigeria,Lower middle income,1,0,,Regional NGO (global South base),rule,home country is low/middle-income; no posts carry a country
2376,Development Executive Group,Other,United States of America,High income,1,1,0.0,Other,ReliefWeb type,
4290,Development Seed,Other,United States of America,High income,1,1,1.0,Other,ReliefWeb type,
21601,Development and Humanitarian Services for Afghanistan,Non-governmental Organization,Afghanistan,Low income,1,1,1.0,Locally based NGO,rule,home country is low/middle-income and 100% of located posts are there
18981,Dhaka Ahsania Mission,Non-governmental Organization,Bangladesh,Lower middle income,1,1,1.0,Locally based NGO,rule,home country is low/middle-income and 100% of located posts are there
13159,Digital Divide Data,Other,United States of America,High income,1,1,0.0,Other,ReliefWeb type,
50525,Digital Freedom Fund,Non-governmental Organization,Netherlands,High income,1,1,0.0,International NGO,rule,home country is high-income (or not a country in the World Bank list)
12390,Dignity & Services,Non-governmental Organization,Malaysia,Upper middle income,1,1,1.0,Locally based NGO,rule,home country is low/middle-income and 100% of located posts are there
45624,Disability Support International,Non-governmental Organization,United States of America,High income,1,1,0.0,International NGO,rule,home country is high-income (or not a country in the World Bank list)
3853,Disabled Peoples Organisations - Denmark,Non-governmental Organization,Denmark,High income,1,1,0.0,International NGO,rule,home country is high-income (or not a country in the World Bank list)
46204,Dom'Asile,Non-governmental Organization,France,High income,1,1,1.0,International NGO,rule,home country is high-income (or not a country in the World Bank list)
3150,Drew Cares International,Academic and Research Institution,United States of America,High income,1,1,0.0,Academic and Research Institution,ReliefWeb type,
44089,Dundee City Council,Government,United Kingdom of Great Britain and Northern Ireland,High income,1,1,1.0,Government,ReliefWeb type,
52525,Dutch Relief Alliance,Non-governmental Organization,Netherlands,High income,1,1,1.0,International NGO,rule,home country is high-income (or not a country in the World Bank list)
692,ECOWAS,International Organization,Nigeria,Lower middle income,1,0,,International Organization,ReliefWeb type,
16431,ELD Training for Impact,Other,United Kingdom of Great Britain and Northern Ireland,High income,1,1,0.0,Other,ReliefWeb type,
10882,ENVIROFIT,Other,United States of America,High income,1,1,1.0,Other,ReliefWeb type,
3226,EOD Technology,Other,United States of America,High income,1,0,,Other,ReliefWeb type,
44744,ESA Consultance,Other,Haiti,Lower middle income,1,1,1.0,Other,ReliefWeb type,
43384,ESSA Technologies Ltd,Other,Canada,High income,1,1,1.0,Other,ReliefWeb type,
45024,ETG Farmers Foundation,Non-governmental Organization,Zimbabwe,Lower middle income,1,1,0.0,Regional NGO (global South base),rule,home country is low/middle-income but only 0% of located posts are there
50878,ETLog GmbH,Other,Germany,High income,1,1,1.0,Other,ReliefWeb type,
49353,EYElliance a project of Tides,Non-governmental Organization,United States of America,High income,1,1,1.0,International NGO,rule,home country is high-income (or not a country in the World Bank list)
42074,Earth Security Group,Academic and Research Institution,United Kingdom of Great Britain and Northern Ireland,High income,1,1,1.0,Academic and Research Institution,ReliefWeb type,
8326,East African Civil Society Organizations’ Forum,Non-governmental Organization,United Republic of Tanzania,Lower middle income,1,1,1.0,Locally based NGO,rule,home country is low/middle-income and 100% of located posts are there
15150,East African Ministries,Other,United States of America,High income,1,1,0.0,Other,ReliefWeb type,
3458,East Meets West Foundation,Non-governmental Organization,United States of America,High income,1,1,0.0,International NGO,rule,home country is high-income (or not a country in the World Bank list)
49068,East West Management Institute,Non-governmental Organization,United States of America,High income,1,1,0.0,International NGO,rule,home country is high-income (or not a country in the World Bank list)
29601,Eastern Africa Standby Force,Other,Kenya,Lower middle income,1,1,1.0,Other,ReliefWeb type,
9882,Eco Mark Africa (EMA),Other,Kenya,Lower middle income,1,1,1.0,Other,ReliefWeb type,
12093,Eco-Consulting Group,Non-governmental Organization,Germany,High income,1,1,0.0,International NGO,rule,home country is high-income (or not a country in the World Bank list)
50439,Eco-Vital,Non-governmental Organization,Iraq,Upper middle income,1,1,1.0,Locally based NGO,rule,home country is low/middle-income and 100% of located posts are there
11325,Economic Policy Research Center,Other,Georgia,Upper middle income,1,1,1.0,Other,ReliefWeb type,
8802,"Economic, Social and Cultural Rights (ESCR) Forum",Non-governmental Organization,United Kingdom of Great Britain and Northern Ireland,High income,1,0,,International NGO,rule,home country is high-income (or not a country in the World Bank list)
51270,Eirene Suisse,Non-governmental Organization,Switzerland,High income,1,1,0.0,International NGO,rule,home country is high-income (or not a country in the World Bank list)
9729,El Sadat Association for Social Development & Welfare,Non-governmental Organization,Egypt,Lower middle income,1,1,1.0,Locally based NGO,rule,home country is low/middle-income and 100% of located posts are there
25346,Electoral Integrity Project,Academic and Research Institution,Canada; United Kingdom of Great Britain and Northern Ireland,High income,1,1,0.0,Academic and Research Institution,ReliefWeb type,
46848,Electronic Information for Libraries,Non-governmental Organization,Lithuania,High income,1,1,0.0,International NGO,rule,home country is high-income (or not a country in the World Bank list)
51092,Electronics Watch,Non-governmental Organization,Netherlands,High income,1,0,,International NGO,rule,home country is high-income (or not a country in the World Bank list)
19251,Elkana,Non-governmental Organization,Georgia,Upper middle income,1,1,1.0,Locally based NGO,rule,home country is low/middle-income and 100% of located posts are there
14468,Elpis Farms,Non-governmental Organization,Kenya,Lower middle income,1,0,,Regional NGO (global South base),rule,home country is low/middle-income; no posts carry a country
8424,Emerge Global,Non-governmental Organization,United States of America,High income,1,1,0.0,International NGO,rule,home country is high-income (or not a country in the World Bank list)
2717,Emergency Capacity Building Project,Academic and Research Institution,United Kingdom of Great Britain and Northern Ireland,High income,1,1,1.0,Academic and Research Institution,ReliefWeb type,
46704,Emerging Leaders,Non-governmental Organization,United Kingdom of Great Britain and Northern Ireland,High income,1,1,1.0,International NGO,rule,home country is high-income (or not a country in the World Bank list)
14517,Eminence,Non-governmental Organization,Bangladesh,Lower middle income,1,1,1.0,Locally based NGO,rule,home country is low/middle-income and 100% of located posts are there
39659,Empower Generation,Non-governmental Organization,United States of America,High income,1,1,0.0,International NGO,rule,home country is high-income (or not a country in the World Bank list)
52346,Encomium 2020,Non-governmental Organization,Uganda,Low income,1,1,1.0,Locally based NGO,rule,home country is low/middle-income and 100% of located posts are there
32791,Endangered Wildlife Trust,Non-governmental Organization,South Africa,Upper middle income,1,1,1.0,Locally based NGO,rule,home country is low/middle-income and 100% of located posts are there
28606,Engaged For Children,Non-governmental Organization,Canada,High income,1,1,0.0,International NGO,rule,home country is high-income (or not a country in the World Bank list)
23921,Engineering Ministries International,Non-governmental Organization,United States of America,High income,1,2,0.0,International NGO,rule,home country is high-income (or not a country in the World Bank list)
45074,Engineers Without Borders Ireland,Non-governmental Organization,Ireland,High income,1,1,1.0,International NGO,rule,home country is high-income (or not a country in the World Bank list)
45194,Enraf Nonius BV,Other,Netherlands,High income,1,1,0.0,Other,ReliefWeb type,
50738,Environmental Defense Fund,Non-governmental Organization,United States of America,High income,1,1,0.0,International NGO,rule,home country is high-income (or not a country in the World Bank list)
47153,Environmental Investigation Agency,Academic and Research Institution,United States of America,High income,1,6,0.0,Academic and Research Institution,ReliefWeb type,
10428,Environmental Law Service,Other,Czechia,High income,1,1,0.0,Other,ReliefWeb type,
51283,Enviu,Non-governmental Organization,Netherlands,High income,1,1,0.0,International NGO,rule,home country is high-income (or not a country in the World Bank list)
3262,Episcopal Migration Ministries,Non-governmental Organization,United States of America,High income,1,1,1.0,International NGO,rule,home country is high-income (or not a country in the World Bank list)
11500,Equitable Cambodia,Non-governmental Organization,Cambodia,Lower middle income,1,1,1.0,Locally based NGO,rule,home country is low/middle-income and 100% of located posts are there
18756,Ethar Relief,Non-governmental Organization,United Kingdom of Great Britain and Northern Ireland,High income,1,1,1.0,International NGO,rule,home country is high-income (or not a country in the World Bank list)
14544,Euclid University,Academic and Research Institution,United States of America,High income,1,0,,Academic and Research Institution,ReliefWeb type,
10668,Euronet Consulting,Other,Belgium,High income,1,1,0.0,Other,ReliefWeb type,
50964,European Blind Union,Other,France,High income,1,0,,Other,ReliefWeb type,
14008,European Center for Not-for-Profit Law,Non-governmental Organization,Hungary,High income,1,1,1.0,International NGO,rule,home country is high-income (or not a country in the World Bank list)
9630,European Chamber of Commerce in Hong Kong,Non-governmental Organization,China - Hong Kong (Special Administrative Region),High income,1,1,1.0,International NGO,rule,home country is high-income (or not a country in the World Bank list)
50683,European Christian Organisations for Relief and Development,Non-governmental Organization,Belgium,High income,1,1,1.0,International NGO,rule,home country is high-income (or not a country in the World Bank list)
2386,European Human Rights Advocacy Centre,Academic and Research Institution,United Kingdom of Great Britain and Northern Ireland,High income,1,1,1.0,Academic and Research Institution,ReliefWeb type,
2613,European Institute for Business Administration,Academic and Research Institution,France,High income,1,1,0.0,Academic and Research Institution,ReliefWeb type,
315,European Investment Bank,International Organization,Luxembourg,High income,1,1,1.0,International Organization,ReliefWeb type,
30336,"European NGOs for Sexual and Reproductive Health and Rights, Population and Development",Other,Belgium,High income,1,1,1.0,Other,ReliefWeb type,
28846,European Network on Statelessness,Non-governmental Organization,United Kingdom of Great Britain and Northern Ireland,High income,1,0,,International NGO,rule,home country is high-income (or not a country in the World Bank list)
51388,European Prison Litigation Network,Non-governmental Organization,France,High income,1,0,,International NGO,rule,home country is high-income (or not a country in the World Bank list)
34546,European Union Joint Rural Development Programme,Other,Egypt,Lower middle income,1,1,1.0,Other,ReliefWeb type,
19451,European Union National Institutes for Culture,Government,Belgium,High income,1,1,0.0,Government,ReliefWeb type,
50519,Every Casualty Worldwide,Other,United Kingdom of Great Britain and Northern Ireland,High income,1,1,1.0,Other,ReliefWeb type,
27636,Every Child Fed,Non-governmental Organization,United States of America,High income,1,1,1.0,International NGO,rule,home country is high-income (or not a country in the World Bank list)
42804,Evidence in Governance and Politics,Academic and Research Institution,United States of America,High income,1,1,1.0,Academic and Research Institution,ReliefWeb type,
15946,Exmed,Other,United Kingdom of Great Britain and Northern Ireland,High income,1,1,1.0,Other,ReliefWeb type,
2964,FAKT GmbH,Other,Germany,High income,1,1,0.0,Other,ReliefWeb type,
29136,FOCUS 1000,Non-governmental Organization,Sierra Leone,Low income,1,0,,Regional NGO (global South base),rule,home country is low/middle-income; no posts carry a country
2074,"FORCES - Formazione, Ricerca, Consulenza ed Eventi per lo Sviluppo",Non-governmental Organization,Italy,High income,1,1,0.0,International NGO,rule,home country is high-income (or not a country in the World Bank list)
14056,FOS-Socialist Solidarity,Non-governmental Organization,Belgium,High income,1,1,0.0,International NGO,rule,home country is high-income (or not a country in the World Bank list)
42384,FUNDACION LOS CACHORROS,Non-governmental Organization,Netherlands,High income,1,1,0.0,International NGO,rule,home country is high-income (or not a country in the World Bank list)
2556,FXB Center at the University of Medicine & Dentistry of New Jersey,Academic and Research Institution,United States of America,High income,1,1,0.0,Academic and Research Institution,ReliefWeb type,
3539,Fahamu,Other,United Kingdom of Great Britain and Northern Ireland,High income,1,1,0.0,Other,ReliefWeb type,
12269,Fahamu Refugee Programme,Non-governmental Organization,United Kingdom of Great Britain and Northern Ireland,High income,1,0,,International NGO,rule,home country is high-income (or not a country in the World Bank list)
50714,Fair Wear Foundation,Non-governmental Organization,Germany; Netherlands,High income,1,1,1.0,International NGO,rule,home country is high-income (or not a country in the World Bank list)
51175,Fambul Tik e.V.,Non-governmental Organization,Germany; Sierra Leone,High income; Low income,1,1,1.0,International NGO,rule,home country is high-income (or not a country in the World Bank list)
52094,Femmes Entraide & Autonomie,Non-governmental Organization,France,High income,1,1,1.0,International NGO,rule,home country is high-income (or not a country in the World Bank list)
14123,Fidelity Consultancy Services,Other,Afghanistan,Low income,1,1,1.0,Other,ReliefWeb type,
44489,Field Epidemiology Society of Kenya,Other,Kenya,Lower middle income,1,1,1.0,Other,ReliefWeb type,
51949,Field Ready Türkiye,Non-governmental Organization,Türkiye,Upper middle income,1,1,1.0,Locally based NGO,rule,based in Türkiye or Syria: treated as locally based (Syria response)
43334,Find Your Feet,Non-governmental Organization,United Kingdom of Great Britain and Northern Ireland,High income,1,1,0.0,International NGO,rule,home country is high-income (or not a country in the World Bank list)
15169,Finnish Committee for UNICEF,Non-governmental Organization,Finland,High income,1,0,,International NGO,rule,home country is high-income (or not a country in the World Bank list)
52275,Finnish Evangelical Lutheran Mission Society,Other,Finland,High income,1,0,,Other,ReliefWeb type,
49903,First Call Partners,Non-governmental Organization,United Kingdom of Great Britain and Northern Ireland,High income,1,1,1.0,International NGO,rule,home country is high-income (or not a country in the World Bank list)
12138,Focus Residential Childcare Services Ltd,Other,United Kingdom of Great Britain and Northern Ireland,High income,1,1,1.0,Other,ReliefWeb type,
51844,Fojo Media Institute,Academic and Research Institution,Sweden,High income,1,0,,Academic and Research Institution,ReliefWeb type,
50811,Fondation AXIAN,Other,Madagascar,Low income,1,1,1.0,Other,ReliefWeb type,
50903,Fondation Apprentis d’Auteuil International,Non-governmental Organization,Switzerland,High income,1,1,1.0,International NGO,rule,home country is high-income (or not a country in the World Bank list)
35176,Fondation Chirezi,Non-governmental Organization,Democratic Republic of the Congo,Low income,1,1,1.0,Locally based NGO,rule,home country is low/middle-income and 100% of located posts are there
27766,Fondation DiDé,Non-governmental Organization,Switzerland,High income,1,1,1.0,International NGO,rule,home country is high-income (or not a country in the World Bank list)
48799,Fondation Follereau,Non-governmental Organization,Luxembourg,High income,1,1,0.0,International NGO,rule,home country is high-income (or not a country in the World Bank list)
2718,Fondation PH Suisse - Partnerships in Health,Non-governmental Organization,Switzerland,High income,1,1,0.0,International NGO,rule,home country is high-income (or not a country in the World Bank list)
50836,Fondation René Cassin,Other,France,High income,1,0,,Other,ReliefWeb type,
14402,Fondation biotechnologie pour le développement durable en Afrique,Non-governmental Organization,Canada,High income,1,1,1.0,International NGO,rule,home country is high-income (or not a country in the World Bank list)
52145,Fondation de France,Non-governmental Organization,France,High income,1,1,0.0,International NGO,rule,home country is high-income (or not a country in the World Bank list)
14923,Fondation d’Harcourt,Non-governmental Organization,Switzerland,High income,1,1,1.0,International NGO,rule,home country is high-income (or not a country in the World Bank list)
20046,Fondazione Dr. Ambrosoli Memorial Hospital,Other,Italy,High income,1,1,0.0,Other,ReliefWeb type,
51124,Fondazione Generali - The Human Safety Net,Non-governmental Organization,Italy,High income,1,1,1.0,International NGO,rule,home country is high-income (or not a country in the World Bank list)
12541,Fondo para el Desarrollo de los Pueblos Indígenas de América Latina y El Caribe,Other,Bolivia (Plurinational State of),Lower middle income,1,1,1.0,Other,ReliefWeb type,
497,Food Agriculture and Natural Resources Policy Network,Academic and Research Institution,South Africa,Upper middle income,1,1,1.0,Academic and Research Institution,ReliefWeb type,
791,"Forced Migration Review, University of Oxford",Academic and Research Institution,United Kingdom of Great Britain and Northern Ireland,High income,1,1,1.0,Academic and Research Institution,ReliefWeb type,
12744,Fordham University,Academic and Research Institution,United States of America,High income,1,1,1.0,Academic and Research Institution,ReliefWeb type,
47103,Forum of Federations,Non-governmental Organization,Canada,High income,1,1,0.0,International NGO,rule,home country is high-income (or not a country in the World Bank list)
26001,"Foundation for Education and Cultural Initiatives ""Step by Step"" – Macedonia",Non-governmental Organization,the Republic of North Macedonia,Upper middle income,1,1,1.0,Locally based NGO,rule,home country is low/middle-income and 100% of located posts are there
46609,Foundation for Relief and Reconciliation in the Middle East,Non-governmental Organization,United Kingdom of Great Britain and Northern Ireland,High income,1,1,0.0,International NGO,rule,home country is high-income (or not a country in the World Bank list)
3234,Foundation for Sustainable Development,Other,United States of America,High income,1,1,0.0,Other,ReliefWeb type,
40949,Framework Convention Alliance,Other,Canada,High income,1,1,1.0,Other,ReliefWeb type,
10482,Frankfurt School of Finance & Management,Academic and Research Institution,Germany,High income,1,1,0.0,Academic and Research Institution,ReliefWeb type,
50904,Free Wheelchair Mission,Non-governmental Organization,United States of America,High income,1,1,1.0,International NGO,rule,home country is high-income (or not a country in the World Bank list)
14963,Free a Girl,Non-governmental Organization,Netherlands,High income,1,1,1.0,International NGO,rule,home country is high-income (or not a country in the World Bank list)
50764,Friends of Amani US,Non-governmental Organization,United States of America,High income,1,0,,International NGO,rule,home country is high-income (or not a country in the World Bank list)
11039,FrontlineSMS,Other,Kenya,Lower middle income,1,1,0.0,Other,ReliefWeb type,
51062,Fund for the Global Fund,Non-governmental Organization,United States of America,High income,1,2,0.0,International NGO,rule,home country is high-income (or not a country in the World Bank list)
45079,Fundación ACCIONA Microenergía,Non-governmental Organization,Spain,High income,1,1,0.0,International NGO,rule,home country is high-income (or not a country in the World Bank list)
3630,Fundación ETEA,Other,Spain,High income,1,1,0.0,Other,ReliefWeb type,
16581,Fundación Esperanza,Non-governmental Organization,Ecuador,Upper middle income,1,1,1.0,Locally based NGO,rule,home country is low/middle-income and 100% of located posts are there
34201,Fundación IBO,Non-governmental Organization,Spain,High income,1,1,0.0,International NGO,rule,home country is high-income (or not a country in the World Bank list)
10207,Fundación Imara,Other,Argentina,Upper middle income,1,0,,Other,ReliefWeb type,
3686,Fundación Intercultural Nor Sud,Non-governmental Organization,Bolivia (Plurinational State of),Lower middle income,1,1,0.0,Regional NGO (global South base),rule,home country is low/middle-income but only 0% of located posts are there
8825,Fundación Manos Creadoras,Non-governmental Organization,Colombia,Upper middle income,1,1,1.0,Locally based NGO,rule,home country is low/middle-income and 100% of located posts are there
11366,Fundación Progreso,Other,Bolivia (Plurinational State of),Lower middle income,1,1,1.0,Other,ReliefWeb type,
12583,Fundación Valle Interoceánico,Non-governmental Organization,Ecuador,Upper middle income,1,1,1.0,Locally based NGO,rule,home country is low/middle-income and 100% of located posts are there
50859,Fundacíon Sustalde,Other,Spain,High income,1,1,0.0,Other,ReliefWeb type,
3095,Fundação Evangelização e Culturas,Non-governmental Organization,Portugal,High income,1,1,0.0,International NGO,rule,home country is high-income (or not a country in the World Bank list)
9667,FundsforNGOs,Other,United States of America,High income,1,0,,Other,ReliefWeb type,
35326,Future Warriors Project Inc.,Other,Australia,High income,1,1,0.0,Other,ReliefWeb type,
52168,G Exponencial Consulting Firm,Other,Colombia,Upper middle income,1,0,,Other,ReliefWeb type,
16311,GAIAS Consulting,Other,Spain,High income,1,1,0.0,Other,ReliefWeb type,
10059,GHR Foundation,Non-governmental Organization,United States of America,High income,1,1,1.0,International NGO,rule,home country is high-income (or not a country in the World Bank list)
51329,GINGER INTERNATIONAL,Other,France,High income,1,1,1.0,Other,ReliefWeb type,
14014,GLOBE International,International Organization,United Kingdom of Great Britain and Northern Ireland,High income,1,1,1.0,International Organization,ReliefWeb type,
20511,GLOW Consultants,Non-governmental Organization,Pakistan,Lower middle income,1,1,1.0,Locally based NGO,rule,home country is low/middle-income and 100% of located posts are there
9807,GNH Centre,Other,Bhutan,Lower middle income,1,1,1.0,Other,ReliefWeb type,
49828,GNS Science,Non-governmental Organization,New Zealand,High income,1,1,1.0,International NGO,rule,home country is high-income (or not a country in the World Bank list)
9542,Galilee Foundation,Non-governmental Organization,United Kingdom of Great Britain and Northern Ireland,High income,1,1,1.0,International NGO,rule,home country is high-income (or not a country in the World Bank list)
51772,Gasol Foundation,Non-governmental Organization,Spain; United States of America,High income,1,1,1.0,International NGO,rule,home country is high-income (or not a country in the World Bank list)
16061,Gender and Water Alliance,Other,Netherlands,High income,1,1,0.0,Other,ReliefWeb type,
9851,General Union of Voluntary Societies,Other,Jordan,Upper middle income,1,1,1.0,Other,ReliefWeb type,
9181,Generation Rwanda,Non-governmental Organization,Rwanda,Low income,1,1,0.0,Regional NGO (global South base),rule,home country is low/middle-income but only 0% of located posts are there
31926,Generosity.org,Non-governmental Organization,United States of America,High income,1,1,0.0,International NGO,rule,home country is high-income (or not a country in the World Bank list)
50143,Geneva Cities Hub,Non-governmental Organization,Switzerland,High income,1,1,1.0,International NGO,rule,home country is high-income (or not a country in the World Bank list)
38604,Geneva Disarmament Platform,Non-governmental Organization,Switzerland,High income,1,1,1.0,International NGO,rule,home country is high-income (or not a country in the World Bank list)
51307,Georgetown Global Health Nigeria,Non-governmental Organization,Nigeria,Lower middle income,1,1,1.0,Locally based NGO,rule,home country is low/middle-income and 100% of located posts are there
12401,Georgian Young Lawyers' Association,Academic and Research Institution,Georgia,Upper middle income,1,1,1.0,Academic and Research Institution,ReliefWeb type,
52074,German Emergency Doctors e.V.,Non-governmental Organization,Germany,High income,1,0,,International NGO,rule,home country is high-income (or not a country in the World Bank list)
50520,German Leprosy and Tuberculosis Relief Association India,Non-governmental Organization,India,Lower middle income,1,1,1.0,Locally based NGO,rule,home country is low/middle-income and 100% of located posts are there
49473,Girl Move Academy,Non-governmental Organization,Mozambique,Low income,1,1,1.0,Locally based NGO,rule,home country is low/middle-income and 100% of located posts are there
50326,Girls Gotta Run Foundation,Non-governmental Organization,United States of America,High income,1,1,1.0,International NGO,rule,home country is high-income (or not a country in the World Bank list)
46933,Girls Leading Our World Initiatives,Non-governmental Organization,United States of America,High income,1,1,0.0,International NGO,rule,home country is high-income (or not a country in the World Bank list)
15422,Glasswing,International Organization,El Salvador,Upper middle income,1,2,0.5,International Organization,ReliefWeb type,
8530,Glevum,Other,United States of America,High income,1,1,0.0,Other,ReliefWeb type,
10284,Global Adolescent Project,Non-governmental Organization,Haiti,Lower middle income,1,0,,Regional NGO (global South base),rule,home country is low/middle-income; no posts carry a country
3540,Global Business Coalition,Other,United States of America,High income,1,1,1.0,Other,ReliefWeb type,
4147,Global Campaign for Climate Action,Non-governmental Organization,Canada,High income,1,0,,International NGO,rule,home country is high-income (or not a country in the World Bank list)
45514,Global Civic Sharing,Non-governmental Organization,Republic of Korea,High income,1,1,0.0,International NGO,rule,home country is high-income (or not a country in the World Bank list)
4029,Global Facility for Disaster Reduction and Recovery,International Organization,United States of America,High income,1,0,,International Organization,ReliefWeb type,
25131,Global Forum for Media Development,Media,Belgium,High income,1,1,1.0,Media,ReliefWeb type,
2069,Global Fund for Women,Other,United States of America,High income,1,1,0.0,Other,ReliefWeb type,
50274,Global Fund to End Modern Slavery,Non-governmental Organization,United States of America,High income,1,1,1.0,International NGO,rule,home country is high-income (or not a country in the World Bank list)
1963,Global Health Council,Non-governmental Organization,United States of America,High income,1,1,1.0,International NGO,rule,home country is high-income (or not a country in the World Bank list)
4134,Global Health Technical Assistance Project,Other,United States of America,High income,1,1,0.0,Other,ReliefWeb type,
51956,Global Impact,Non-governmental Organization,United States of America,High income,1,1,0.0,International NGO,rule,home country is high-income (or not a country in the World Bank list)
42184,Global Initiative to End All Corporal Punishment of Children,Non-governmental Organization,United Kingdom of Great Britain and Northern Ireland,High income,1,1,1.0,International NGO,rule,home country is high-income (or not a country in the World Bank list)
51237,Global Integrity,Non-governmental Organization,United States of America,High income,1,1,1.0,International NGO,rule,home country is high-income (or not a country in the World Bank list)
52614,Global Justice Center,Non-governmental Organization,United States of America,High income,1,1,1.0,International NGO,rule,home country is high-income (or not a country in the World Bank list)
50538,Global Legal Action Network,Non-governmental Organization,United Kingdom of Great Britain and Northern Ireland,High income,1,1,0.0,International NGO,rule,home country is high-income (or not a country in the World Bank list)
448,Global Movement for Children,Non-governmental Organization,Spain,High income,1,1,0.0,International NGO,rule,home country is high-income (or not a country in the World Bank list)
22691,Global Network for Rights and Development,Non-governmental Organization,Norway,High income,1,1,0.0,International NGO,rule,home country is high-income (or not a country in the World Bank list)
45329,Global One 2015,Non-governmental Organization,United Kingdom of Great Britain and Northern Ireland,High income,1,1,1.0,International NGO,rule,home country is high-income (or not a country in the World Bank list)
51535,Global Outreach Doctors,Non-governmental Organization,United States of America,High income,1,0,,International NGO,rule,home country is high-income (or not a country in the World Bank list)
11383,Global Projects Implementation Center,Other,Georgia,Upper middle income,1,1,1.0,Other,ReliefWeb type,
23926,Global Shea Alliance,Non-governmental Organization,Ghana,Lower middle income,1,1,0.0,Regional NGO (global South base),rule,home country is low/middle-income but only 0% of located posts are there
50323,Global Shepherds,Non-governmental Organization,Malaysia,Upper middle income,1,1,1.0,Locally based NGO,rule,home country is low/middle-income and 100% of located posts are there
9284,Global Voices,Non-governmental Organization,Netherlands,High income,1,0,,International NGO,rule,home country is high-income (or not a country in the World Bank list)
14343,Global Washington,Non-governmental Organization,United States of America,High income,1,1,1.0,International NGO,rule,home country is high-income (or not a country in the World Bank list)
51130,Good Food Institute Asia Pacific,Non-governmental Organization,Singapore,High income,1,1,1.0,International NGO,rule,home country is high-income (or not a country in the World Bank list)
50983,Good Shepherd Services,Non-governmental Organization,Malaysia,Upper middle income,1,1,1.0,Locally based NGO,rule,home country is low/middle-income and 100% of located posts are there
2333,Governance and Social Development Resource Centre,Academic and Research Institution,United Kingdom of Great Britain and Northern Ireland,High income,1,1,1.0,Academic and Research Institution,ReliefWeb type,
461,Government of Belgium,Government,Belgium,High income,1,1,0.0,Government,ReliefWeb type,
711,Government of Burundi,Government,Burundi,Low income,1,1,1.0,Government,ReliefWeb type,
3892,Government of Cameroon,Government,Cameroon,Lower middle income,1,1,1.0,Government,ReliefWeb type,
481,Government of Ethiopia,Government,Ethiopia,Low income,1,1,0.0,Government,ReliefWeb type,
750,Government of Finland,Government,Finland,High income,1,1,0.0,Government,ReliefWeb type,
388,Government of Georgia,Government,Georgia,Upper middle income,1,1,1.0,Government,ReliefWeb type,
2367,Government of Haiti,Government,Haiti,Lower middle income,1,1,1.0,Government,ReliefWeb type,
393,Government of Indonesia,Government,Indonesia,Upper middle income,1,1,1.0,Government,ReliefWeb type,
2591,Government of Malawi,Government,Malawi,Low income,1,1,1.0,Government,ReliefWeb type,
746,Government of Norway,Government,Norway,High income,1,1,0.0,Government,ReliefWeb type,
279,Government of Pakistan,Government,Pakistan,Lower middle income,1,1,1.0,Government,ReliefWeb type,
838,Government of the Netherlands,Government,Netherlands,High income,1,1,0.0,Government,ReliefWeb type,
3317,Government of the Republic of South Sudan,Government,South Sudan,Low income,1,1,1.0,Government,ReliefWeb type,
39009,Grapesyard Organization,Non-governmental Organization,Kenya,Lower middle income,1,1,1.0,Locally based NGO,rule,home country is low/middle-income and 100% of located posts are there
8968,Grassroots Institute,Other,Canada,High income,1,1,0.0,Other,ReliefWeb type,
3752,Grontmij BGS,Other,Germany,High income,1,1,0.0,Other,ReliefWeb type,
48978,H2H network,International Organization,Switzerland,High income,1,0,,International Organization,ReliefWeb type,
3620,HLSP,Other,United Kingdom of Great Britain and Northern Ireland,High income,1,1,0.0,Other,ReliefWeb type,
7621,HTSPE,Other,United Kingdom of Great Britain and Northern Ireland,High income,1,1,0.0,Other,ReliefWeb type,
2996,HaMoked,Non-governmental Organization,Israel,High income,1,1,1.0,International NGO,rule,home country is high-income (or not a country in the World Bank list)
11013,Hague Conference on Private International Law,International Organization,Netherlands,High income,1,1,0.0,International Organization,ReliefWeb type,
44974,Haiti Outreach,Non-governmental Organization,United States of America,High income,1,1,0.0,International NGO,rule,home country is high-income (or not a country in the World Bank list)
13038,Haiti Partners,Non-governmental Organization,United States of America,High income,1,2,0.5,International NGO,rule,home country is high-income (or not a country in the World Bank list)
9654,Haitian Institute for Integral Development,Non-governmental Organization,Haiti,Lower middle income,1,1,1.0,Locally based NGO,rule,home country is low/middle-income and 100% of located posts are there
28896,Hamlin Fistula Ethiopia,Non-governmental Organization,Ethiopia,Low income,1,1,1.0,Locally based NGO,rule,home country is low/middle-income and 100% of located posts are there
51263,Hand in Hand Switzerland,Non-governmental Organization,Switzerland,High income,1,1,1.0,International NGO,rule,home country is high-income (or not a country in the World Bank list)
50992,Hands Around The World Jersey,Non-governmental Organization,,,1,1,0.0,NGO (home country unknown),rule,ReliefWeb lists no home country
51262,HandsOn New Orleans,Non-governmental Organization,United States of America,High income,1,1,1.0,International NGO,rule,home country is high-income (or not a country in the World Bank list)
8784,Harakat,Other,Afghanistan,Low income,1,1,1.0,Other,ReliefWeb type,
15173,Harmoneat,Non-governmental Organization,Myanmar,Lower middle income,1,1,1.0,Locally based NGO,rule,home country is low/middle-income and 100% of located posts are there
4013,Hashoo Foundation,Non-governmental Organization,Pakistan,Lower middle income,1,1,0.0,Regional NGO (global South base),rule,home country is low/middle-income but only 0% of located posts are there
25461,Hayaan Institute for Research and Policy Studies,Academic and Research Institution,Somalia,Low income,1,1,1.0,Academic and Research Institution,ReliefWeb type,
13963,Hayya Bina,Other,Lebanon,Lower middle income,1,1,1.0,Other,ReliefWeb type,
51046,Healing Art Missions,Non-governmental Organization,Haiti; United States of America,High income; Lower middle income,1,0,,International NGO,rule,home country is high-income (or not a country in the World Bank list)
45854,Health Frontiers,Other,United States of America,High income,1,1,0.0,Other,ReliefWeb type,
44399,Health Improvement Project Zanzibar,Non-governmental Organization,United Kingdom of Great Britain and Northern Ireland,High income,1,1,0.0,International NGO,rule,home country is high-income (or not a country in the World Bank list)
47903,Health In Harmony,Non-governmental Organization,United States of America,High income,1,1,1.0,International NGO,rule,home country is high-income (or not a country in the World Bank list)
52345,Health Partners Group,Other,Mozambique,Low income,1,1,1.0,Other,ReliefWeb type,
51979,Health Professionals Network for Tigray,Non-governmental Organization,United States of America,High income,1,0,,International NGO,rule,home country is high-income (or not a country in the World Bank list)
10458,Health Protection Agency,Other,United Kingdom of Great Britain and Northern Ireland,High income,1,1,1.0,Other,ReliefWeb type,
11086,Health Squared,Other,United Kingdom of Great Britain and Northern Ireland,High income,1,1,0.0,Other,ReliefWeb type,
48858,HealthServe,Non-governmental Organization,Singapore,High income,1,1,1.0,International NGO,rule,home country is high-income (or not a country in the World Bank list)
12962,Healthy Entrepreneurs,Non-governmental Organization,Netherlands,High income,1,1,1.0,International NGO,rule,home country is high-income (or not a country in the World Bank list)
4261,Help Lesotho,Non-governmental Organization,Canada,High income,1,1,0.0,International NGO,rule,home country is high-income (or not a country in the World Bank list)
3228,Help to Educate,Other,United Kingdom of Great Britain and Northern Ireland,High income,1,1,0.0,Other,ReliefWeb type,
39269,HelpMeSee,Non-governmental Organization,United States of America,High income,1,1,1.0,International NGO,rule,home country is high-income (or not a country in the World Bank list)
15023,Helping Children Worldwide,Non-governmental Organization,United States of America,High income,1,1,0.0,International NGO,rule,home country is high-income (or not a country in the World Bank list)
14507,Heritage Institute,Academic and Research Institution,Somalia,Low income,1,1,1.0,Academic and Research Institution,ReliefWeb type,
52671,Homenet International,Non-governmental Organization,World,Not classified,1,0,,International NGO,rule,home country is high-income (or not a country in the World Bank list)
39424,Hope Health Action,Non-governmental Organization,United Kingdom of Great Britain and Northern Ireland,High income,1,1,0.0,International NGO,rule,home country is high-income (or not a country in the World Bank list)
8827,Hope for Children (HOPE),Non-governmental Organization,United Kingdom of Great Britain and Northern Ireland,High income,1,1,1.0,International NGO,rule,home country is high-income (or not a country in the World Bank list)
13106,Hospices of Hope,Non-governmental Organization,United Kingdom of Great Britain and Northern Ireland,High income,1,1,0.0,International NGO,rule,home country is high-income (or not a country in the World Bank list)
27336,Hospital and Rehabilitation Centre for Disabled Children,Non-governmental Organization,Nepal,Lower middle income,1,1,1.0,Locally based NGO,rule,home country is low/middle-income and 100% of located posts are there
43474,Hostage International,Other,United Kingdom of Great Britain and Northern Ireland,High income,1,1,1.0,Other,ReliefWeb type,
13774,Hot Sun Foundation,Non-governmental Organization,Kenya,Lower middle income,1,1,1.0,Locally based NGO,rule,home country is low/middle-income and 100% of located posts are there
4386,HoverAid,Non-governmental Organization,Netherlands,High income,1,1,0.0,International NGO,rule,home country is high-income (or not a country in the World Bank list)
51915,Human Practice Foundation,Non-governmental Organization,Denmark,High income,1,1,0.0,International NGO,rule,home country is high-income (or not a country in the World Bank list)
4526,Human Rights Foundation of Monland,Non-governmental Organization,Thailand,Upper middle income,1,1,1.0,Locally based NGO,rule,home country is low/middle-income and 100% of located posts are there
12846,Human Rights Law Network,Non-governmental Organization,India,Lower middle income,1,1,1.0,Locally based NGO,rule,home country is low/middle-income and 100% of located posts are there
51750,HumanRights360,Non-governmental Organization,Greece,High income,1,1,1.0,International NGO,rule,home country is high-income (or not a country in the World Bank list)
971,Humana People to People,Non-governmental Organization,Zimbabwe,Lower middle income,1,1,0.0,Regional NGO (global South base),rule,home country is low/middle-income but only 0% of located posts are there
31381,Humanist Risk Management Consultants,Non-governmental Organization,Kenya,Lower middle income,1,1,1.0,Locally based NGO,rule,home country is low/middle-income and 100% of located posts are there
4052,Humber College,Academic and Research Institution,Canada,High income,1,1,1.0,Academic and Research Institution,ReliefWeb type,
31656,Humboldt State University,Academic and Research Institution,United States of America,High income,1,1,1.0,Academic and Research Institution,ReliefWeb type,
43619,Hummingbird Foundation,Other,United Kingdom of Great Britain and Northern Ireland,High income,1,1,0.0,Other,ReliefWeb type,
50454,Hungarian Interchurch Aid,Non-governmental Organization,Hungary,High income,1,1,0.0,International NGO,rule,home country is high-income (or not a country in the World Bank list)
2649,Hunt Alternatives Fund,Other,United States of America,High income,1,0,,Other,ReliefWeb type,
47968,I Live Again Uganda,Non-governmental Organization,Uganda,Low income,1,1,1.0,Locally based NGO,rule,home country is low/middle-income and 100% of located posts are there
50359,IBON International,Non-governmental Organization,Philippines,Upper middle income,1,1,0.0,Regional NGO (global South base),rule,home country is low/middle-income but only 0% of located posts are there
52170,"ICLEI – Local Governments for Sustainability, South Asia",Government,India,Lower middle income,1,1,0.0,Government,ReliefWeb type,
10169,IDEAL Public Health and Development Consultancy,Non-governmental Organization,Kenya,Lower middle income,1,1,1.0,Locally based NGO,rule,home country is low/middle-income and 100% of located posts are there
48759,IF International Foundation,Non-governmental Organization,Switzerland,High income,1,1,1.0,International NGO,rule,home country is high-income (or not a country in the World Bank list)
51218,IGAD Climate Prediction and Applications Centre,International Organization,Kenya,Lower middle income,1,1,1.0,International Organization,ReliefWeb type,
2973,INERELA,Other,South Africa,Upper middle income,1,1,1.0,Other,ReliefWeb type,
16236,INFORM Index for Risk Management,International Organization,Belgium,High income,1,0,,International Organization,ReliefWeb type,
3743,INGO Network,Non-governmental Organization,Lao People's Democratic Republic (the),Lower middle income,1,1,1.0,Locally based NGO,rule,home country is low/middle-income and 100% of located posts are there
14633,IRDS,Non-governmental Organization,Pakistan,Lower middle income,1,1,1.0,Locally based NGO,rule,home country is low/middle-income and 100% of located posts are there
8862,ISEAL Alliance,Other,United Kingdom of Great Britain and Northern Ireland,High income,1,1,1.0,Other,ReliefWeb type,
50615,IT4LIFE,Other,France; Senegal,High income; Lower middle income,1,1,1.0,Other,ReliefWeb type,
3588,Ideaborn,Non-governmental Organization,Colombia,Upper middle income,1,1,0.0,Regional NGO (global South base),rule,home country is low/middle-income but only 0% of located posts are there
51882,Ideal Health Organization,Non-governmental Organization,Kenya,Lower middle income,1,1,1.0,Locally based NGO,rule,home country is low/middle-income and 100% of located posts are there
37441,IkamvaYouth,Non-governmental Organization,South Africa,Upper middle income,1,1,1.0,Locally based NGO,rule,home country is low/middle-income and 100% of located posts are there
51297,Il Sole Onlus,Non-governmental Organization,Italy,High income,1,1,0.0,International NGO,rule,home country is high-income (or not a country in the World Bank list)
12840,InFrontier,Other,United Kingdom of Great Britain and Northern Ireland,High income,1,1,0.0,Other,ReliefWeb type,
47158,Independent Diplomat,Non-governmental Organization,United Kingdom of Great Britain and Northern Ireland,High income,1,1,0.0,International NGO,rule,home country is high-income (or not a country in the World Bank list)
10002,Independent Media Centre Kurdistan,Other,Iraq,Upper middle income,1,1,1.0,Other,ReliefWeb type,
7615,Indiana University-Purdue University Indianapolis,Academic and Research Institution,United States of America,High income,1,1,0.0,Academic and Research Institution,ReliefWeb type,
10953,Indigenous Community Volunteers (ICV),Non-governmental Organization,Australia,High income,1,1,1.0,International NGO,rule,home country is high-income (or not a country in the World Bank list)
12879,Indonesian International Education Foundation,Non-governmental Organization,Indonesia,Upper middle income,1,1,1.0,Locally based NGO,rule,home country is low/middle-income and 100% of located posts are there
34916,Info Birmanie,Other,France,High income,1,1,1.0,Other,ReliefWeb type,
292,Initiative for Social Action and Renewal in Eurasia,Non-governmental Organization,Russian Federation,High income,1,1,0.0,International NGO,rule,home country is high-income (or not a country in the World Bank list)
41174,Initiatives Inc. (dup),Non-governmental Organization,United States of America,High income,1,1,0.0,International NGO,rule,home country is high-income (or not a country in the World Bank list)
3628,Initiatives of Change - The Caux Scholars Program,Non-governmental Organization,Switzerland,High income,1,1,1.0,International NGO,rule,home country is high-income (or not a country in the World Bank list)
13508,Innovations in Civic Participation,Non-governmental Organization,United States of America,High income,1,1,1.0,International NGO,rule,home country is high-income (or not a country in the World Bank list)
50631,Innovative Solutions for Stability and Development,Other,Türkiye,Upper middle income,1,0,,Other,ReliefWeb type,
11604,Inquiron,Other,United Arab Emirates,High income,1,1,0.0,Other,ReliefWeb type,
45544,InsightShare,Non-governmental Organization,United Kingdom of Great Britain and Northern Ireland,High income,1,0,,International NGO,rule,home country is high-income (or not a country in the World Bank list)
50884,Institut de Recherche pour le Développement,Academic and Research Institution,France,High income,1,4,0.25,Academic and Research Institution,ReliefWeb type,
43234,Institute for Climate and Sustainable Cities,Non-governmental Organization,Philippines,Upper middle income,1,1,1.0,Locally based NGO,rule,home country is low/middle-income and 100% of located posts are there
34061,Institute for Culture and Ecology,Other,Kenya,Lower middle income,1,1,1.0,Other,ReliefWeb type,
9718,Institute for Health Measurement,Other,South Africa,Upper middle income,1,1,1.0,Other,ReliefWeb type,
3614,Institute for Historical Justice and Reconciliation,Other,Netherlands,High income,1,1,1.0,Other,ReliefWeb type,
10120,Institute for Human Rights and Business,Academic and Research Institution,United States of America,High income,1,0,,Academic and Research Institution,ReliefWeb type,
45779,Institute for Multi-Stakeholder Initiative Integrity,Non-governmental Organization,United States of America,High income,1,1,1.0,International NGO,rule,home country is high-income (or not a country in the World Bank list)
10345,Institute of IT and Enterprise Excellence,Other,Somalia,Low income,1,1,1.0,Other,ReliefWeb type,
43719,"Institute of Regional and International Studies (IRIS) at the American University of Iraq, Sulaimani (AUIS)",Academic and Research Institution,Iraq,Upper middle income,1,1,1.0,Academic and Research Institution,ReliefWeb type,
44539,Institute on Statelessness and Inclusion,Non-governmental Organization,Netherlands,High income,1,2,0.5,International NGO,rule,home country is high-income (or not a country in the World Bank list)
1811,Instituto Interamericano de Derechos Humanos,Academic and Research Institution,Costa Rica,High income,1,3,0.333,Academic and Research Institution,ReliefWeb type,
2934,Instituto de Higiene e Medicina Tropical,Academic and Research Institution,Portugal,High income,1,1,1.0,Academic and Research Institution,ReliefWeb type,
12187,Integrated Response Team,Other,Canada,High income,1,0,,Other,ReliefWeb type,
51232,Intelehealth,Non-governmental Organization,United States of America,High income,1,1,0.0,International NGO,rule,home country is high-income (or not a country in the World Bank list)
3740,Inter-Agency Working Group East and Central Africa,International Organization,Kenya,Lower middle income,1,0,,International Organization,ReliefWeb type,
1285,InterWorks,Other,United States of America,High income,1,1,1.0,Other,ReliefWeb type,
31436,Interagency Coalition on AIDS and Development,Other,Canada,High income,1,1,1.0,Other,ReliefWeb type,
799,Interagency Panel on Juvenile Justice,Non-governmental Organization,Switzerland,High income,1,1,1.0,International NGO,rule,home country is high-income (or not a country in the World Bank list)
38539,Intermedia Survey Institute,Other,Kenya,Lower middle income,1,1,1.0,Other,ReliefWeb type,
14652,International Accountability Project,Non-governmental Organization,United States of America,High income,1,1,1.0,International NGO,rule,home country is high-income (or not a country in the World Bank list)
1514,International Action Network on Small Arms,Non-governmental Organization,United Kingdom of Great Britain and Northern Ireland,High income,1,0,,International NGO,rule,home country is high-income (or not a country in the World Bank list)
11984,International Agency for Source Country Information,Non-governmental Organization,Austria,High income,1,1,0.0,International NGO,rule,home country is high-income (or not a country in the World Bank list)
44204,International Anti-Corruption Academy,Academic and Research Institution,Austria,High income,1,1,1.0,Academic and Research Institution,ReliefWeb type,
14005,International Association for Human Values,Non-governmental Organization,United Kingdom of Great Britain and Northern Ireland,High income,1,0,,International NGO,rule,home country is high-income (or not a country in the World Bank list)
10101,International Association for Religious Freedom,Non-governmental Organization,Japan,High income,1,1,0.0,International NGO,rule,home country is high-income (or not a country in the World Bank list)
1002,International Atomic Energy Agency,International Organization,Austria,High income,1,1,1.0,International Organization,ReliefWeb type,
47853,International Blue Cross,Non-governmental Organization,Switzerland,High income,1,1,1.0,International NGO,rule,home country is high-income (or not a country in the World Bank list)
11642,International Campaign for Tibet,Non-governmental Organization,United States of America,High income,1,1,0.0,International NGO,rule,home country is high-income (or not a country in the World Bank list)
346,International Catholic Child Bureau,Non-governmental Organization,France,High income,1,1,0.0,International NGO,rule,home country is high-income (or not a country in the World Bank list)
14404,International Center for Advanced Research and Training,Other,Democratic Republic of the Congo,Low income,1,1,1.0,Other,ReliefWeb type,
20851,International Center for Disaster Recovery,Non-governmental Organization,United States of America,High income,1,1,1.0,International NGO,rule,home country is high-income (or not a country in the World Bank list)
2771,International Center for Journalists,Media,United States of America,High income,1,1,0.0,Media,ReliefWeb type,
14812,International Centre for Theoretical Physics,Academic and Research Institution,Italy,High income,1,1,1.0,Academic and Research Institution,ReliefWeb type,
52611,International Communities Organisation,Other,United Kingdom of Great Britain and Northern Ireland,High income,1,0,,Other,ReliefWeb type,
12839,International Council for Security and Development,Non-governmental Organization,United States of America,High income,1,1,0.0,International NGO,rule,home country is high-income (or not a country in the World Bank list)
1062,International Court of Justice,International Organization,Netherlands,High income,1,1,1.0,International Organization,ReliefWeb type,
13570,International Dalit Solidarity Network,Non-governmental Organization,Denmark,High income,1,1,0.0,International NGO,rule,home country is high-income (or not a country in the World Bank list)
12212,International Development Consultants Ltd,Other,United Kingdom of Great Britain and Northern Ireland,High income,1,1,0.0,Other,ReliefWeb type,
9721,International Development Solutions,Other,United States of America,High income,1,1,0.0,Other,ReliefWeb type,
2393,International Development Support Services,Other,Australia,High income,1,1,0.0,Other,ReliefWeb type,
41924,International Health Partners,Non-governmental Organization,United Kingdom of Great Britain and Northern Ireland,High income,1,1,1.0,International NGO,rule,home country is high-income (or not a country in the World Bank list)
1576,International Human Rights Law Institute,Academic and Research Institution,United States of America,High income,1,1,0.0,Academic and Research Institution,ReliefWeb type,
2177,International Human Rights Network,Non-governmental Organization,Ireland,High income,1,1,0.0,International NGO,rule,home country is high-income (or not a country in the World Bank list)
17456,International Institute of Connecticut,Non-governmental Organization,United States of America,High income,1,1,1.0,International NGO,rule,home country is high-income (or not a country in the World Bank list)
36821,International Institute of Higher studies in Criminal Sciences,Non-governmental Organization,Italy,High income,1,1,1.0,International NGO,rule,home country is high-income (or not a country in the World Bank list)
44134,International Integrated Reporting Council,Non-governmental Organization,United Kingdom of Great Britain and Northern Ireland,High income,1,1,1.0,International NGO,rule,home country is high-income (or not a country in the World Bank list)
19221,International Law Institute - African Centre for Legal Excellence,Non-governmental Organization,Uganda,Low income,1,1,1.0,Locally based NGO,rule,home country is low/middle-income and 100% of located posts are there
50619,International Lawyers Project,Non-governmental Organization,United Kingdom of Great Britain and Northern Ireland,High income,1,0,,International NGO,rule,home country is high-income (or not a country in the World Bank list)
3208,International Legal Foundation,Non-governmental Organization,United States of America,High income,1,1,1.0,International NGO,rule,home country is high-income (or not a country in the World Bank list)
3190,International Maritime Organization,International Organization,United Kingdom of Great Britain and Northern Ireland,High income,1,1,0.0,International Organization,ReliefWeb type,
3122,International Medical and Rescue,Other,United Kingdom of Great Britain and Northern Ireland,High income,1,1,0.0,Other,ReliefWeb type,
4460,International Network for Bamboo and Rattan,Non-governmental Organization,China,Upper middle income,1,1,0.0,Regional NGO (global South base),rule,home country is low/middle-income but only 0% of located posts are there
4016,International Network of Street Papers,Non-governmental Organization,United Kingdom of Great Britain and Northern Ireland,High income,1,1,0.0,International NGO,rule,home country is high-income (or not a country in the World Bank list)
1941,International Network on Small Hydropower,Non-governmental Organization,China,Upper middle income,1,1,0.0,Regional NGO (global South base),rule,home country is low/middle-income but only 0% of located posts are there
15134,International News Safety Institute,International Organization,United Kingdom of Great Britain and Northern Ireland,High income,1,1,1.0,International Organization,ReliefWeb type,
51767,International Organisation of Employers,Other,Switzerland,High income,1,1,1.0,Other,ReliefWeb type,
3342,International Peace Institute,Academic and Research Institution,United States of America,High income,1,1,1.0,Academic and Research Institution,ReliefWeb type,
51405,International Rivers,Non-governmental Organization,United States of America,High income,1,0,,International NGO,rule,home country is high-income (or not a country in the World Bank list)
49939,International Table Tennis Federation Foundation,Non-governmental Organization,Germany,High income,1,1,1.0,International NGO,rule,home country is high-income (or not a country in the World Bank list)
50829,International Volunteer Center of Yamagata,Non-governmental Organization,Japan,High income,1,1,0.0,International NGO,rule,home country is high-income (or not a country in the World Bank list)
13457,International Women's Health Coalition,Non-governmental Organization,United States of America,High income,1,1,1.0,International NGO,rule,home country is high-income (or not a country in the World Bank list)
11938,Internet Governance Forum,International Organization,Switzerland,High income,1,1,1.0,International Organization,ReliefWeb type,
52081,Interplast Australia & New Zealand,Non-governmental Organization,Australia,High income,1,2,0.5,International NGO,rule,home country is high-income (or not a country in the World Bank list)
10119,Inveneo,Non-governmental Organization,United States of America,High income,1,1,1.0,International NGO,rule,home country is high-income (or not a country in the World Bank list)
45369,Iraqi Salvation Humanitarian Organization,Non-governmental Organization,Iraq,Upper middle income,1,1,1.0,Locally based NGO,rule,home country is low/middle-income and 100% of located posts are there
45359,Irish League of Credit Unions International Development Foundation,Other,Ireland,High income,1,1,1.0,Other,ReliefWeb type,
34136,Irish Refugee Council,Other,Ireland,High income,1,1,1.0,Other,ReliefWeb type,
4583,Italian-Egyptian Debt for Development Swap Program,Government,Egypt,Lower middle income,1,1,1.0,Government,ReliefWeb type,
14684,J.F. Kapnek Trust,Non-governmental Organization,Zimbabwe,Lower middle income,1,1,1.0,Locally based NGO,rule,home country is low/middle-income and 100% of located posts are there
50760,Jacaranda Health,Non-governmental Organization,Kenya,Lower middle income,1,1,1.0,Locally based NGO,rule,home country is low/middle-income and 100% of located posts are there
9767,Jembi Health Systems,Non-governmental Organization,South Africa,Upper middle income,1,1,0.0,Regional NGO (global South base),rule,home country is low/middle-income but only 0% of located posts are there
34091,Jersey Overseas Aid Commission,Other,United Kingdom of Great Britain and Northern Ireland,High income,1,1,1.0,Other,ReliefWeb type,
48559,Jesuit Hakimani Centre,Non-governmental Organization,Kenya,Lower middle income,1,1,1.0,Locally based NGO,rule,home country is low/middle-income and 100% of located posts are there
49883,Jesuits Eastern Africa Province,Non-governmental Organization,Kenya,Lower middle income,1,1,0.0,Regional NGO (global South base),rule,home country is low/middle-income but only 0% of located posts are there
49944,Joint Development Associates International,Non-governmental Organization,United States of America,High income,1,1,0.0,International NGO,rule,home country is high-income (or not a country in the World Bank list)
14780,Journeyman International,Non-governmental Organization,United States of America,High income,1,1,1.0,International NGO,rule,home country is high-income (or not a country in the World Bank list)
25791,Jubaland Development Organization,Non-governmental Organization,Somalia,Low income,1,1,1.0,Locally based NGO,rule,home country is low/middle-income and 100% of located posts are there
1597,Judicial System Monitoring Programme,Non-governmental Organization,Timor-Leste,Lower middle income,1,1,1.0,Locally based NGO,rule,home country is low/middle-income and 100% of located posts are there
51909,Jummar Media,Media,Iraq,Upper middle income,1,0,,Media,ReliefWeb type,
9687,Just Like My Child Foundation,Non-governmental Organization,United States of America,High income,1,1,1.0,International NGO,rule,home country is high-income (or not a country in the World Bank list)
33336,Just Rights,Other,Belgium,High income,1,2,0.0,Other,ReliefWeb type,
42939,JustHope,Non-governmental Organization,United States of America,High income,1,1,0.0,International NGO,rule,home country is high-income (or not a country in the World Bank list)
52153,Justice Center for Legal Aid,Non-governmental Organization,Jordan,Upper middle income,1,1,1.0,Locally based NGO,rule,home country is low/middle-income and 100% of located posts are there
15241,Justice Studio,Non-governmental Organization,United Kingdom of Great Britain and Northern Ireland,High income,1,1,1.0,International NGO,rule,home country is high-income (or not a country in the World Bank list)
50529,Justice Without Borders,Non-governmental Organization,China - Hong Kong (Special Administrative Region); Indonesia; Singapore; United States of America,High income; Upper middle income,1,1,0.0,International NGO,rule,home country is high-income (or not a country in the World Bank list)
45464,Justice for All Organization,Non-governmental Organization,Afghanistan,Low income,1,1,1.0,Locally based NGO,rule,home country is low/middle-income and 100% of located posts are there
51923,Juzoor for Health & Social Development,Non-governmental Organization,occupied Palestinian territory,Lower middle income,1,1,1.0,Locally based NGO,rule,home country is low/middle-income and 100% of located posts are there
28211,KGSA Foundation,Non-governmental Organization,United States of America,High income,1,0,,International NGO,rule,home country is high-income (or not a country in the World Bank list)
35666,KOC Bridges to Peace,Other,Côte d'Ivoire,Lower middle income,1,1,1.0,Other,ReliefWeb type,
29351,Karuna Mission Social Solidarity - Caritas Myanmar,Non-governmental Organization,Myanmar,Lower middle income,1,1,1.0,Locally based NGO,rule,home country is low/middle-income and 100% of located posts are there
47813,Katiba Institute,Non-governmental Organization,Kenya,Lower middle income,1,1,1.0,Locally based NGO,rule,home country is low/middle-income and 100% of located posts are there
8595,Kenmare Moma Development Association,Other,Mozambique,Low income,1,1,1.0,Other,ReliefWeb type,
50298,Kenya Community Development Foundation,Non-governmental Organization,Kenya,Lower middle income,1,1,1.0,Locally based NGO,rule,home country is low/middle-income and 100% of located posts are there
48324,Kenya Paediatric Association,Non-governmental Organization,Kenya,Lower middle income,1,1,1.0,Locally based NGO,rule,home country is low/middle-income and 100% of located posts are there
10387,Khalifa University,Academic and Research Institution,United Arab Emirates,High income,1,1,1.0,Academic and Research Institution,ReliefWeb type,
13382,Kidasha,Non-governmental Organization,United Kingdom of Great Britain and Northern Ireland,High income,1,1,1.0,International NGO,rule,home country is high-income (or not a country in the World Bank list)
51775,Kijana Kwanza (Young People First),Non-governmental Organization,United Kingdom of Great Britain and Northern Ireland; United Republic of Tanzania,High income; Lower middle income,1,0,,International NGO,rule,home country is high-income (or not a country in the World Bank list)
29656,Kilimanjaro Women Information Exchange and Consultancy Organization,Non-governmental Organization,United Republic of Tanzania,Lower middle income,1,1,1.0,Locally based NGO,rule,home country is low/middle-income and 100% of located posts are there
50632,Kinderfonds MAMAS,Non-governmental Organization,Netherlands,High income,1,1,0.0,International NGO,rule,home country is high-income (or not a country in the World Bank list)
9652,Kinésithérapeutes du Monde,Non-governmental Organization,France,High income,1,1,1.0,International NGO,rule,home country is high-income (or not a country in the World Bank list)
52314,Knowledge Workshop,Other,Lebanon,Lower middle income,1,0,,Other,ReliefWeb type,
44589,Konbit Sante,Non-governmental Organization,United States of America,High income,1,1,0.0,International NGO,rule,home country is high-income (or not a country in the World Bank list)
10006,Kusamala Institute of Agriculture & Ecology,Non-governmental Organization,Malawi,Low income,1,1,1.0,Locally based NGO,rule,home country is low/middle-income and 100% of located posts are there
10812,Kusuma Foundation,Non-governmental Organization,India,Lower middle income,1,1,1.0,Locally based NGO,rule,home country is low/middle-income and 100% of located posts are there
45454,Kwah Dao,Non-governmental Organization,Thailand,Upper middle income,1,1,1.0,Locally based NGO,rule,home country is low/middle-income and 100% of located posts are there
14225,Kybele,Non-governmental Organization,United States of America,High income,1,1,0.0,International NGO,rule,home country is high-income (or not a country in the World Bank list)
2451,LCMS World Relief & Human Care,Non-governmental Organization,United States of America,High income,1,1,0.0,International NGO,rule,home country is high-income (or not a country in the World Bank list)
23661,LEPRA Society,Non-governmental Organization,India,Lower middle income,1,1,1.0,Locally based NGO,rule,home country is low/middle-income and 100% of located posts are there
13491,La Cimade,Non-governmental Organization,France,High income,1,1,1.0,International NGO,rule,home country is high-income (or not a country in the World Bank list)
12613,Lacor Hospital,Other,Uganda,Low income,1,1,1.0,Other,ReliefWeb type,
14460,Laici Terzo Mondo,Non-governmental Organization,Italy,High income,1,1,0.0,International NGO,rule,home country is high-income (or not a country in the World Bank list)
45689,Land Core Group,Non-governmental Organization,Myanmar,Lower middle income,1,1,1.0,Locally based NGO,rule,home country is low/middle-income and 100% of located posts are there
45149,Lanka Social Ventures,Non-governmental Organization,Sri Lanka,Upper middle income,1,1,1.0,Locally based NGO,rule,home country is low/middle-income and 100% of located posts are there
34161,Lasting Action For Inclusion in Burkina Faso,Non-governmental Organization,United Kingdom of Great Britain and Northern Ireland,High income,1,1,1.0,International NGO,rule,home country is high-income (or not a country in the World Bank list)
52212,Lawyers Without Borders,Non-governmental Organization,United States of America,High income,1,0,,International NGO,rule,home country is high-income (or not a country in the World Bank list)
41759,LeadHR Solutions,Other,Kenya,Lower middle income,1,1,1.0,Other,ReliefWeb type,
15011,Leaders Quest,Non-governmental Organization,United Kingdom of Great Britain and Northern Ireland,High income,1,1,1.0,International NGO,rule,home country is high-income (or not a country in the World Bank list)
47808,Leadership Associates,Non-governmental Organization,Czechia,High income,1,0,,International NGO,rule,home country is high-income (or not a country in the World Bank list)
11842,Leadership for Humanitarians,Non-governmental Organization,Eswatini,Lower middle income,1,1,0.0,Regional NGO (global South base),rule,home country is low/middle-income but only 0% of located posts are there
52256,Learning Community for Change,Other,United Kingdom of Great Britain and Northern Ireland,High income,1,0,,Other,ReliefWeb type,
22256,Lebanese Medical Association for Sexual Health,Non-governmental Organization,Lebanon,Lower middle income,1,1,1.0,Locally based NGO,rule,home country is low/middle-income and 100% of located posts are there
4120,Legal Aid,Other,Jordan,Upper middle income,1,1,0.0,Other,ReliefWeb type,
9092,Legal Response Initiative,Other,United Kingdom of Great Britain and Northern Ireland,High income,1,1,1.0,Other,ReliefWeb type,
51891,Let's Build My School,Non-governmental Organization,United Kingdom of Great Britain and Northern Ireland,High income,1,0,,International NGO,rule,home country is high-income (or not a country in the World Bank list)
4418,Liberia Agency for Community Empowerment,Non-governmental Organization,Liberia,Low income,1,1,1.0,Locally based NGO,rule,home country is low/middle-income and 100% of located posts are there
25871,Library For All,Non-governmental Organization,United States of America,High income,1,1,0.0,International NGO,rule,home country is high-income (or not a country in the World Bank list)
3990,Lien Aid,Non-governmental Organization,Singapore,High income,1,1,1.0,International NGO,rule,home country is high-income (or not a country in the World Bank list)
14379,LinksMedia,Non-governmental Organization,United States of America,High income,1,1,1.0,International NGO,rule,home country is high-income (or not a country in the World Bank list)
12668,Little Light Uganda,Non-governmental Organization,Uganda,Low income,1,1,1.0,Locally based NGO,rule,home country is low/middle-income and 100% of located posts are there
41979,Livelihoods Venture,Non-governmental Organization,France,High income,1,1,1.0,International NGO,rule,home country is high-income (or not a country in the World Bank list)
2078,Liverpool Associates in Tropical Health,Other,United Kingdom of Great Britain and Northern Ireland,High income,1,1,0.0,Other,ReliefWeb type,
52583,Living Water Service Centre – Kenya,Non-governmental Organization,Kenya,Lower middle income,1,0,,Regional NGO (global South base),rule,home country is low/middle-income; no posts carry a country
13703,Local First,Other,United Kingdom of Great Britain and Northern Ireland,High income,1,1,1.0,Other,ReliefWeb type,
51527,Localised,International Organization,Lebanon,Lower middle income,1,0,,International Organization,ReliefWeb type,
48218,Lone Buffalo,Non-governmental Organization,Lao People's Democratic Republic (the),Lower middle income,1,1,1.0,Locally based NGO,rule,home country is low/middle-income and 100% of located posts are there
51209,Love Frankie,Other,Thailand,Upper middle income,1,1,0.0,Other,ReliefWeb type,
11494,Ludwig Maximilian University Munich,Academic and Research Institution,Germany,High income,1,1,0.0,Academic and Research Institution,ReliefWeb type,
1624,Lutheran Social Services of the National Capital Area,Non-governmental Organization,United States of America,High income,1,1,1.0,International NGO,rule,home country is high-income (or not a country in the World Bank list)
35501,M4ID,Other,Finland,High income,1,1,0.0,Other,ReliefWeb type,
2146,MADRE,Non-governmental Organization,United States of America,High income,1,1,1.0,International NGO,rule,home country is high-income (or not a country in the World Bank list)
52055,MAX Foundation,Non-governmental Organization,Netherlands,High income,1,1,0.0,International NGO,rule,home country is high-income (or not a country in the World Bank list)
52129,MEDAIR e.V.,Non-governmental Organization,Germany,High income,1,0,,International NGO,rule,home country is high-income (or not a country in the World Bank list)
50601,MSC Foundation,Non-governmental Organization,Switzerland,High income,1,1,1.0,International NGO,rule,home country is high-income (or not a country in the World Bank list)
51747,Madiro,Non-governmental Organization,Canada,High income,1,0,,International NGO,rule,home country is high-income (or not a country in the World Bank list)
45299,Maisha Foundation,Non-governmental Organization,Uganda,Low income,1,0,,Regional NGO (global South base),rule,home country is low/middle-income; no posts carry a country
52232,Maiya School,Non-governmental Organization,Australia,High income,1,1,0.0,International NGO,rule,home country is high-income (or not a country in the World Bank list)
46164,Majik Water,Non-governmental Organization,Kenya,Lower middle income,1,1,1.0,Locally based NGO,rule,home country is low/middle-income and 100% of located posts are there
23596,Makerere University Joints AIDS Program,Academic and Research Institution,Uganda,Low income,1,1,1.0,Academic and Research Institution,ReliefWeb type,
1610,Management Sciences for Development,Other,United States of America,High income,1,1,0.0,Other,ReliefWeb type,
25596,Mango Tree,Non-governmental Organization,Uganda,Low income,1,1,1.0,Locally based NGO,rule,home country is low/middle-income and 100% of located posts are there
37841,"Manitou, Inc.",Other,United States of America,High income,1,1,1.0,Other,ReliefWeb type,
39059,Marodijeh International University,Academic and Research Institution,Somalia,Low income,1,1,1.0,Academic and Research Institution,ReliefWeb type,
15029,Maternity Foundation,Non-governmental Organization,Denmark,High income,1,1,0.0,International NGO,rule,home country is high-income (or not a country in the World Bank list)
46449,Maternity Worldwide,Non-governmental Organization,United Kingdom of Great Britain and Northern Ireland,High income,1,1,1.0,International NGO,rule,home country is high-income (or not a country in the World Bank list)
40869,Matsh Youth Development,Other,,,1,1,0.0,Other,ReliefWeb type,
35556,Mavuno,Non-governmental Organization,Democratic Republic of the Congo,Low income,1,1,1.0,Locally based NGO,rule,home country is low/middle-income and 100% of located posts are there
50446,Mawazo Institute,Non-governmental Organization,United States of America,High income,1,1,0.0,International NGO,rule,home country is high-income (or not a country in the World Bank list)
1139,Medact,Non-governmental Organization,United Kingdom of Great Britain and Northern Ireland,High income,1,1,1.0,International NGO,rule,home country is high-income (or not a country in the World Bank list)
8548,Melbourne Water,Other,Australia,High income,1,1,0.0,Other,ReliefWeb type,
49018,Meningitis Research Foundation,Non-governmental Organization,United Kingdom of Great Britain and Northern Ireland,High income,1,1,1.0,International NGO,rule,home country is high-income (or not a country in the World Bank list)
8004,Menzies,Academic and Research Institution,Australia,High income,1,0,,Academic and Research Institution,ReliefWeb type,
2149,Mercy Airlift,Non-governmental Organization,United States of America,High income,1,1,0.0,International NGO,rule,home country is high-income (or not a country in the World Bank list)
51256,Mercy Hands Europe,Non-governmental Organization,Switzerland,High income,1,1,1.0,International NGO,rule,home country is high-income (or not a country in the World Bank list)
47858,Methodist Church Nigeria,Other,Nigeria,Lower middle income,1,1,1.0,Other,ReliefWeb type,
13699,Meydan TV,Non-governmental Organization,Azerbaijan,Upper middle income,1,0,,Regional NGO (global South base),rule,home country is low/middle-income; no posts carry a country
3976,Micronutrient Forum,Academic and Research Institution,United States of America,High income,1,0,,Academic and Research Institution,ReliefWeb type,
13725,Migrant Forum in Asia,Non-governmental Organization,Philippines,Upper middle income,1,2,0.5,Regional NGO (global South base),rule,home country is low/middle-income but only 50% of located posts are there
24166,"Migration, Asylum, Refugees Regional Initiative",International Organization,Albania,Upper middle income,1,1,0.0,International Organization,ReliefWeb type,
50557,Mili Institute of Higher Education,Other,Afghanistan,Low income,1,1,1.0,Other,ReliefWeb type,
4192,Mine Action & Training Kosovo,Other,Serbia,Upper middle income,1,1,0.0,Other,ReliefWeb type,
14124,Ministry of Finance Somalia,Government,Somalia,Low income,1,1,1.0,Government,ReliefWeb type,
42964,Miracle Corners of the World,Non-governmental Organization,United States of America,High income,1,1,0.0,International NGO,rule,home country is high-income (or not a country in the World Bank list)
15039,Misean Cara,Non-governmental Organization,Ireland,High income,1,0,,International NGO,rule,home country is high-income (or not a country in the World Bank list)
1189,Mission Aviation Fellowship,Non-governmental Organization,United States of America,High income,1,1,0.0,International NGO,rule,home country is high-income (or not a country in the World Bank list)
23556,Mission Bambini Foundation,Non-governmental Organization,Italy,High income,1,1,0.0,International NGO,rule,home country is high-income (or not a country in the World Bank list)
51583,Mission10forty,Non-governmental Organization,Denmark,High income,1,1,0.0,International NGO,rule,home country is high-income (or not a country in the World Bank list)
50941,Miyamoto Relief,Non-governmental Organization,United States of America,High income,1,1,0.0,International NGO,rule,home country is high-income (or not a country in the World Bank list)
50480,Mophradat,Non-governmental Organization,Belgium,High income,1,1,1.0,International NGO,rule,home country is high-income (or not a country in the World Bank list)
45554,More Than A Drop Tanzania Foundation,Non-governmental Organization,United Republic of Tanzania,Lower middle income,1,1,1.0,Locally based NGO,rule,home country is low/middle-income and 100% of located posts are there
10117,Morgan Borszcz Consulting,Other,United States of America,High income,1,0,,Other,ReliefWeb type,
9845,Moris Rasik,Other,Timor-Leste,Lower middle income,1,1,1.0,Other,ReliefWeb type,
46209,Mossawa Center,Non-governmental Organization,Israel,High income,1,1,1.0,International NGO,rule,home country is high-income (or not a country in the World Bank list)
43524,"Mota-Engil S.G.P.S., S.A.",Other,Portugal,High income,1,1,0.0,Other,ReliefWeb type,
22126,Mozambique Red Cross Society,Red Cross/Red Crescent Movement,Mozambique,Low income,1,1,1.0,Red Cross/Red Crescent Movement,ReliefWeb type,
51694,Mwambao Coastal Community Network,Non-governmental Organization,United Republic of Tanzania,Lower middle income,1,1,1.0,Locally based NGO,rule,home country is low/middle-income and 100% of located posts are there
14024,Mwandi Mission,Non-governmental Organization,Zambia,Lower middle income,1,1,1.0,Locally based NGO,rule,home country is low/middle-income and 100% of located posts are there
24491,Myanmar Youth Development Institute,Non-governmental Organization,Australia,High income,1,1,0.0,International NGO,rule,home country is high-income (or not a country in the World Bank list)
2352,Médicos do Mundo - Portugal,Non-governmental Organization,Portugal,High income,1,1,0.0,International NGO,rule,home country is high-income (or not a country in the World Bank list)
47513,NEEDeed Foundation,Other,Thailand,Upper middle income,1,1,0.0,Other,ReliefWeb type,
31831,NETZ Partnership for Development and Justice,Non-governmental Organization,Bangladesh,Lower middle income,1,1,1.0,Locally based NGO,rule,home country is low/middle-income and 100% of located posts are there
4270,NGO Don Carlo Gnocchi Foundation,Non-governmental Organization,Italy,High income,1,1,0.0,International NGO,rule,home country is high-income (or not a country in the World Bank list)
51171,NGO Federation of Nepal,Non-governmental Organization,Nepal,Lower middle income,1,1,1.0,Locally based NGO,rule,home country is low/middle-income and 100% of located posts are there
3250,NGO Group,Non-governmental Organization,Switzerland,High income,1,1,1.0,International NGO,rule,home country is high-income (or not a country in the World Bank list)
51946,NOVE Caring Humans,Non-governmental Organization,Italy,High income,1,2,0.5,International NGO,rule,home country is high-income (or not a country in the World Bank list)
12377,NUI Maynooth,Academic and Research Institution,Ireland,High income,1,1,1.0,Academic and Research Institution,ReliefWeb type,
15313,NYC Department of Environmental Protection,Government,United States of America,High income,1,1,1.0,Government,ReliefWeb type,
51004,NaTakallam,Other,United States of America,High income,1,0,,Other,ReliefWeb type,
3487,Nai SOMA,Media,Afghanistan,Low income,1,1,0.0,Media,ReliefWeb type,
9870,Nairobi Women’s Hospital,Other,Kenya,Lower middle income,1,1,1.0,Other,ReliefWeb type,
3805,Namibia Red Cross Society,Red Cross/Red Crescent Movement,Namibia,Lower middle income,1,1,1.0,Red Cross/Red Crescent Movement,ReliefWeb type,
51626,National Catholic Health Council,Non-governmental Organization,Liberia,Low income,1,1,1.0,Locally based NGO,rule,home country is low/middle-income and 100% of located posts are there
28941,National Committee for UNRWA in Switzerland,Non-governmental Organization,Switzerland,High income,1,1,1.0,International NGO,rule,home country is high-income (or not a country in the World Bank list)
44824,National Institute of Water and Atmospheric Research,Other,New Zealand,High income,1,1,1.0,Other,ReliefWeb type,
8875,National Social Watch (NSW),Other,India,Lower middle income,1,1,1.0,Other,ReliefWeb type,
21661,National Taxpayers Association,Non-governmental Organization,Kenya,Lower middle income,1,1,1.0,Locally based NGO,rule,home country is low/middle-income and 100% of located posts are there
8826,National Voluntary Organizations Active in Disaster (NVOAD),Non-governmental Organization,United States of America,High income,1,1,1.0,International NGO,rule,home country is high-income (or not a country in the World Bank list)
51301,Navigators (EPTF) Kenya Trust,Non-governmental Organization,Kenya,Lower middle income,1,1,1.0,Locally based NGO,rule,home country is low/middle-income and 100% of located posts are there
16811,NearMedia,Non-governmental Organization,United States of America,High income,1,1,1.0,International NGO,rule,home country is high-income (or not a country in the World Bank list)
47993,Netherlands Organisation for Scientific Research,Academic and Research Institution,Netherlands,High income,1,1,1.0,Academic and Research Institution,ReliefWeb type,
50838,Network for Africa UK,Non-governmental Organization,United Kingdom of Great Britain and Northern Ireland,High income,1,1,0.0,International NGO,rule,home country is high-income (or not a country in the World Bank list)
44859,Network of Asia and Pacific Producers,Non-governmental Organization,Singapore,High income,1,1,0.0,International NGO,rule,home country is high-income (or not a country in the World Bank list)
51054,Neven Subotic Stiftung,Non-governmental Organization,Germany,High income,1,2,0.0,International NGO,rule,home country is high-income (or not a country in the World Bank list)
11052,New Era Educational and Charitable Support Foundation,Non-governmental Organization,Nigeria,Lower middle income,1,1,1.0,Locally based NGO,rule,home country is low/middle-income and 100% of located posts are there
50785,New Life Association,Non-governmental Organization,Türkiye,Upper middle income,1,0,,Locally based NGO,rule,based in Türkiye or Syria: treated as locally based (Syria response)
52134,New Narratives,Non-governmental Organization,United States of America,High income,1,1,0.0,International NGO,rule,home country is high-income (or not a country in the World Bank list)
13431,New Venture Fund,Non-governmental Organization,United States of America,High income,1,1,1.0,International NGO,rule,home country is high-income (or not a country in the World Bank list)
9493,Next Generation Nepal,Non-governmental Organization,United States of America,High income,1,1,0.0,International NGO,rule,home country is high-income (or not a country in the World Bank list)
52167,Nexus ER,Non-governmental Organization,Italy,High income,1,1,0.0,International NGO,rule,home country is high-income (or not a country in the World Bank list)
41394,Nipe Fagio,Non-governmental Organization,United Republic of Tanzania,Lower middle income,1,1,1.0,Locally based NGO,rule,home country is low/middle-income and 100% of located posts are there
23481,No Time For Poverty,Non-governmental Organization,United States of America,High income,1,1,0.0,International NGO,rule,home country is high-income (or not a country in the World Bank list)
14958,Nooleynta Naruurada Mustaqbalka,Non-governmental Organization,Norway,High income,1,1,0.0,International NGO,rule,home country is high-income (or not a country in the World Bank list)
3143,North-South Institute,Academic and Research Institution,Canada,High income,1,1,1.0,Academic and Research Institution,ReliefWeb type,
52031,Norwegian Agency for Exchange Cooperation,Government,Norway,High income,1,1,1.0,Government,ReliefWeb type,
51784,Nous Cims Foundation,Non-governmental Organization,Spain,High income,1,1,0.0,International NGO,rule,home country is high-income (or not a country in the World Bank list)
16176,Novartis,Academic and Research Institution,United States of America,High income,1,1,0.0,Academic and Research Institution,ReliefWeb type,
18871,Ntengwe for Community Development,Non-governmental Organization,Zimbabwe,Lower middle income,1,1,1.0,Locally based NGO,rule,home country is low/middle-income and 100% of located posts are there
51132,NuDay,Non-governmental Organization,Türkiye; United States of America,High income; Upper middle income,1,0,,International NGO,rule,home country is high-income (or not a country in the World Bank list)
44394,Nuestros Pequeños Hermanos,Non-governmental Organization,Mexico,Upper middle income,1,0,,Regional NGO (global South base),rule,home country is low/middle-income; no posts carry a country
20976,Nurturing Minds in Africa,Non-governmental Organization,United States of America,High income,1,1,0.0,International NGO,rule,home country is high-income (or not a country in the World Bank list)
15117,OASIS Sustainable Projects,Other,Timor-Leste,Lower middle income,1,1,1.0,Other,ReliefWeb type,
4358,OPS Group,Non-governmental Organization,United Arab Emirates,High income,1,1,0.0,International NGO,rule,home country is high-income (or not a country in the World Bank list)
30556,Obakki Foundation,Non-governmental Organization,Canada,High income,1,1,0.0,International NGO,rule,home country is high-income (or not a country in the World Bank list)
14922,Observatoire National de la Pauvreté et de l’Exclusion Sociale,Government,Haiti,Lower middle income,1,1,1.0,Government,ReliefWeb type,
11316,Oceans Project Georgia,Non-governmental Organization,Georgia,Upper middle income,1,1,1.0,Locally based NGO,rule,home country is low/middle-income and 100% of located posts are there
10725,On Call Africa,Other,United Kingdom of Great Britain and Northern Ireland,High income,1,1,0.0,Other,ReliefWeb type,
48138,One Equal Heart Foundation,Non-governmental Organization,United States of America,High income,1,1,1.0,International NGO,rule,home country is high-income (or not a country in the World Bank list)
41519,One Percent Club,Non-governmental Organization,Netherlands,High income,1,1,0.0,International NGO,rule,home country is high-income (or not a country in the World Bank list)
47838,One Sky Foundation,Non-governmental Organization,Thailand,Upper middle income,1,0,,Regional NGO (global South base),rule,home country is low/middle-income; no posts carry a country
46284,OneDollarGlasses Association,Non-governmental Organization,Germany,High income,1,1,0.0,International NGO,rule,home country is high-income (or not a country in the World Bank list)
26101,OneWorld,Non-governmental Organization,United Kingdom of Great Britain and Northern Ireland,High income,1,1,0.0,International NGO,rule,home country is high-income (or not a country in the World Bank list)
50874,Open Contracting Partnership,Non-governmental Organization,United States of America,High income,1,0,,International NGO,rule,home country is high-income (or not a country in the World Bank list)
47364,Open Knowledge International,Non-governmental Organization,United Kingdom of Great Britain and Northern Ireland,High income,1,1,0.0,International NGO,rule,home country is high-income (or not a country in the World Bank list)
16291,Open Learning Exchange,Non-governmental Organization,United States of America,High income,1,1,0.0,International NGO,rule,home country is high-income (or not a country in the World Bank list)
44314,Open University,Academic and Research Institution,United Kingdom of Great Britain and Northern Ireland,High income,1,1,1.0,Academic and Research Institution,ReliefWeb type,
51001,OpenMap Development Tanzania,Non-governmental Organization,United Republic of Tanzania,Lower middle income,1,1,0.0,Regional NGO (global South base),rule,home country is low/middle-income but only 0% of located posts are there
13438,Operation ASHA,Non-governmental Organization,India,Lower middle income,1,1,1.0,Locally based NGO,rule,home country is low/middle-income and 100% of located posts are there
2020,Operation Mercy,Non-governmental Organization,Sweden,High income,1,1,0.0,International NGO,rule,home country is high-income (or not a country in the World Bank list)
3377,Operation Smile,Non-governmental Organization,United States of America,High income,1,1,0.0,International NGO,rule,home country is high-income (or not a country in the World Bank list)
52221,Optimum Analysis,Other,Iraq,Upper middle income,1,1,1.0,Other,ReliefWeb type,
18801,"Organisation of African, Caribbean and Pacific States",International Organization,Belgium,High income,1,0,,International Organization,ReliefWeb type,
11330,Organization for Economic and Social Development (OESD),Non-governmental Organization,Afghanistan,Low income,1,1,1.0,Locally based NGO,rule,home country is low/middle-income and 100% of located posts are there
13921,Organization of Fast Relief & Development,Non-governmental Organization,Afghanistan,Low income,1,1,1.0,Locally based NGO,rule,home country is low/middle-income and 100% of located posts are there
11898,Organization of Human Welfare,Non-governmental Organization,Afghanistan,Low income,1,1,1.0,Locally based NGO,rule,home country is low/middle-income and 100% of located posts are there
50989,Orienthelfer e.V.,Non-governmental Organization,Germany,High income,1,1,0.0,International NGO,rule,home country is high-income (or not a country in the World Bank list)
4074,Outreach International,Non-governmental Organization,United States of America,High income,1,1,0.0,International NGO,rule,home country is high-income (or not a country in the World Bank list)
51471,Outright International,Non-governmental Organization,United States of America,High income,1,1,0.0,International NGO,rule,home country is high-income (or not a country in the World Bank list)
52292,Oxfam France,Non-governmental Organization,France,High income,1,1,1.0,International NGO,rule,home country is high-income (or not a country in the World Bank list)
1366,Oxford Brookes University,Academic and Research Institution,United Kingdom of Great Britain and Northern Ireland,High income,1,1,1.0,Academic and Research Institution,ReliefWeb type,
50381,PEN,Non-governmental Organization,South Africa,Upper middle income,1,1,1.0,Locally based NGO,rule,home country is low/middle-income and 100% of located posts are there
48258,PEPY Empowering Youth,Non-governmental Organization,Cambodia,Lower middle income,1,1,1.0,Locally based NGO,rule,home country is low/middle-income and 100% of located posts are there
1669,POWER Intl.,Non-governmental Organization,United States of America,High income,1,1,0.0,International NGO,rule,home country is high-income (or not a country in the World Bank list)
14937,Pakistan Reading Project,Non-governmental Organization,Pakistan,Lower middle income,1,1,1.0,Locally based NGO,rule,home country is low/middle-income and 100% of located posts are there
21076,Palestinian Center for Peace and Democracy,Non-governmental Organization,occupied Palestinian territory,Lower middle income,1,1,1.0,Locally based NGO,rule,home country is low/middle-income and 100% of located posts are there
47569,Palestinian Farmers Union,Non-governmental Organization,occupied Palestinian territory,Lower middle income,1,1,1.0,Locally based NGO,rule,home country is low/middle-income and 100% of located posts are there
2396,Palestinian Monitoring Group,Other,occupied Palestinian territory,Lower middle income,1,1,0.0,Other,ReliefWeb type,
12566,Pan African Institute for Development,Non-governmental Organization,Switzerland,High income,1,1,0.0,International NGO,rule,home country is high-income (or not a country in the World Bank list)
50967,Paper Airplanes,Non-governmental Organization,United States of America,High income,1,0,,International NGO,rule,home country is high-income (or not a country in the World Bank list)
42154,Papyrus SA,Non-governmental Organization,Haiti,Lower middle income,1,1,1.0,Locally based NGO,rule,home country is low/middle-income and 100% of located posts are there
51635,Partners Relief & Development,Non-governmental Organization,United States of America,High income,1,1,0.0,International NGO,rule,home country is high-income (or not a country in the World Bank list)
7611,Partners for Sustainable Development,Non-governmental Organization,occupied Palestinian territory,Lower middle income,1,1,1.0,Locally based NGO,rule,home country is low/middle-income and 100% of located posts are there
10304,Partners in Population and Development,Other,Bangladesh,Lower middle income,1,1,0.0,Other,ReliefWeb type,
50462,Partnership for Pastoralist Development Association,Non-governmental Organization,Ethiopia,Low income,1,1,1.0,Locally based NGO,rule,home country is low/middle-income and 100% of located posts are there
17731,Partnership for Poverty Action,Non-governmental Organization,Nepal,Lower middle income,1,1,1.0,Locally based NGO,rule,home country is low/middle-income and 100% of located posts are there
45519,Pass the Crayon,Non-governmental Organization,Germany,High income,1,1,1.0,International NGO,rule,home country is high-income (or not a country in the World Bank list)
10216,Pastoral Women’s Council,Non-governmental Organization,United Republic of Tanzania,Lower middle income,1,1,1.0,Locally based NGO,rule,home country is low/middle-income and 100% of located posts are there
13846,Paung Ku,Non-governmental Organization,Myanmar,Lower middle income,1,1,1.0,Locally based NGO,rule,home country is low/middle-income and 100% of located posts are there
51174,Paz con Dignidad,Non-governmental Organization,Spain,High income,1,1,0.0,International NGO,rule,home country is high-income (or not a country in the World Bank list)
15821,Peace Training and Research Organisation,Non-governmental Organization,Afghanistan,Low income,1,1,1.0,Locally based NGO,rule,home country is low/middle-income and 100% of located posts are there
17811,People & Planet,Non-governmental Organization,United Kingdom of Great Britain and Northern Ireland,High income,1,1,1.0,International NGO,rule,home country is high-income (or not a country in the World Bank list)
50806,People Demand Change,Other,United States of America,High income,1,0,,Other,ReliefWeb type,
45324,People Empowering & Development Alternatives - PEDA International,Other,Pakistan,Lower middle income,1,1,1.0,Other,ReliefWeb type,
50809,Pepal,Non-governmental Organization,United Kingdom of Great Britain and Northern Ireland,High income,1,1,0.0,International NGO,rule,home country is high-income (or not a country in the World Bank list)
11664,Peru Support Group,Non-governmental Organization,United Kingdom of Great Britain and Northern Ireland,High income,1,1,1.0,International NGO,rule,home country is high-income (or not a country in the World Bank list)
26021,Philippine Disaster Resilience Foundation,Non-governmental Organization,Philippines,Upper middle income,1,1,1.0,Locally based NGO,rule,home country is low/middle-income and 100% of located posts are there
15170,Physicians for Peace,Non-governmental Organization,United States of America,High income,1,1,1.0,International NGO,rule,home country is high-income (or not a country in the World Bank list)
39459,Pixelache,Other,Finland,High income,1,1,1.0,Other,ReliefWeb type,
13822,Pixera,Non-governmental Organization,United States of America,High income,1,1,1.0,International NGO,rule,home country is high-income (or not a country in the World Bank list)
51524,PlanAdapt,Other,Germany,High income,1,0,,Other,ReliefWeb type,
43869,Plant With Purpose,Non-governmental Organization,United States of America,High income,1,0,,International NGO,rule,home country is high-income (or not a country in the World Bank list)
13397,Polaris Project,Non-governmental Organization,United States of America,High income,1,1,1.0,International NGO,rule,home country is high-income (or not a country in the World Bank list)
28601,Pollinate Energy,Non-governmental Organization,India,Lower middle income,1,1,1.0,Locally based NGO,rule,home country is low/middle-income and 100% of located posts are there
2579,Posch and Partners,Other,Austria,High income,1,1,0.0,Other,ReliefWeb type,
10521,Prax(us),Non-governmental Organization,United States of America,High income,1,1,1.0,International NGO,rule,home country is high-income (or not a country in the World Bank list)
20481,Premiership Rugby,Non-governmental Organization,United Kingdom of Great Britain and Northern Ireland,High income,1,1,1.0,International NGO,rule,home country is high-income (or not a country in the World Bank list)
28281,Privacy International,Non-governmental Organization,United Kingdom of Great Britain and Northern Ireland,High income,1,1,1.0,International NGO,rule,home country is high-income (or not a country in the World Bank list)
1673,Procurement Service Provider,Other,India,Lower middle income,1,1,0.0,Other,ReliefWeb type,
4532,Progetto Continenti,Non-governmental Organization,Italy,High income,1,1,0.0,International NGO,rule,home country is high-income (or not a country in the World Bank list)
12190,Programa Velasco,Non-governmental Organization,United States of America,High income,1,1,0.0,International NGO,rule,home country is high-income (or not a country in the World Bank list)
11774,Programme for the Endorsement of Forest Certification,Non-governmental Organization,Switzerland,High income,1,0,,International NGO,rule,home country is high-income (or not a country in the World Bank list)
1678,Project Harmony,Non-governmental Organization,United States of America,High income,1,1,1.0,International NGO,rule,home country is high-income (or not a country in the World Bank list)
51042,Project Soar,Non-governmental Organization,Morocco; United States of America,High income; Lower middle income,1,1,1.0,International NGO,rule,home country is high-income (or not a country in the World Bank list)
36626,Project-E,Non-governmental Organization,Germany,High income,1,1,0.0,International NGO,rule,home country is high-income (or not a country in the World Bank list)
46494,Projet Accompagnement Québec-Guatemala,Non-governmental Organization,Canada,High income,1,1,0.0,International NGO,rule,home country is high-income (or not a country in the World Bank list)
9666,Projets Assistance Services,Other,Belgium,High income,1,1,0.0,Other,ReliefWeb type,
15470,Promo Jeune Basket,Non-governmental Organization,Congo,Lower middle income,1,1,0.0,Regional NGO (global South base),rule,home country is low/middle-income but only 0% of located posts are there
10565,Pure Congo,Other,Democratic Republic of the Congo,Low income,1,1,1.0,Other,ReliefWeb type,
46893,Quaker Council for European Affairs,Non-governmental Organization,Belgium,High income,1,1,1.0,International NGO,rule,home country is high-income (or not a country in the World Bank list)
290,RMIT University,Academic and Research Institution,Australia,High income,1,1,1.0,Academic and Research Institution,ReliefWeb type,
1031,Radio Free Europe / Radio Liberty,Media,World,Not classified,1,1,0.0,Media,ReliefWeb type,
10206,Radio Zamaneh,Other,Netherlands,High income,1,1,1.0,Other,ReliefWeb type,
21286,Rainbow for Africa,Non-governmental Organization,Italy,High income,1,1,0.0,International NGO,rule,home country is high-income (or not a country in the World Bank list)
9057,Rainforest Action Network,Non-governmental Organization,United States of America,High income,1,1,1.0,International NGO,rule,home country is high-income (or not a country in the World Bank list)
26011,Ramsar Convention,Other,Switzerland,High income,1,1,1.0,Other,ReliefWeb type,
11347,Raytheon Technical Services Company (RTSC),Other,United States of America,High income,1,1,0.0,Other,ReliefWeb type,
50721,Reach52,Non-governmental Organization,Singapore,High income,1,8,0.0,International NGO,rule,home country is high-income (or not a country in the World Bank list)
49979,Real LEDGE Honduras,Non-governmental Organization,Honduras,Lower middle income,1,1,1.0,Locally based NGO,rule,home country is low/middle-income and 100% of located posts are there
34581,Realising Education for Development,Non-governmental Organization,United Kingdom of Great Britain and Northern Ireland,High income,1,1,0.0,International NGO,rule,home country is high-income (or not a country in the World Bank list)
43629,Rebuild and Relief International,Non-governmental Organization,Germany,High income,1,1,0.0,International NGO,rule,home country is high-income (or not a country in the World Bank list)
49738,Reclaim Childhood,Non-governmental Organization,United States of America,High income,1,1,0.0,International NGO,rule,home country is high-income (or not a country in the World Bank list)
52210,Recourse,Non-governmental Organization,Netherlands,High income,1,0,,International NGO,rule,home country is high-income (or not a country in the World Bank list)
25521,Red Cross Society of Ukraine,Red Cross/Red Crescent Movement,Ukraine,Upper middle income,1,1,1.0,Red Cross/Red Crescent Movement,ReliefWeb type,
52121,Red Sea Executive Search,Other,United Kingdom of Great Britain and Northern Ireland,High income,1,1,0.0,Other,ReliefWeb type,
8585,Red Window Project,Non-governmental Organization,United States of America,High income,1,1,0.0,International NGO,rule,home country is high-income (or not a country in the World Bank list)
4241,Reform Management Group,Other,United Kingdom of Great Britain and Northern Ireland,High income,1,1,0.0,Other,ReliefWeb type,
51579,Refugee Advice and Casework Service,Non-governmental Organization,Australia,High income,1,1,1.0,International NGO,rule,home country is high-income (or not a country in the World Bank list)
1192,Refugee Council,Non-governmental Organization,United Kingdom of Great Britain and Northern Ireland,High income,1,1,1.0,International NGO,rule,home country is high-income (or not a country in the World Bank list)
10665,Refugee Council USA,Non-governmental Organization,United States of America,High income,1,1,1.0,International NGO,rule,home country is high-income (or not a country in the World Bank list)
52365,Refugee Food,Non-governmental Organization,France,High income,1,1,1.0,International NGO,rule,home country is high-income (or not a country in the World Bank list)
2861,Refugee Law Project,Academic and Research Institution,Uganda,Low income,1,0,,Academic and Research Institution,ReliefWeb type,
50845,Refugee Solidarity Network,Non-governmental Organization,United States of America,High income,1,0,,International NGO,rule,home country is high-income (or not a country in the World Bank list)
4397,Regional Center for Mapping of Resources for Development,International Organization,Kenya,Lower middle income,1,1,1.0,International Organization,ReliefWeb type,
12137,Relief & Reconciliation for Syria,Non-governmental Organization,Belgium,High income,1,1,0.0,International NGO,rule,home country is high-income (or not a country in the World Bank list)
43724,Relief and Development Peer Foundation,Non-governmental Organization,Yemen,Low income,1,1,1.0,Locally based NGO,rule,home country is low/middle-income and 100% of located posts are there
23766,Rescue Foundation,Non-governmental Organization,India,Lower middle income,1,1,1.0,Locally based NGO,rule,home country is low/middle-income and 100% of located posts are there
51650,Research and Development Solutions,Other,Pakistan,Lower middle income,1,1,1.0,Other,ReliefWeb type,
50542,ResearchIntel Africa Limited,Other,Kenya,Lower middle income,1,1,1.0,Other,ReliefWeb type,
51304,Resilience Development Initiative,Academic and Research Institution,Indonesia,Upper middle income,1,10,0.1,Academic and Research Institution,ReliefWeb type,
52352,Resource Associates Kenya Limited,Other,Kenya,Lower middle income,1,1,1.0,Other,ReliefWeb type,
3821,Resource Center for Civil Leadership - RECOCNILE,Non-governmental Organization,Sudan,Low income,1,1,0.0,Regional NGO (global South base),rule,home country is low/middle-income but only 0% of located posts are there
11166,Resource Consulting Services (RCS),Other,United Kingdom of Great Britain and Northern Ireland,High income,1,1,0.0,Other,ReliefWeb type,
35006,Response 2 Resilience,Other,United States of America,High income,1,0,,Other,ReliefWeb type,
2067,Response International,Non-governmental Organization,United Kingdom of Great Britain and Northern Ireland,High income,1,1,0.0,International NGO,rule,home country is high-income (or not a country in the World Bank list)
44894,Responsible Mica Initiative,Other,France,High income,1,1,0.0,Other,ReliefWeb type,
51988,RestoringVision,Non-governmental Organization,United States of America,High income,1,1,0.0,International NGO,rule,home country is high-income (or not a country in the World Bank list)
43124,Re~Cycle,Non-governmental Organization,United Kingdom of Great Britain and Northern Ireland,High income,1,1,1.0,International NGO,rule,home country is high-income (or not a country in the World Bank list)
42894,Rights and Accountability in Development,Non-governmental Organization,Isle of Man (The United Kingdom of Great Britain and Northern Ireland),Not classified,1,1,0.0,International NGO,rule,home country is high-income (or not a country in the World Bank list)
3435,Rights and Resources Initiative,Non-governmental Organization,United States of America,High income,1,1,1.0,International NGO,rule,home country is high-income (or not a country in the World Bank list)
46134,Rishilpi International Onlus,Non-governmental Organization,Italy,High income,1,1,0.0,International NGO,rule,home country is high-income (or not a country in the World Bank list)
50940,Robert Bosch Stiftung,Non-governmental Organization,Germany,High income,1,1,1.0,International NGO,rule,home country is high-income (or not a country in the World Bank list)
48888,Robert F. Kennedy Human Rights,Non-governmental Organization,United States of America,High income,1,1,1.0,International NGO,rule,home country is high-income (or not a country in the World Bank list)
49888,Robert Koch Institute,Academic and Research Institution,Germany,High income,1,1,1.0,Academic and Research Institution,ReliefWeb type,
51501,Romanian National Council for Refugees,Non-governmental Organization,Romania,High income,1,1,1.0,International NGO,rule,home country is high-income (or not a country in the World Bank list)
51987,Romero Initiative e.V.,Non-governmental Organization,Germany,High income,1,0,,International NGO,rule,home country is high-income (or not a country in the World Bank list)
45549,Rotary Pacific Water,Non-governmental Organization,Fiji,Upper middle income,1,1,1.0,Locally based NGO,rule,home country is low/middle-income and 100% of located posts are there
15315,Royal College of Midwives,Other,United Kingdom of Great Britain and Northern Ireland,High income,1,1,1.0,Other,ReliefWeb type,
15403,Royal College of Nursing,Other,United Kingdom of Great Britain and Northern Ireland,High income,1,1,1.0,Other,ReliefWeb type,
34706,Royal College of Physicians,Other,United Kingdom of Great Britain and Northern Ireland,High income,1,1,1.0,Other,ReliefWeb type,
51192,Royal Heritage Health Foundation,Non-governmental Organization,Nigeria,Lower middle income,1,1,1.0,Locally based NGO,rule,home country is low/middle-income and 100% of located posts are there
4497,Royal United Services Institute,Academic and Research Institution,United Kingdom of Great Britain and Northern Ireland,High income,1,1,1.0,Academic and Research Institution,ReliefWeb type,
33186,Rural Reconstruction Nepal,Non-governmental Organization,Nepal,Lower middle income,1,1,1.0,Locally based NGO,rule,home country is low/middle-income and 100% of located posts are there
47708,Ruwwad,Non-governmental Organization,Jordan,Upper middle income,1,1,1.0,Locally based NGO,rule,home country is low/middle-income and 100% of located posts are there
51774,Rwanda Medical Supply Ltd,Other,Rwanda,Low income,1,1,1.0,Other,ReliefWeb type,
46114,Réseau EVA,Non-governmental Organization,Senegal,Lower middle income,1,7,0.143,Regional NGO (global South base),rule,home country is low/middle-income but only 14% of located posts are there
52566,Réseau d’Actions pour le Développement et Progrès Intégrés,Non-governmental Organization,Democratic Republic of the Congo,Low income,1,1,1.0,Locally based NGO,rule,home country is low/middle-income and 100% of located posts are there
31941,SADEV Foundation,Non-governmental Organization,Mali,Low income,1,1,0.0,Regional NGO (global South base),rule,home country is low/middle-income but only 0% of located posts are there
8720,SAIDIA,Non-governmental Organization,Kenya,Lower middle income,1,1,1.0,Locally based NGO,rule,home country is low/middle-income and 100% of located posts are there
51010,SAJIDA Foundation,Non-governmental Organization,Bangladesh,Lower middle income,1,1,1.0,Locally based NGO,rule,home country is low/middle-income and 100% of located posts are there
50634,SANA for Special Individuals,Non-governmental Organization,Jordan,Upper middle income,1,1,1.0,Locally based NGO,rule,home country is low/middle-income and 100% of located posts are there
46798,SBC4D,Other,France,High income,1,1,0.0,Other,ReliefWeb type,
50666,SBP,Non-governmental Organization,United States of America,High income,1,1,1.0,International NGO,rule,home country is high-income (or not a country in the World Bank list)
14970,SCL Group,Other,United Kingdom of Great Britain and Northern Ireland,High income,1,1,1.0,Other,ReliefWeb type,
46094,SEED Jordan,Non-governmental Organization,Jordan,Upper middle income,1,1,1.0,Locally based NGO,rule,home country is low/middle-income and 100% of located posts are there
46379,SEED Project,Non-governmental Organization,United Kingdom of Great Britain and Northern Ireland,High income,1,1,1.0,International NGO,rule,home country is high-income (or not a country in the World Bank list)
49023,SHiFT Social Innovation Hub,Non-governmental Organization,Lebanon,Lower middle income,1,1,1.0,Locally based NGO,rule,home country is low/middle-income and 100% of located posts are there
48739,SKL International,Other,Sweden,High income,1,1,1.0,Other,ReliefWeb type,
51821,SKT Welfare,Non-governmental Organization,United Kingdom of Great Britain and Northern Ireland,High income,1,1,1.0,International NGO,rule,home country is high-income (or not a country in the World Bank list)
52370,SOS Children's Villages Sweden,Non-governmental Organization,Sweden,High income,1,2,0.0,International NGO,rule,home country is high-income (or not a country in the World Bank list)
50843,SOS Children's Villages Uzbekistan,Non-governmental Organization,Uzbekistan,Lower middle income,1,1,1.0,Locally based NGO,rule,home country is low/middle-income and 100% of located posts are there
43179,SOS Telephone for Women and Children Victims of Violence,Non-governmental Organization,Montenegro,Upper middle income,1,1,1.0,Locally based NGO,rule,home country is low/middle-income and 100% of located posts are there
14729,SPIRASI,Non-governmental Organization,Ireland,High income,1,1,1.0,International NGO,rule,home country is high-income (or not a country in the World Bank list)
1157,SPW Tanzania,Non-governmental Organization,United Republic of Tanzania,Lower middle income,1,1,1.0,Locally based NGO,rule,home country is low/middle-income and 100% of located posts are there
1475,STOPAIDS,Non-governmental Organization,United Kingdom of Great Britain and Northern Ireland,High income,1,0,,International NGO,rule,home country is high-income (or not a country in the World Bank list)
15209,Saba Reach Foundation,Non-governmental Organization,"Bonaire, Saint Eustatius and Saba (The Netherlands)",Not classified,1,1,1.0,International NGO,rule,home country is high-income (or not a country in the World Bank list)
42754,Safe Child Thailand,Non-governmental Organization,United Kingdom of Great Britain and Northern Ireland,High income,1,1,0.0,International NGO,rule,home country is high-income (or not a country in the World Bank list)
2882,Safe Passage,Non-governmental Organization,Guatemala,Upper middle income,1,1,0.0,Regional NGO (global South base),rule,home country is low/middle-income but only 0% of located posts are there
51824,Safetynet Primary Care,Non-governmental Organization,Ireland,High income,1,1,1.0,International NGO,rule,home country is high-income (or not a country in the World Bank list)
21631,Sahmakum Teang Tnaut,Non-governmental Organization,Cambodia,Lower middle income,1,1,1.0,Locally based NGO,rule,home country is low/middle-income and 100% of located posts are there
11102,Salam Institute for Peace and Justice,Non-governmental Organization,United States of America,High income,1,1,1.0,International NGO,rule,home country is high-income (or not a country in the World Bank list)
23656,Salt of the Earth,Other,United Kingdom of Great Britain and Northern Ireland,High income,1,1,1.0,Other,ReliefWeb type,
14294,Samarth-NMDP,Other,Nepal,Lower middle income,1,0,,Other,ReliefWeb type,
25631,Samenwerkende Hulp Organisaties,Other,Netherlands,High income,1,1,0.0,Other,ReliefWeb type,
14718,Sant'Egidio,Non-governmental Organization,Belgium,High income,1,1,1.0,International NGO,rule,home country is high-income (or not a country in the World Bank list)
51847,Save the Children Finland,Non-governmental Organization,Finland,High income,1,3,0.333,International NGO,rule,home country is high-income (or not a country in the World Bank list)
51350,Save the Children New Zealand,Non-governmental Organization,New Zealand,High income,1,0,,International NGO,rule,home country is high-income (or not a country in the World Bank list)
43519,Save the Dogs and other Animals,Non-governmental Organization,Italy,High income,1,1,0.0,International NGO,rule,home country is high-income (or not a country in the World Bank list)
23896,Save the Environment,Non-governmental Organization,Pakistan,Lower middle income,1,1,1.0,Locally based NGO,rule,home country is low/middle-income and 100% of located posts are there
37396,Sawa for Development and Aid,Non-governmental Organization,Lebanon,Lower middle income,1,1,1.0,Locally based NGO,rule,home country is low/middle-income and 100% of located posts are there
17636,School of Leadership Afghanistan,Non-governmental Organization,Afghanistan,Low income,1,1,1.0,Locally based NGO,rule,home country is low/middle-income and 100% of located posts are there
10650,Schools for the Children of the World,Non-governmental Organization,United States of America,High income,1,1,0.0,International NGO,rule,home country is high-income (or not a country in the World Bank list)
11188,Scottish Human Rights Commission,Non-governmental Organization,United Kingdom of Great Britain and Northern Ireland,High income,1,1,0.0,International NGO,rule,home country is high-income (or not a country in the World Bank list)
50857,Sea-Watch,Non-governmental Organization,Germany,High income,1,0,,International NGO,rule,home country is high-income (or not a country in the World Bank list)
47184,Seasoned Development Solutions,Academic and Research Institution,,,1,0,,Academic and Research Institution,ReliefWeb type,
15641,Seattle Pacific University,Academic and Research Institution,United States of America,High income,1,1,1.0,Academic and Research Institution,ReliefWeb type,
11481,Seclo Cambodia,Non-governmental Organization,Cambodia,Lower middle income,1,1,1.0,Locally based NGO,rule,home country is low/middle-income and 100% of located posts are there
1203,Seed Change,Non-governmental Organization,Canada,High income,1,1,1.0,International NGO,rule,home country is high-income (or not a country in the World Bank list)
4188,Seed Programs International,Non-governmental Organization,United States of America,High income,1,1,0.0,International NGO,rule,home country is high-income (or not a country in the World Bank list)
42394,Senhoa Foundation,Other,United States of America,High income,1,1,0.0,Other,ReliefWeb type,
50897,Sevgi ve Kardeşlik Vakfı,Non-governmental Organization,Türkiye,Upper middle income,1,1,1.0,Locally based NGO,rule,based in Türkiye or Syria: treated as locally based (Syria response)
51653,"Shabaka Social Enterprise, C.I.C.",Other,United Kingdom of Great Britain and Northern Ireland,High income,1,1,1.0,Other,ReliefWeb type,
46119,Shama Consult Africa,Other,,,1,1,0.0,Other,ReliefWeb type,
12954,Shambala Foundation,Non-governmental Organization,China,Upper middle income,1,1,1.0,Locally based NGO,rule,home country is low/middle-income and 100% of located posts are there
13417,"SiKanda - Solidaridad Internacional Kanda, A.C.",Non-governmental Organization,Mexico,Upper middle income,1,1,1.0,Locally based NGO,rule,home country is low/middle-income and 100% of located posts are there
50372,Sidaction,Non-governmental Organization,France,High income,1,0,,International NGO,rule,home country is high-income (or not a country in the World Bank list)
11199,Sidreh - Lakiya Negev Weaving,Non-governmental Organization,Israel,High income,1,1,1.0,International NGO,rule,home country is high-income (or not a country in the World Bank list)
42409,Sihanouk Hospital Center of HOPE,Other,Cambodia,Lower middle income,1,1,1.0,Other,ReliefWeb type,
21111,Sikika,Non-governmental Organization,United Republic of Tanzania,Lower middle income,1,1,1.0,Locally based NGO,rule,home country is low/middle-income and 100% of located posts are there
2369,Skat,Other,Switzerland,High income,1,1,0.0,Other,ReliefWeb type,
41539,Slovak Agency for International Development Cooperation,Government,Slovakia,High income,1,0,,Government,ReliefWeb type,
50915,Slum Dwellers International,Non-governmental Organization,South Africa,Upper middle income,1,1,1.0,Locally based NGO,rule,home country is low/middle-income and 100% of located posts are there
51134,Snowball Effect,Non-governmental Organization,France,High income,1,0,,International NGO,rule,home country is high-income (or not a country in the World Bank list)
44889,"Social & Scientific Systems, Inc.",Other,United States of America,High income,1,1,0.0,Other,ReliefWeb type,
50014,Social Gastronomy Movement,Non-governmental Organization,Brazil,Upper middle income,1,0,,Regional NGO (global South base),rule,home country is low/middle-income; no posts carry a country
11156,Social Protection Actors Forum (SPAF),Non-governmental Organization,Kenya,Lower middle income,1,1,1.0,Locally based NGO,rule,home country is low/middle-income and 100% of located posts are there
52125,Social Research and Development Institute,Non-governmental Organization,Somalia,Low income,1,1,1.0,Locally based NGO,rule,home country is low/middle-income and 100% of located posts are there
1699,Social Science Research Council,Academic and Research Institution,United States of America,High income,1,1,0.0,Academic and Research Institution,ReliefWeb type,
39989,Social Terrain,Other,United Kingdom of Great Britain and Northern Ireland,High income,1,1,0.0,Other,ReliefWeb type,
2573,Society for the Protection of Animals Abroad,Non-governmental Organization,United Kingdom of Great Britain and Northern Ireland,High income,1,0,,International NGO,rule,home country is high-income (or not a country in the World Bank list)
17016,Sofia Global,Non-governmental Organization,Italy,High income,1,1,1.0,International NGO,rule,home country is high-income (or not a country in the World Bank list)
12778,Sok Sabay Association,Non-governmental Organization,Cambodia,Lower middle income,1,1,1.0,Locally based NGO,rule,home country is low/middle-income and 100% of located posts are there
3654,Solidarité Laïque,Non-governmental Organization,France,High income,1,1,0.0,International NGO,rule,home country is high-income (or not a country in the World Bank list)
36771,Somali Health for All Initiave Trust,Non-governmental Organization,Somalia,Low income,1,1,1.0,Locally based NGO,rule,home country is low/middle-income and 100% of located posts are there
39099,Soroptimist International of Europe,Other,Switzerland,High income,1,1,1.0,Other,ReliefWeb type,
2303,South African Red Cross Society,Red Cross/Red Crescent Movement,South Africa,Upper middle income,1,1,1.0,Red Cross/Red Crescent Movement,ReliefWeb type,
11965,South Asian Network for Development and Environmental Economics,Academic and Research Institution,Nepal,Lower middle income,1,1,1.0,Academic and Research Institution,ReliefWeb type,
44484,South East Fermanagh Foundation,Non-governmental Organization,United Kingdom of Great Britain and Northern Ireland,High income,1,1,1.0,International NGO,rule,home country is high-income (or not a country in the World Bank list)
11255,South Omo Research Center,Academic and Research Institution,Ethiopia,Low income,1,1,1.0,Academic and Research Institution,ReliefWeb type,
52282,Spolecnost Podane ruce,Non-governmental Organization,Czechia,High income,1,1,1.0,International NGO,rule,home country is high-income (or not a country in the World Bank list)
30236,Sport2build,Non-governmental Organization,Zambia,Lower middle income,1,1,1.0,Locally based NGO,rule,home country is low/middle-income and 100% of located posts are there
2706,Sri Lanka Red Cross Society,Red Cross/Red Crescent Movement,Sri Lanka,Upper middle income,1,1,1.0,Red Cross/Red Crescent Movement,ReliefWeb type,
1898,St Francis Xavier University,Academic and Research Institution,Canada,High income,1,1,1.0,Academic and Research Institution,ReliefWeb type,
52049,St. Jude Children's Research Hospital,Other,United States of America,High income,1,1,1.0,Other,ReliefWeb type,
47823,St. Mary Catholic Primary Hospital,Non-governmental Organization,Ethiopia,Low income,1,1,1.0,Locally based NGO,rule,home country is low/middle-income and 100% of located posts are there
42774,Statistics for Sustainable Development,Non-governmental Organization,United Kingdom of Great Britain and Northern Ireland,High income,1,1,1.0,International NGO,rule,home country is high-income (or not a country in the World Bank list)
14847,Stellenbosch University,Academic and Research Institution,South Africa,Upper middle income,1,1,1.0,Academic and Research Institution,ReliefWeb type,
50183,Steph’Andava,Non-governmental Organization,France,High income,1,1,0.0,International NGO,rule,home country is high-income (or not a country in the World Bank list)
51975,Stiftung Lotti Latrous,Non-governmental Organization,Switzerland,High income,1,1,0.0,International NGO,rule,home country is high-income (or not a country in the World Bank list)
51672,Stiftung der Deutschen Lions,Other,Germany,High income,1,1,0.0,Other,ReliefWeb type,
1143,Stockholm International Peace Research Institute,Academic and Research Institution,Sweden,High income,1,1,1.0,Academic and Research Institution,ReliefWeb type,
19676,Stonewall,Non-governmental Organization,United Kingdom of Great Britain and Northern Ireland,High income,1,1,1.0,International NGO,rule,home country is high-income (or not a country in the World Bank list)
13947,Strategic Alliance Management Services PVT LTD,Non-governmental Organization,India,Lower middle income,1,1,1.0,Locally based NGO,rule,home country is low/middle-income and 100% of located posts are there
50732,Strategic Development For Relief and Education,Non-governmental Organization,United States of America,High income,1,1,0.0,International NGO,rule,home country is high-income (or not a country in the World Bank list)
51732,Suffolk Refugee Support,Non-governmental Organization,United Kingdom of Great Britain and Northern Ireland,High income,1,1,1.0,International NGO,rule,home country is high-income (or not a country in the World Bank list)
3909,Sun Mountain,Other,Ecuador,Upper middle income,1,1,1.0,Other,ReliefWeb type,
51933,Super Novae,Non-governmental Organization,France,High income,1,1,0.0,International NGO,rule,home country is high-income (or not a country in the World Bank list)
3544,Support for International Change,Non-governmental Organization,United Republic of Tanzania,Lower middle income,1,2,0.5,Regional NGO (global South base),rule,home country is low/middle-income but only 50% of located posts are there
51082,Susan Thompson Buffett Foundation,Other,United States of America,High income,1,3,0.0,Other,ReliefWeb type,
33166,Sustainable Agriculture Network,Non-governmental Organization,Mexico,Upper middle income,1,1,0.0,Regional NGO (global South base),rule,home country is low/middle-income but only 0% of located posts are there
52014,Sustainable Agriculture Tanzania,International Organization,United Republic of Tanzania,Lower middle income,1,1,1.0,International Organization,ReliefWeb type,
46664,Sustainable Bolivia,Non-governmental Organization,Bolivia (Plurinational State of),Lower middle income,1,1,1.0,Locally based NGO,rule,home country is low/middle-income and 100% of located posts are there
43424,Sustainable Development and Peacebuilding Initiatives,Non-governmental Organization,Somalia,Low income,1,1,1.0,Locally based NGO,rule,home country is low/middle-income and 100% of located posts are there
12614,Sustainable Harvest,Other,United States of America,High income,1,1,0.0,Other,ReliefWeb type,
40979,Swedish Peace and Arbitration Society,Non-governmental Organization,Sweden,High income,1,1,0.0,International NGO,rule,home country is high-income (or not a country in the World Bank list)
30796,Swedish Standards Institute,Non-governmental Organization,Sweden,High income,1,1,0.0,International NGO,rule,home country is high-income (or not a country in the World Bank list)
10267,Swedish Workplace HIV/AIDS Programme,Other,Sweden,High income,1,1,0.0,Other,ReliefWeb type,
49183,Swiss Philanthropy Foundation,Non-governmental Organization,Switzerland,High income,1,1,0.0,International NGO,rule,home country is high-income (or not a country in the World Bank list)
32126,Syria Bright Future,Non-governmental Organization,Türkiye,Upper middle income,1,1,1.0,Locally based NGO,rule,based in Türkiye or Syria: treated as locally based (Syria response)
28346,Syria Charity,Non-governmental Organization,France,High income,1,1,0.0,International NGO,rule,home country is high-income (or not a country in the World Bank list)
31411,Syrian Institute for Justice (JUSTICE),Non-governmental Organization,Syrian Arab Republic,Low income,1,0,,Locally based NGO,rule,based in Türkiye or Syria: treated as locally based (Syria response)
2557,TARU Leading Edge,Academic and Research Institution,India,Lower middle income,1,1,1.0,Academic and Research Institution,ReliefWeb type,
43804,TB Alert,Non-governmental Organization,United Kingdom of Great Britain and Northern Ireland,High income,1,1,0.0,International NGO,rule,home country is high-income (or not a country in the World Bank list)
48704,TOMAK,Other,Timor-Leste,Lower middle income,1,1,1.0,Other,ReliefWeb type,
20026,TPO Uganda,Non-governmental Organization,Uganda,Low income,1,1,0.0,Regional NGO (global South base),rule,home country is low/middle-income but only 0% of located posts are there
15402,Table Mountain Roots,Other,South Africa,Upper middle income,1,2,0.5,Other,ReliefWeb type,
4302,Tactical Tech,Non-governmental Organization,United Kingdom of Great Britain and Northern Ireland,High income,1,1,0.0,International NGO,rule,home country is high-income (or not a country in the World Bank list)
33326,Tanzania Education Corporation,Non-governmental Organization,United States of America,High income,1,1,0.0,International NGO,rule,home country is high-income (or not a country in the World Bank list)
39064,Tanzania Women Research Foundation,Academic and Research Institution,United Republic of Tanzania,Lower middle income,1,1,1.0,Academic and Research Institution,ReliefWeb type,
14245,Tapol,Non-governmental Organization,United Kingdom of Great Britain and Northern Ireland,High income,1,1,1.0,International NGO,rule,home country is high-income (or not a country in the World Bank list)
39184,Taramana,Non-governmental Organization,France,High income,1,1,0.0,International NGO,rule,home country is high-income (or not a country in the World Bank list)
11607,Tata Institute of Social Sciences,Academic and Research Institution,India,Lower middle income,1,1,1.0,Academic and Research Institution,ReliefWeb type,
15554,Tawanmandi,Non-governmental Organization,Afghanistan,Low income,1,1,1.0,Locally based NGO,rule,home country is low/middle-income and 100% of located posts are there
50499,Team Kenya,Non-governmental Organization,Kenya; United Kingdom of Great Britain and Northern Ireland,High income; Lower middle income,1,1,1.0,International NGO,rule,home country is high-income (or not a country in the World Bank list)
50264,Techfugees,Non-governmental Organization,France,High income,1,1,1.0,International NGO,rule,home country is high-income (or not a country in the World Bank list)
17796,Telemedicine Without Borders,Non-governmental Organization,United States of America,High income,1,1,0.0,International NGO,rule,home country is high-income (or not a country in the World Bank list)
51228,Terre des Hommes Germany,Non-governmental Organization,Germany,High income,1,1,0.0,International NGO,rule,home country is high-income (or not a country in the World Bank list)
10455,Tevel b'Tzedek,Non-governmental Organization,Israel,High income,1,1,0.0,International NGO,rule,home country is high-income (or not a country in the World Bank list)
12768,The African Institute of Corporate Citizenship,Non-governmental Organization,Malawi,Low income,1,1,1.0,Locally based NGO,rule,home country is low/middle-income and 100% of located posts are there
38206,The Alexandria Trust,Other,United Kingdom of Great Britain and Northern Ireland,High income,1,0,,Other,ReliefWeb type,
14615,The All- Parliamentary Group on Anti-Corruption,Non-governmental Organization,United Kingdom of Great Britain and Northern Ireland,High income,1,1,1.0,International NGO,rule,home country is high-income (or not a country in the World Bank list)
18261,The Asia-Pacific Regional Network for Early Childhood,Other,Singapore,High income,1,1,1.0,Other,ReliefWeb type,
44604,The Boston Foundation,Non-governmental Organization,United States of America,High income,1,1,1.0,International NGO,rule,home country is high-income (or not a country in the World Bank list)
43699,The Bridge,Non-governmental Organization,Republic of Korea,High income,1,1,0.0,International NGO,rule,home country is high-income (or not a country in the World Bank list)
12992,The British Medical Association,Other,United Kingdom of Great Britain and Northern Ireland,High income,1,1,1.0,Other,ReliefWeb type,
15083,The Community-Based Sociotherapy Program,Non-governmental Organization,Rwanda,Low income,1,1,1.0,Locally based NGO,rule,home country is low/middle-income and 100% of located posts are there
12004,The Consortium for Advanced Research Training in Africa,Academic and Research Institution,Kenya,Lower middle income,1,1,1.0,Academic and Research Institution,ReliefWeb type,
50339,The Diabetes Centre,Non-governmental Organization,Pakistan,Lower middle income,1,1,1.0,Locally based NGO,rule,home country is low/middle-income and 100% of located posts are there
45279,The Education Commission,Non-governmental Organization,United States of America,High income,1,1,1.0,International NGO,rule,home country is high-income (or not a country in the World Bank list)
45529,The Engine Room,Non-governmental Organization,United States of America,High income,1,0,,International NGO,rule,home country is high-income (or not a country in the World Bank list)
34386,The Geneva Learning Foundation,Non-governmental Organization,Switzerland,High income,1,0,,International NGO,rule,home country is high-income (or not a country in the World Bank list)
43764,The Handa Foundation,Non-governmental Organization,Cambodia,Lower middle income,1,1,1.0,Locally based NGO,rule,home country is low/middle-income and 100% of located posts are there
51661,The Hepatitis Fund,Non-governmental Organization,Switzerland,High income,1,1,1.0,International NGO,rule,home country is high-income (or not a country in the World Bank list)
48683,The International Dialogue Centre,Non-governmental Organization,Austria,High income,1,0,,International NGO,rule,home country is high-income (or not a country in the World Bank list)
13296,The Investment Climate Improvement Project,Other,occupied Palestinian territory,Lower middle income,1,2,0.5,Other,ReliefWeb type,
10415,The Logistics Project,Other,,,1,1,0.0,Other,ReliefWeb type,
12808,The May 18 Memorial Foundation,Non-governmental Organization,Republic of Korea,High income,1,1,1.0,International NGO,rule,home country is high-income (or not a country in the World Bank list)
52182,The Movement for Community-led Development,Non-governmental Organization,United States of America,High income,1,1,1.0,International NGO,rule,home country is high-income (or not a country in the World Bank list)
23261,The Nexus Fund,Non-governmental Organization,United States of America,High income,1,1,0.0,International NGO,rule,home country is high-income (or not a country in the World Bank list)
51069,The Norwegian Organisation for Sexual and Gender Diversity,Non-governmental Organization,Norway,High income,1,0,,International NGO,rule,home country is high-income (or not a country in the World Bank list)
52357,The Pandora Project,Non-governmental Organization,United Kingdom of Great Britain and Northern Ireland,High income,1,0,,International NGO,rule,home country is high-income (or not a country in the World Bank list)
14267,The Partnering Initiative,Other,United Kingdom of Great Britain and Northern Ireland,High income,1,1,1.0,Other,ReliefWeb type,
11827,The Recreation Project,Non-governmental Organization,Uganda,Low income,1,1,0.0,Regional NGO (global South base),rule,home country is low/middle-income but only 0% of located posts are there
24486,The Red Pencil,Non-governmental Organization,Singapore,High income,1,1,1.0,International NGO,rule,home country is high-income (or not a country in the World Bank list)
51999,The Rene Moawad Foundation,Non-governmental Organization,Lebanon,Lower middle income,1,2,0.5,Regional NGO (global South base),rule,home country is low/middle-income but only 50% of located posts are there
19496,The Rockefeller Foundation,Non-governmental Organization,United States of America,High income,1,1,1.0,International NGO,rule,home country is high-income (or not a country in the World Bank list)
12575,The Rwandan Association of Local Government Authority,Government,Rwanda,Low income,1,1,1.0,Government,ReliefWeb type,
12844,The Secretary of State for the Promotion of Gender Equality,Government,Timor-Leste,Lower middle income,1,1,1.0,Government,ReliefWeb type,
27776,The Tandana Foundation,Non-governmental Organization,United States of America,High income,1,1,0.0,International NGO,rule,home country is high-income (or not a country in the World Bank list)
50307,The Toa Nafasi Project,Non-governmental Organization,United States of America,High income,1,1,0.0,International NGO,rule,home country is high-income (or not a country in the World Bank list)
50558,The Uganda Country Coordinating Mechanism for the Global Fund,Non-governmental Organization,Uganda,Low income,1,1,1.0,Locally based NGO,rule,home country is low/middle-income and 100% of located posts are there
52295,The Welsh Centre for International Affairs,Non-governmental Organization,United Kingdom of Great Britain and Northern Ireland,High income,1,1,1.0,International NGO,rule,home country is high-income (or not a country in the World Bank list)
21651,The Women of Milot Entrepreneurial Network,Non-governmental Organization,Haiti,Lower middle income,1,1,1.0,Locally based NGO,rule,home country is low/middle-income and 100% of located posts are there
11854,The Women's Foundation,Non-governmental Organization,China - Hong Kong (Special Administrative Region),High income,1,1,1.0,International NGO,rule,home country is high-income (or not a country in the World Bank list)
14547,Thesiger & Company,Academic and Research Institution,United Kingdom of Great Britain and Northern Ireland,High income,1,1,1.0,Academic and Research Institution,ReliefWeb type,
15597,Thrive Networks,Non-governmental Organization,United States of America,High income,1,1,0.0,International NGO,rule,home country is high-income (or not a country in the World Bank list)
48609,Tides Center,Other,United States of America,High income,1,1,1.0,Other,ReliefWeb type,
46154,Tiny Tim and Friends,Non-governmental Organization,Zambia,Lower middle income,1,1,1.0,Locally based NGO,rule,home country is low/middle-income and 100% of located posts are there
44274,Toilettes du Monde,Non-governmental Organization,France,High income,1,1,1.0,International NGO,rule,home country is high-income (or not a country in the World Bank list)
36496,Tonj Project ‐ Onlus,Non-governmental Organization,Italy,High income,1,1,0.0,International NGO,rule,home country is high-income (or not a country in the World Bank list)
35696,Toybox,Non-governmental Organization,United Kingdom of Great Britain and Northern Ireland,High income,1,1,0.0,International NGO,rule,home country is high-income (or not a country in the World Bank list)
36001,Trampoline House,Non-governmental Organization,Denmark,High income,1,1,1.0,International NGO,rule,home country is high-income (or not a country in the World Bank list)
43794,Transform Aid International,Non-governmental Organization,Australia,High income,1,1,1.0,International NGO,rule,home country is high-income (or not a country in the World Bank list)
52269,Transformedia Culture C.I.C,Other,United Kingdom of Great Britain and Northern Ireland,High income,1,0,,Other,ReliefWeb type,
11616,Transitional Justice Resource Center,International Organization,Nepal,Lower middle income,1,1,1.0,International Organization,ReliefWeb type,
51460,Translate into Meaning,Other,Italy,High income,1,0,,Other,ReliefWeb type,
51056,Transparency International EU,Non-governmental Organization,Belgium,High income,1,1,1.0,International NGO,rule,home country is high-income (or not a country in the World Bank list)
51287,Transparency International UK,Non-governmental Organization,United Kingdom of Great Britain and Northern Ireland,High income,1,0,,International NGO,rule,home country is high-income (or not a country in the World Bank list)
19866,True Hero Films,Non-governmental Organization,Switzerland,High income,1,1,1.0,International NGO,rule,home country is high-income (or not a country in the World Bank list)
12289,Tumbador vzw,Non-governmental Organization,Belgium,High income,1,1,0.0,International NGO,rule,home country is high-income (or not a country in the World Bank list)
49413,Tunapanda Institute,Non-governmental Organization,United States of America,High income,1,0,,International NGO,rule,home country is high-income (or not a country in the World Bank list)
12703,Turkish Philanthropy Fund,Non-governmental Organization,United States of America,High income,1,1,1.0,International NGO,rule,home country is high-income (or not a country in the World Bank list)
2309,Turkish Red Crescent Society,Red Cross/Red Crescent Movement,Türkiye,Upper middle income,1,1,1.0,Red Cross/Red Crescent Movement,ReliefWeb type,
4102,Twaweza East Africa,Non-governmental Organization,United Republic of Tanzania,Lower middle income,1,1,1.0,Locally based NGO,rule,home country is low/middle-income and 100% of located posts are there
38599,Twins International,Other,Kenya,Lower middle income,1,1,1.0,Other,ReliefWeb type,
10223,UBS Optimus Foundation,Other,Switzerland,High income,1,1,1.0,Other,ReliefWeb type,
38504,UCSF Global Health Group,Academic and Research Institution,United States of America,High income,1,1,1.0,Academic and Research Institution,ReliefWeb type,
48118,UN Department of Political and Peacebuilding Affairs,International Organization,United States of America,High income,1,0,,International Organization,ReliefWeb type,
1539,UN Development Fund for Women,International Organization,United States of America,High income,1,1,0.0,International Organization,ReliefWeb type,
1187,UN Disaster Management Training Programme,International Organization,Switzerland,High income,1,1,0.0,International Organization,ReliefWeb type,
13522,UN Information Centres,International Organization,World,Not classified,1,1,0.0,International Organization,ReliefWeb type,
1382,UN Institute for Disarmament Research,International Organization,Switzerland,High income,1,1,1.0,International Organization,ReliefWeb type,
50639,UN Integrated Transition Assistance Mission in Sudan,International Organization,Sudan,Low income,1,1,1.0,International Organization,ReliefWeb type,
2809,UN Joint Inspection Unit,International Organization,Switzerland,High income,1,1,1.0,International Organization,ReliefWeb type,
1510,UN Mission in Liberia,International Organization,Liberia,Low income,1,1,1.0,International Organization,ReliefWeb type,
43464,UN Office of the Special Envoy of the Secretary-General for the Great Lakes Region,International Organization,Burundi; Democratic Republic of the Congo; Rwanda; Uganda,Low income,1,1,0.0,International Organization,ReliefWeb type,
4205,UN Office to the African Union,International Organization,Ethiopia,Low income,1,1,1.0,International Organization,ReliefWeb type,
4427,UN Peacebuilding Support Office,International Organization,United States of America,High income,1,1,0.0,International Organization,ReliefWeb type,
1520,UN Political Office for Somalia,International Organization,Somalia,Low income,1,1,1.0,International Organization,ReliefWeb type,
22436,UN Resident Coordinator in Mongolia,International Organization,Mongolia,Upper middle income,1,1,1.0,International Organization,ReliefWeb type,
1523,UN Resident and Humanitarian Coordinator for Mozambique,International Organization,Mozambique,Low income,1,1,0.0,International Organization,ReliefWeb type,
14839,UN Resident and Humanitarian Coordinator in Iraq,International Organization,Iraq,Upper middle income,1,1,0.0,International Organization,ReliefWeb type,
47033,"UN SG’s Independent Accountability Panel for Every Woman, Every Child, Every Adolescent",Non-governmental Organization,United States of America,High income,1,0,,International NGO,rule,home country is high-income (or not a country in the World Bank list)
44459,UN Verification Mission in Colombia,International Organization,Colombia,Upper middle income,1,1,1.0,International Organization,ReliefWeb type,
14818,UN-ACT,International Organization,Thailand,Upper middle income,1,0,,International Organization,ReliefWeb type,
49103,UNDP/OCHA Connecting Business initiative,International Organization,Switzerland,High income,1,1,1.0,International Organization,ReliefWeb type,
52119,UNICEF Ireland,International Organization,Ireland,High income,1,1,1.0,International Organization,ReliefWeb type,
50317,UNITE Caribbean,Non-governmental Organization,Guadeloupe (France),Not classified,1,5,0.2,International NGO,rule,home country is high-income (or not a country in the World Bank list)
1037,US Department of Defense,Government,United States of America,High income,1,1,0.0,Government,ReliefWeb type,
1748,USA Rice Federation,Non-governmental Organization,United States of America,High income,1,1,0.0,International NGO,rule,home country is high-income (or not a country in the World Bank list)
14391,Udaan Indian Foundation,Non-governmental Organization,India,Lower middle income,1,1,1.0,Locally based NGO,rule,home country is low/middle-income and 100% of located posts are there
51582,Uganda Parliamentary Forum on Social Protection,Other,Uganda,Low income,1,1,1.0,Other,ReliefWeb type,
51011,Union to Union,Non-governmental Organization,Sweden,High income,1,0,,International NGO,rule,home country is high-income (or not a country in the World Bank list)
29211,United Mission to Nepal,Non-governmental Organization,Nepal,Lower middle income,1,1,1.0,Locally based NGO,rule,home country is low/middle-income and 100% of located posts are there
52401,United Nations Association of Greater Boston,Non-governmental Organization,United States of America,High income,1,1,1.0,International NGO,rule,home country is high-income (or not a country in the World Bank list)
30106,United Nations Joint Staff Pension Fund,International Organization,United States of America,High income,1,1,1.0,International Organization,ReliefWeb type,
17656,"United Nations Regional Centre for Peace, Disarmament and Development in Latin America and the Caribbean",International Organization,Peru,Upper middle income,1,1,1.0,International Organization,ReliefWeb type,
10715,United Planet,Non-governmental Organization,United States of America,High income,1,1,0.0,International NGO,rule,home country is high-income (or not a country in the World Bank list)
1355,United Way International,Non-governmental Organization,United States of America,High income,1,1,0.0,International NGO,rule,home country is high-income (or not a country in the World Bank list)
50502,United World Colleges International,Academic and Research Institution,United Kingdom of Great Britain and Northern Ireland,High income,1,1,0.0,Academic and Research Institution,ReliefWeb type,
51153,United for Global Mental Health,Other,United Kingdom of Great Britain and Northern Ireland,High income,1,0,,Other,ReliefWeb type,
11588,United for Somali Students,Non-governmental Organization,United Kingdom of Great Britain and Northern Ireland,High income,1,1,1.0,International NGO,rule,home country is high-income (or not a country in the World Bank list)
29206,Universal Learning Solutions,Non-governmental Organization,United Kingdom of Great Britain and Northern Ireland,High income,1,0,,International NGO,rule,home country is high-income (or not a country in the World Bank list)
11565,Universalia,Non-governmental Organization,Canada,High income,1,1,0.0,International NGO,rule,home country is high-income (or not a country in the World Bank list)
1182,University for Peace,Academic and Research Institution,Costa Rica,High income,1,1,1.0,Academic and Research Institution,ReliefWeb type,
805,University of Aberdeen,Academic and Research Institution,United Kingdom of Great Britain and Northern Ireland,High income,1,1,0.0,Academic and Research Institution,ReliefWeb type,
8766,University of Bonn,Academic and Research Institution,Germany,High income,1,1,0.0,Academic and Research Institution,ReliefWeb type,
9791,University of Calgary,Academic and Research Institution,Canada,High income,1,1,1.0,Academic and Research Institution,ReliefWeb type,
15242,University of California Los Angeles David Geffen School of Medicine,Academic and Research Institution,United States of America,High income,1,1,0.0,Academic and Research Institution,ReliefWeb type,
44659,University of Glasgow,Academic and Research Institution,United Kingdom of Great Britain and Northern Ireland,High income,1,1,1.0,Academic and Research Institution,ReliefWeb type,
23406,University of Huddersfield,Academic and Research Institution,United Kingdom of Great Britain and Northern Ireland,High income,1,1,1.0,Academic and Research Institution,ReliefWeb type,
2516,University of Nairobi,Academic and Research Institution,Kenya,Lower middle income,1,1,1.0,Academic and Research Institution,ReliefWeb type,
1294,University of North Carolina,Academic and Research Institution,United States of America,High income,1,1,1.0,Academic and Research Institution,ReliefWeb type,
3173,University of Pittsburgh,Academic and Research Institution,United States of America,High income,1,1,0.0,Academic and Research Institution,ReliefWeb type,
1798,University of Pretoria,Academic and Research Institution,South Africa,Upper middle income,1,0,,Academic and Research Institution,ReliefWeb type,
1440,University of Reading,Academic and Research Institution,United Kingdom of Great Britain and Northern Ireland,High income,1,1,1.0,Academic and Research Institution,ReliefWeb type,
50802,University of Technology Sydney,Academic and Research Institution,Australia,High income,1,1,1.0,Academic and Research Institution,ReliefWeb type,
4492,University of Texas at Austin,Academic and Research Institution,United States of America,High income,1,1,1.0,Academic and Research Institution,ReliefWeb type,
11928,University of Winnipeg,Academic and Research Institution,Canada,High income,1,1,1.0,Academic and Research Institution,ReliefWeb type,
8568,Università della Svizzera italiana,Academic and Research Institution,Switzerland,High income,1,1,1.0,Academic and Research Institution,ReliefWeb type,
51698,Universität Kassel,Academic and Research Institution,Germany,High income,1,0,,Academic and Research Institution,ReliefWeb type,
4056,Université libre de Bruxelles,Academic and Research Institution,Belgium,High income,1,1,0.0,Academic and Research Institution,ReliefWeb type,
11189,Unraggiodiluce,Non-governmental Organization,Italy,High income,1,1,1.0,International NGO,rule,home country is high-income (or not a country in the World Bank list)
13080,Upavim,Non-governmental Organization,Guatemala,Upper middle income,1,1,1.0,Locally based NGO,rule,home country is low/middle-income and 100% of located posts are there
45489,Upaya Social Ventures,Non-governmental Organization,United States of America,High income,1,1,0.0,International NGO,rule,home country is high-income (or not a country in the World Bank list)
12760,VIA Don Bosco,Non-governmental Organization,Belgium,High income,1,1,1.0,International NGO,rule,home country is high-income (or not a country in the World Bank list)
51509,VIER PFOTEN International,Non-governmental Organization,Austria,High income,1,1,1.0,International NGO,rule,home country is high-income (or not a country in the World Bank list)
48178,Vance Center,Non-governmental Organization,United States of America,High income,1,1,0.0,International NGO,rule,home country is high-income (or not a country in the World Bank list)
50841,Velos Youth,Non-governmental Organization,Greece,High income,1,1,1.0,International NGO,rule,home country is high-income (or not a country in the World Bank list)
13660,Veroleum,Non-governmental Organization,Liberia,Low income,1,1,1.0,Locally based NGO,rule,home country is low/middle-income and 100% of located posts are there
38759,Vetwork UK,Non-governmental Organization,United Kingdom of Great Britain and Northern Ireland,High income,1,0,,International NGO,rule,home country is high-income (or not a country in the World Bank list)
2936,Village Focus,Non-governmental Organization,United States of America,High income,1,1,0.0,International NGO,rule,home country is high-income (or not a country in the World Bank list)
44799,Village Nepal,Non-governmental Organization,Nepal,Lower middle income,1,1,1.0,Locally based NGO,rule,home country is low/middle-income and 100% of located posts are there
12284,Vision for a Nation,Non-governmental Organization,United Kingdom of Great Britain and Northern Ireland,High income,1,1,0.0,International NGO,rule,home country is high-income (or not a country in the World Bank list)
14875,Vittana,Other,United States of America,High income,1,19,0.0,Other,ReliefWeb type,
47043,Vivere,Non-governmental Organization,Switzerland,High income,1,1,1.0,International NGO,rule,home country is high-income (or not a country in the World Bank list)
52202,Voices for Just Climate Action,Non-governmental Organization,Netherlands,High income,1,0,,International NGO,rule,home country is high-income (or not a country in the World Bank list)
49453,Voluntary Initiative Support Organisation,Non-governmental Organization,Uganda,Low income,1,0,,Regional NGO (global South base),rule,home country is low/middle-income; no posts carry a country
52216,WARDI Relief and Development Initiatives,Non-governmental Organization,Somalia,Low income,1,0,,Regional NGO (global South base),rule,home country is low/middle-income; no posts carry a country
3476,WASH Cluster,International Organization,World,Not classified,1,0,,International Organization,ReliefWeb type,
51777,WILD Foundation,Non-governmental Organization,United States of America,High income,1,1,0.0,International NGO,rule,home country is high-income (or not a country in the World Bank list)
37866,WINGS,Non-governmental Organization,United States of America,High income,1,1,0.0,International NGO,rule,home country is high-income (or not a country in the World Bank list)
9648,War Trauma Foundation,Other,Netherlands,High income,1,1,1.0,Other,ReliefWeb type,
12393,Waste Enterprisers,Other,Ghana,Lower middle income,1,1,0.0,Other,ReliefWeb type,
39629,Watamu Marine Association,Other,Kenya,Lower middle income,1,1,1.0,Other,ReliefWeb type,
47148,Waterloo Foundation,Non-governmental Organization,United Kingdom of Great Britain and Northern Ireland,High income,1,1,1.0,International NGO,rule,home country is high-income (or not a country in the World Bank list)
11794,We Women,Non-governmental Organization,Thailand,Upper middle income,1,1,1.0,Locally based NGO,rule,home country is low/middle-income and 100% of located posts are there
51099,WeMove Europe,Non-governmental Organization,Germany,High income,1,1,1.0,International NGO,rule,home country is high-income (or not a country in the World Bank list)
49443,Welcome To My Yard,Other,Nepal,Lower middle income,1,1,1.0,Other,ReliefWeb type,
48983,Wellbeing Foundation Africa,Non-governmental Organization,Nigeria,Lower middle income,1,1,0.0,Regional NGO (global South base),rule,home country is low/middle-income but only 0% of located posts are there
34826,West Africa Conflict and Security Consulting Ltd.,Other,Nigeria,Lower middle income,1,0,,Other,ReliefWeb type,
50447,West African Vocational Schools,Academic and Research Institution,Guinea-Bissau,Low income,1,1,1.0,Academic and Research Institution,ReliefWeb type,
51517,What If Foundation,Non-governmental Organization,United States of America,High income,1,1,0.0,International NGO,rule,home country is high-income (or not a country in the World Bank list)
49273,Whizz Education,Other,United Kingdom of Great Britain and Northern Ireland,High income,1,1,0.0,Other,ReliefWeb type,
51379,WildAid,Non-governmental Organization,United States of America,High income,1,1,0.0,International NGO,rule,home country is high-income (or not a country in the World Bank list)
15465,WildTeam,Non-governmental Organization,Bangladesh,Lower middle income,1,1,1.0,Locally based NGO,rule,home country is low/middle-income and 100% of located posts are there
52285,Wilde Ganzen Foundation,Other,Netherlands,High income,1,1,1.0,Other,ReliefWeb type,
15158,Wildlife Works,Other,United States of America,High income,1,1,0.0,Other,ReliefWeb type,
44594,Wiser,Non-governmental Organization,United States of America,High income,1,1,0.0,International NGO,rule,home country is high-income (or not a country in the World Bank list)
46189,Witness Change,Non-governmental Organization,United States of America,High income,1,0,,International NGO,rule,home country is high-income (or not a country in the World Bank list)
47289,Women Deliver,Non-governmental Organization,United States of America,High income,1,0,,International NGO,rule,home country is high-income (or not a country in the World Bank list)
9162,Women Human Rights Defenders International Coalition,Non-governmental Organization,World,Not classified,1,1,1.0,International NGO,rule,home country is high-income (or not a country in the World Bank list)
46069,Women LEAD,Non-governmental Organization,Nepal,Lower middle income,1,1,1.0,Locally based NGO,rule,home country is low/middle-income and 100% of located posts are there
36946,Women's Hope International,Non-governmental Organization,Switzerland,High income,1,1,0.0,International NGO,rule,home country is high-income (or not a country in the World Bank list)
48344,Women's Justice Initiative,Non-governmental Organization,Guatemala,Upper middle income,1,1,1.0,Locally based NGO,rule,home country is low/middle-income and 100% of located posts are there
44209,Wonder Foundation,Non-governmental Organization,United Kingdom of Great Britain and Northern Ireland,High income,1,1,1.0,International NGO,rule,home country is high-income (or not a country in the World Bank list)
51555,Worker Rights Consortium,Other,United States of America,High income,1,0,,Other,ReliefWeb type,
50624,World Bicycle Relief,Non-governmental Organization,Germany; Switzerland; United States of America,High income,1,0,,International NGO,rule,home country is high-income (or not a country in the World Bank list)
10742,World Camp,Non-governmental Organization,United States of America,High income,1,1,1.0,International NGO,rule,home country is high-income (or not a country in the World Bank list)
50204,World Coffee Research,Academic and Research Institution,United States of America,High income,1,0,,Academic and Research Institution,ReliefWeb type,
11274,World Communion of Reformed Churches (WCRC),Other,Switzerland,High income,1,1,1.0,Other,ReliefWeb type,
4576,World Faiths Development Dialogue,Non-governmental Organization,United States of America,High income,1,1,1.0,International NGO,rule,home country is high-income (or not a country in the World Bank list)
12164,World Friends Onlus,Non-governmental Organization,Italy,High income,1,1,0.0,International NGO,rule,home country is high-income (or not a country in the World Bank list)
49758,World Intellectual Property Organization,International Organization,Switzerland,High income,1,1,1.0,International Organization,ReliefWeb type,
16301,World Interfaith Harmony Week,Other,Jordan,Upper middle income,1,1,1.0,Other,ReliefWeb type,
26916,World Pulse,Non-governmental Organization,United States of America,High income,1,1,1.0,International NGO,rule,home country is high-income (or not a country in the World Bank list)
42244,World Uyghur Congress,Non-governmental Organization,Germany,High income,1,0,,International NGO,rule,home country is high-income (or not a country in the World Bank list)
52106,World Vision Germany,Non-governmental Organization,Germany,High income,1,1,0.0,International NGO,rule,home country is high-income (or not a country in the World Bank list)
51573,World Young Women's Christian Association,Non-governmental Organization,Switzerland,High income,1,2,0.0,International NGO,rule,home country is high-income (or not a country in the World Bank list)
30371,Worldwide Hospice Palliative Care Alliance,Non-governmental Organization,United Kingdom of Great Britain and Northern Ireland,High income,1,0,,International NGO,rule,home country is high-income (or not a country in the World Bank list)
3154,Yale University,Academic and Research Institution,United States of America,High income,1,1,0.0,Academic and Research Institution,ReliefWeb type,
47738,Yamba Malawi,Non-governmental Organization,United States of America,High income,1,1,0.0,International NGO,rule,home country is high-income (or not a country in the World Bank list)
48449,Yayasan Jejak Pulang,Non-governmental Organization,Indonesia,Upper middle income,1,1,1.0,Locally based NGO,rule,home country is low/middle-income and 100% of located posts are there
46898,Year Here,Non-governmental Organization,United Kingdom of Great Britain and Northern Ireland,High income,1,1,1.0,International NGO,rule,home country is high-income (or not a country in the World Bank list)
11346,Yemen Relief Development Forum,Non-governmental Organization,United Kingdom of Great Britain and Northern Ireland,High income,1,1,1.0,International NGO,rule,home country is high-income (or not a country in the World Bank list)
39224,You Belong,Non-governmental Organization,Uganda,Low income,1,1,1.0,Locally based NGO,rule,home country is low/middle-income and 100% of located posts are there
10657,Youth Advocacy Network,Non-governmental Organization,Cameroon,Lower middle income,1,1,1.0,Locally based NGO,rule,home country is low/middle-income and 100% of located posts are there
37301,Youth Cultural Center Juventas,Non-governmental Organization,Montenegro,Upper middle income,1,1,1.0,Locally based NGO,rule,home country is low/middle-income and 100% of located posts are there
2652,Youth Initiative for Human Rights,Non-governmental Organization,Serbia,Upper middle income,1,1,0.0,Regional NGO (global South base),rule,home country is low/middle-income but only 0% of located posts are there
9047,Youth Resource Development Program,Non-governmental Organization,Cambodia,Lower middle income,1,1,1.0,Locally based NGO,rule,home country is low/middle-income and 100% of located posts are there
48698,YouthConnekt Africa,Other,Rwanda,Low income,1,1,1.0,Other,ReliefWeb type,
50378,Youthbuild USA,Non-governmental Organization,United States of America,High income,1,1,1.0,International NGO,rule,home country is high-income (or not a country in the World Bank list)
10928,Zambia Center for Applied Health Research and Development,Academic and Research Institution,Zambia,Lower middle income,1,1,1.0,Academic and Research Institution,ReliefWeb type,
4280,Zambian Governance Foundation,Non-governmental Organization,Zambia,Lower middle income,1,1,1.0,Locally based NGO,rule,home country is low/middle-income and 100% of located posts are there
15731,Zardozi,Non-governmental Organization,Afghanistan,Low income,1,1,1.0,Locally based NGO,rule,home country is low/middle-income and 100% of located posts are there
48283,Zoï Environment Network,Non-governmental Organization,Switzerland,High income,1,1,1.0,International NGO,rule,home country is high-income (or not a country in the World Bank list)
43814,adelphi,Academic and Research Institution,Germany,High income,1,1,1.0,Academic and Research Institution,ReliefWeb type,
8861,co2balance,Other,United Kingdom of Great Britain and Northern Ireland,High income,1,1,0.0,Other,ReliefWeb type,
4224,foodwatershelter,Non-governmental Organization,Australia,High income,1,1,0.0,International NGO,rule,home country is high-income (or not a country in the World Bank list)
13913,iJET,Other,United States of America,High income,1,1,0.0,Other,ReliefWeb type,
11605,iLab Liberia,Non-governmental Organization,Liberia,Low income,1,1,1.0,Locally based NGO,rule,home country is low/middle-income and 100% of located posts are there
52380,iProbono,Non-governmental Organization,United Kingdom of Great Britain and Northern Ireland,High income,1,2,0.0,International NGO,rule,home country is high-income (or not a country in the World Bank list)
10371,iheed Institute,Non-governmental Organization,Ireland,High income,1,1,1.0,International NGO,rule,home country is high-income (or not a country in the World Bank list)
9762,imagine1day,Non-governmental Organization,Canada,High income,1,1,1.0,International NGO,rule,home country is high-income (or not a country in the World Bank list)
4561,inProgress,Other,,,1,1,0.0,Other,ReliefWeb type,
52348,mondayERT,Other,Israel,High income,1,4,0.0,Other,ReliefWeb type,
52101,neverthirst,Non-governmental Organization,United States of America,High income,1,0,,International NGO,rule,home country is high-income (or not a country in the World Bank list)
52341,think-ahead,Non-governmental Organization,Switzerland,High income,1,0,,International NGO,rule,home country is high-income (or not a country in the World Bank list)
